Order_ID,Order_Date,Customer_ID,Customer_Segment,Region,City,Category,Product,Quantity,Unit_Price,Discount,Sales,Cost,Profit,Payment_Method
ORD100000,2025-01-01,CUST-00188,Consumer,West,Surat,Electronics,Laptop,1,32200,0.1,28980.0,27562.49,1417.51,Debit Card
ORD100001,2025-01-01,CUST-00476,Corporate,West,Pune,Home & Kitchen,Washing Machine,2,38470,0.15,65399.0,50387.61,15011.39,UPI
ORD100002,2025-01-01,CUST-01088,Consumer,West,Ahmedabad,Fashion,Men's T-Shirt,3,400,0.15,1020.0,501.25,518.75,UPI
ORD100003,2025-01-01,CUST-01309,Corporate,Central,Indore,Electronics,Tablet,1,23670,0.1,21303.0,18002.77,3300.23,Credit Card
ORD100004,2025-01-01,CUST-01702,Small Business,South,Bengaluru,Electronics,Laptop,3,69780,0.1,188406.0,177372.57,11033.43,Debit Card
ORD100005,2025-01-01,CUST-02593,Small Business,North,Delhi,Fashion,Men's T-Shirt,5,410,0.15,1742.5,773.3,969.2,EMI
ORD100006,2025-01-01,CUST-00037,Consumer,West,Ahmedabad,Home & Kitchen,Ceiling Fan,1,1730,0.15,1470.5,1072.75,397.75,Credit Card
ORD100007,2025-01-01,CUST-02667,Consumer,North,Chandigarh,Home & Kitchen,Pressure Cooker,5,3460,0.15,14705.0,9982.63,4722.37,Debit Card
ORD100008,2025-01-01,CUST-01835,Small Business,East,Kolkata,Office,Stationery Kit,3,490,0.1,1323.0,525.81,797.19,UPI
ORD100009,2025-01-01,CUST-02431,Consumer,South,Kochi,Fashion,Women's Kurti,1,2350,0.15,1997.5,858.13,1139.37,Credit Card
ORD100010,2025-01-01,CUST-02432,Small Business,West,Surat,Home & Kitchen,Washing Machine,2,24310,0.15,41327.0,31798.78,9528.22,Credit Card
ORD100011,2025-01-01,CUST-02859,Corporate,North,Delhi,Fashion,Wrist Watch,2,1710,0.15,2907.0,1436.15,1470.85,Credit Card
ORD100012,2025-01-01,CUST-00322,Consumer,North,Lucknow,Fashion,Formal Shirt,4,680,0.15,2312.0,871.55,1440.45,Debit Card
ORD100013,2025-01-01,CUST-01815,Small Business,West,Mumbai,Office,Stationery Kit,3,300,0.1,810.0,375.73,434.27,Debit Card
ORD100014,2025-01-01,CUST-02876,Corporate,West,Pune,Home & Kitchen,Pressure Cooker,3,3500,0.15,8925.0,5706.36,3218.64,Cash on Delivery
ORD100015,2025-01-01,CUST-02305,Corporate,West,Pune,Home & Kitchen,Washing Machine,5,49660,0.15,211055.0,184937.45,26117.55,Credit Card
ORD100016,2025-01-01,CUST-00331,Consumer,West,Mumbai,Office,File Organizer,1,1220,0.1,1098.0,523.17,574.83,Net Banking
ORD100017,2025-01-01,CUST-01956,Small Business,South,Bengaluru,Fashion,Winter Jacket,4,3050,0.15,10370.0,6208.93,4161.07,Credit Card
ORD100018,2025-01-01,CUST-02542,Consumer,South,Coimbatore,Home & Kitchen,Water Purifier,1,18150,0.1,16335.0,12305.47,4029.53,Net Banking
ORD100019,2025-01-01,CUST-00921,Consumer,Central,Indore,Fashion,Formal Shirt,3,1410,0.15,3595.5,1819.46,1776.04,UPI
ORD100020,2025-01-01,CUST-02023,Consumer,West,Mumbai,Electronics,Bluetooth Speaker,2,6160,0.1,11088.0,7847.92,3240.08,Credit Card
ORD100021,2025-01-01,CUST-02665,Consumer,South,Kochi,Electronics,Smartwatch,2,9730,0.1,17514.0,11035.52,6478.48,EMI
ORD100022,2025-01-01,CUST-01640,Small Business,North,Jaipur,Fashion,Wrist Watch,4,1700,0.15,5780.0,3248.93,2531.07,Credit Card
ORD100023,2025-01-01,CUST-00621,Consumer,West,Mumbai,Fashion,Denim Jeans,3,3020,0.15,7701.0,4423.12,3277.88,Credit Card
ORD100024,2025-01-01,CUST-01736,Small Business,South,Bengaluru,Office,Study Table,1,12870,0.1,11583.0,7601.74,3981.26,Cash on Delivery
ORD100025,2025-01-01,CUST-01862,Consumer,West,Nagpur,Electronics,Smartphone,1,43450,0.1,39105.0,37408.94,1696.06,UPI
ORD100026,2025-01-01,CUST-01243,Corporate,North,Jaipur,Fashion,Formal Shirt,5,720,0.15,3060.0,1425.97,1634.03,Cash on Delivery
ORD100027,2025-01-01,CUST-02192,Small Business,North,Lucknow,Fashion,Handbag,5,3940,0.15,16745.0,6006.94,10738.06,Credit Card
ORD100028,2025-01-01,CUST-01353,Small Business,South,Bengaluru,Electronics,LED Television,1,75150,0.1,67635.0,62175.91,5459.09,Credit Card
ORD100029,2025-01-01,CUST-02789,Consumer,East,Ranchi,Fashion,Running Shoes,2,5150,0.15,8755.0,5067.94,3687.06,Cash on Delivery
ORD100030,2025-01-02,CUST-02527,Corporate,South,Bengaluru,Home & Kitchen,Air Fryer,5,6310,0.1,28395.0,17829.27,10565.73,EMI
ORD100031,2025-01-02,CUST-02558,Consumer,West,Surat,Electronics,Tablet,1,10030,0.1,9027.0,7876.96,1150.04,Debit Card
ORD100032,2025-01-02,CUST-01646,Corporate,South,Coimbatore,Home & Kitchen,Mixer Grinder,3,4610,0.1,12447.0,8566.89,3880.11,Cash on Delivery
ORD100033,2025-01-02,CUST-00630,Consumer,East,Bhubaneswar,Electronics,Smartwatch,1,4850,0.1,4365.0,3204.74,1160.26,Debit Card
ORD100034,2025-01-02,CUST-02328,Consumer,South,Chennai,Electronics,Bluetooth Earbuds,1,1260,0.1,1134.0,729.57,404.43,Net Banking
ORD100035,2025-01-02,CUST-00231,Consumer,South,Hyderabad,Office,Laptop Bag,3,1730,0.1,4671.0,2847.33,1823.67,Net Banking
ORD100036,2025-01-02,CUST-01620,Corporate,South,Chennai,Fashion,Handbag,2,4010,0.15,6817.0,2452.92,4364.08,Debit Card
ORD100037,2025-01-02,CUST-00162,Small Business,West,Nagpur,Office,Laptop Bag,3,2290,0.1,6183.0,3383.71,2799.29,Net Banking
ORD100038,2025-01-02,CUST-01655,Small Business,West,Mumbai,Home & Kitchen,Refrigerator,4,34710,0.15,118014.0,102467.83,15546.17,UPI
ORD100039,2025-01-02,CUST-02206,Consumer,South,Hyderabad,Office,Laptop Bag,1,1750,0.1,1575.0,817.69,757.31,Net Banking
ORD100040,2025-01-02,CUST-01305,Consumer,West,Mumbai,Home & Kitchen,Microwave Oven,4,13220,0.15,44948.0,34664.61,10283.39,UPI
ORD100041,2025-01-02,CUST-01296,Consumer,South,Coimbatore,Home & Kitchen,Refrigerator,3,20740,0.1,55998.0,44995.04,11002.96,UPI
ORD100042,2025-01-02,CUST-00394,Consumer,South,Coimbatore,Fashion,Denim Jeans,2,1420,0.15,2414.0,1380.15,1033.85,Debit Card
ORD100043,2025-01-02,CUST-00950,Consumer,West,Pune,Home & Kitchen,Refrigerator,2,35600,0.15,60520.0,52222.53,8297.47,Credit Card
ORD100044,2025-01-02,CUST-01393,Small Business,South,Chennai,Electronics,Smartwatch,1,4970,0.1,4473.0,3264.44,1208.56,Credit Card
ORD100045,2025-01-02,CUST-02744,Consumer,West,Pune,Office,Printer,2,20150,0.1,36270.0,31988.3,4281.7,Credit Card
ORD100046,2025-01-02,CUST-02855,Consumer,North,Jaipur,Electronics,Bluetooth Earbuds,3,4000,0.15,10200.0,8148.36,2051.64,Debit Card
ORD100047,2025-01-02,CUST-03026,Consumer,South,Chennai,Office,Desk Lamp,1,590,0.1,531.0,261.78,269.22,Debit Card
ORD100048,2025-01-02,CUST-00340,Small Business,West,Pune,Electronics,Bluetooth Speaker,1,1340,0.1,1206.0,714.7,491.3,Credit Card
ORD100049,2025-01-02,CUST-00950,Consumer,West,Pune,Electronics,Bluetooth Earbuds,1,4940,0.1,4446.0,2967.36,1478.64,Net Banking
ORD100050,2025-01-02,CUST-01457,Small Business,West,Surat,Fashion,Denim Jeans,4,2530,0.15,8602.0,4936.3,3665.7,Credit Card
ORD100051,2025-01-02,CUST-02062,Consumer,West,Mumbai,Electronics,Power Bank,1,2940,0.1,2646.0,1688.68,957.32,Debit Card
ORD100052,2025-01-02,CUST-02258,Corporate,South,Kochi,Electronics,Laptop,3,32750,0.1,88425.0,80288.89,8136.11,Cash on Delivery
ORD100053,2025-01-02,CUST-02507,Small Business,East,Kolkata,Home & Kitchen,Pressure Cooker,3,3490,0.15,8899.5,6080.12,2819.38,UPI
ORD100054,2025-01-02,CUST-01576,Consumer,South,Chennai,Office,Laptop Bag,2,2320,0.1,4176.0,2549.27,1626.73,UPI
ORD100055,2025-01-02,CUST-01766,Consumer,West,Mumbai,Electronics,Tablet,2,17690,0.1,31842.0,28624.96,3217.04,Credit Card
ORD100056,2025-01-02,CUST-03056,Consumer,North,Jaipur,Fashion,Winter Jacket,1,2340,0.15,1989.0,952.34,1036.66,Credit Card
ORD100057,2025-01-02,CUST-00784,Consumer,East,Bhubaneswar,Electronics,Laptop,2,32940,0.1,59292.0,57631.25,1660.75,Debit Card
ORD100058,2025-01-02,CUST-02555,Consumer,East,Bhubaneswar,Fashion,Winter Jacket,3,5110,0.15,13030.5,6424.82,6605.68,UPI
ORD100059,2025-01-02,CUST-02288,Consumer,West,Nagpur,Electronics,Power Bank,1,1270,0.1,1143.0,740.74,402.26,UPI
ORD100060,2025-01-02,CUST-00449,Small Business,North,Jaipur,Electronics,LED Television,2,77060,0.15,131002.0,120123.97,10878.03,Net Banking
ORD100061,2025-01-02,CUST-02927,Small Business,West,Nagpur,Office,Study Table,2,12950,0.1,23310.0,15570.74,7739.26,Net Banking
ORD100062,2025-01-02,CUST-02718,Corporate,North,Lucknow,Electronics,Bluetooth Speaker,1,3060,0.15,2601.0,1600.58,1000.42,Net Banking
ORD100063,2025-01-03,CUST-02494,Consumer,West,Ahmedabad,Home & Kitchen,Ceiling Fan,2,1680,0.15,2856.0,1985.33,870.67,EMI
ORD100064,2025-01-03,CUST-00397,Corporate,North,Delhi,Electronics,LED Television,2,55100,0.15,93670.0,93470.11,199.89,EMI
ORD100065,2025-01-03,CUST-00448,Small Business,West,Mumbai,Office,Whiteboard,2,990,0.1,1782.0,973.24,808.76,Debit Card
ORD100066,2025-01-03,CUST-02196,Corporate,South,Coimbatore,Fashion,Wrist Watch,1,2440,0.15,2074.0,908.4,1165.6,UPI
ORD100067,2025-01-03,CUST-00356,Corporate,West,Pune,Home & Kitchen,Water Purifier,3,18420,0.15,46971.0,35852.87,11118.13,Net Banking
ORD100068,2025-01-03,CUST-00366,Small Business,Central,Gwalior,Fashion,Women's Kurti,5,610,0.15,2592.5,1372.96,1219.54,EMI
ORD100069,2025-01-03,CUST-01236,Small Business,North,Lucknow,Electronics,Laptop,2,31880,0.15,54196.0,52914.41,1281.59,Credit Card
ORD100070,2025-01-03,CUST-00023,Consumer,East,Bhubaneswar,Home & Kitchen,Ceiling Fan,4,3950,0.15,13430.0,9377.82,4052.18,UPI
ORD100071,2025-01-03,CUST-02314,Consumer,East,Ranchi,Home & Kitchen,Ceiling Fan,4,1320,0.15,4488.0,3550.99,937.01,UPI
ORD100072,2025-01-03,CUST-01694,Consumer,East,Kolkata,Fashion,Handbag,2,1430,0.15,2431.0,948.5,1482.5,Net Banking
ORD100073,2025-01-03,CUST-00266,Consumer,West,Nagpur,Fashion,Men's T-Shirt,3,2470,0.15,6298.5,2734.12,3564.38,Credit Card
ORD100074,2025-01-03,CUST-01708,Corporate,East,Bhubaneswar,Office,Stationery Kit,1,690,0.1,621.0,294.89,326.11,Net Banking
ORD100075,2025-01-03,CUST-00170,Consumer,West,Mumbai,Home & Kitchen,Water Purifier,2,8150,0.15,13855.0,8969.95,4885.05,Cash on Delivery
ORD100076,2025-01-03,CUST-00239,Corporate,West,Not Specified,Home & Kitchen,Washing Machine,3,57350,0.15,146242.5,107594.86,38647.64,Credit Card
ORD100077,2025-01-03,CUST-01544,Consumer,North,Dehradun,Fashion,Formal Shirt,3,700,0.15,1785.0,996.43,788.57,Not Specified
ORD100078,2025-01-03,CUST-01584,Consumer,West,Nagpur,Fashion,Women's Kurti,3,1770,0.15,4513.5,2270.39,2243.11,Debit Card
ORD100079,2025-01-03,CUST-01026,Consumer,South,Kochi,Home & Kitchen,Ceiling Fan,4,2880,0.1,10368.0,6418.87,3949.13,Credit Card
ORD100080,2025-01-03,CUST-01981,Consumer,West,Pune,Home & Kitchen,Ceiling Fan,5,1300,0.15,5525.0,3737.02,1787.98,Credit Card
ORD100081,2025-01-04,CUST-01191,Corporate,East,Kolkata,Home & Kitchen,Ceiling Fan,1,1270,0.15,1079.5,833.56,245.94,Net Banking
ORD100082,2025-01-04,CUST-01862,Consumer,West,Nagpur,Home & Kitchen,Mixer Grinder,4,3220,0.15,10948.0,7488.78,3459.22,Cash on Delivery
ORD100083,2025-01-04,CUST-01075,Corporate,North,Lucknow,Home & Kitchen,Water Purifier,1,14110,0.15,11993.5,9709.0,2284.5,Cash on Delivery
ORD100084,2025-01-04,CUST-02297,Corporate,North,Delhi,Home & Kitchen,Pressure Cooker,2,1010,0.15,1717.0,1152.71,564.29,UPI
ORD100085,2025-01-04,CUST-01841,Small Business,North,Lucknow,Office,File Organizer,2,590,0.1,1062.0,458.17,603.83,UPI
ORD100086,2025-01-04,CUST-00513,Consumer,South,Kochi,Fashion,Running Shoes,2,1800,0.15,3060.0,1533.82,1526.18,UPI
ORD100087,2025-01-04,CUST-02207,Consumer,Central,Jabalpur,Fashion,Women's Kurti,2,1790,0.15,3043.0,1541.12,1501.88,Credit Card
ORD100088,2025-01-04,CUST-02500,Consumer,North,Dehradun,Home & Kitchen,Ceiling Fan,3,1290,0.15,3289.5,2360.98,928.52,Debit Card
ORD100089,2025-01-04,CUST-00218,Consumer,Central,Raipur,Home & Kitchen,Refrigerator,3,27800,0.1,75060.0,54575.3,20484.7,EMI
ORD100090,2025-01-04,CUST-01942,Consumer,West,Surat,Electronics,Bluetooth Speaker,1,1270,0.1,1143.0,807.62,335.38,UPI
ORD100091,2025-01-04,CUST-02520,Small Business,West,Nagpur,Electronics,Bluetooth Speaker,2,3950,0.1,7110.0,3976.25,3133.75,Credit Card
ORD100092,2025-01-04,CUST-00371,Small Business,West,Ahmedabad,Fashion,Handbag,5,1410,0.15,5992.5,2824.6,3167.9,UPI
ORD100093,2025-01-04,CUST-02859,Corporate,North,Delhi,Electronics,Tablet,3,9810,0.15,25015.5,22712.55,2302.95,UPI
ORD100094,2025-01-04,CUST-01288,Consumer,South,Chennai,Electronics,Bluetooth Earbuds,1,2950,0.1,2655.0,1785.03,869.97,Net Banking
ORD100095,2025-01-04,CUST-02372,Consumer,East,Ranchi,Home & Kitchen,Ceiling Fan,2,4070,0.15,6919.0,5463.33,1455.67,UPI
ORD100096,2025-01-04,CUST-02857,Corporate,South,Chennai,Home & Kitchen,Ceiling Fan,3,2830,0.1,7641.0,4700.54,2940.46,UPI
ORD100097,2025-01-04,CUST-03164,Consumer,South,Kochi,Electronics,Smartphone,1,18400,0.1,16560.0,15004.16,1555.84,Credit Card
ORD100098,2025-01-04,CUST-01852,Consumer,West,Nagpur,Electronics,Smartphone,3,18320,0.1,49464.0,45182.94,4281.06,Credit Card
ORD100099,2025-01-04,CUST-02266,Consumer,West,Mumbai,Electronics,Power Bank,3,890,0.1,2403.0,1338.73,1064.27,Credit Card
ORD100100,2025-01-04,CUST-00820,Consumer,West,Ahmedabad,Electronics,Tablet,1,14360,0.1,12924.0,10788.14,2135.86,UPI
ORD100101,2025-01-04,CUST-00950,Consumer,West,Pune,Electronics,Smartphone,3,25310,0.1,68337.0,66209.38,2127.62,Cash on Delivery
ORD100102,2025-01-04,CUST-02703,Small Business,West,Pune,Home & Kitchen,Water Purifier,2,11010,0.15,18717.0,14429.13,4287.87,Debit Card
ORD100103,2025-01-04,CUST-01228,Consumer,North,Jaipur,Fashion,Handbag,3,1370,0.15,3493.5,1641.02,1852.48,Credit Card
ORD100104,2025-01-04,CUST-02616,Corporate,South,Bengaluru,Fashion,Denim Jeans,3,1930,0.15,4921.5,2312.74,2608.76,Credit Card
ORD100105,2025-01-04,CUST-00153,Corporate,North,Dehradun,Electronics,Power Bank,1,890,0.15,756.5,502.72,253.78,Net Banking
ORD100106,2025-01-04,CUST-00715,Corporate,East,Guwahati,Electronics,LED Television,2,74440,0.1,133992.0,118610.52,15381.48,Debit Card
ORD100107,2025-01-04,CUST-00542,Small Business,South,Coimbatore,Fashion,Wrist Watch,1,1670,0.15,1419.5,817.33,602.17,Cash on Delivery
ORD100108,2025-01-04,CUST-01651,Consumer,West,Mumbai,Home & Kitchen,Mixer Grinder,4,4370,0.15,14858.0,11512.68,3345.32,Credit Card
ORD100109,2025-01-04,CUST-00276,Consumer,North,Jaipur,Fashion,Wrist Watch,1,5880,0.15,4998.0,2124.42,2873.58,Net Banking
ORD100110,2025-01-04,CUST-01046,Consumer,East,Ranchi,Home & Kitchen,Washing Machine,3,19480,0.15,49674.0,40115.71,9558.29,EMI
ORD100111,2025-01-04,CUST-03151,Corporate,West,Mumbai,Office,Desk Lamp,1,620,0.1,558.0,289.2,268.8,UPI
ORD100112,2025-01-04,CUST-02532,Consumer,South,Coimbatore,Electronics,Tablet,1,23670,0.1,21303.0,18805.99,2497.01,UPI
ORD100113,2025-01-05,CUST-02447,Consumer,East,Bhubaneswar,Office,Laptop Bag,1,1710,0.1,1539.0,834.37,704.63,UPI
ORD100114,2025-01-05,CUST-00432,Consumer,North,Jaipur,Office,Printer,1,19960,0.1,17964.0,15605.63,2358.37,UPI
ORD100115,2025-01-05,CUST-01122,Consumer,North,Jaipur,Electronics,Tablet,2,14050,0.15,23885.0,22713.83,1171.17,Debit Card
ORD100116,2025-01-05,CUST-02192,Small Business,North,Lucknow,Home & Kitchen,Mixer Grinder,3,1770,0.15,4513.5,3208.02,1305.48,Net Banking
ORD100117,2025-01-05,CUST-00061,Consumer,East,Kolkata,Office,Study Table,2,13080,0.1,23544.0,14238.28,9305.72,Credit Card
ORD100118,2025-01-05,CUST-01355,Small Business,North,Dehradun,Office,Desk Lamp,2,910,0.1,1638.0,822.25,815.75,Debit Card
ORD100119,2025-01-05,CUST-02934,Consumer,North,Dehradun,Home & Kitchen,Refrigerator,3,28620,0.15,72981.0,62394.65,10586.35,Debit Card
ORD100120,2025-01-05,CUST-00285,Small Business,Central,Raipur,Fashion,Women's Kurti,3,910,0.15,2320.5,1012.9,1307.6,Credit Card
ORD100121,2025-01-05,CUST-02867,Consumer,South,Chennai,Electronics,Tablet,1,28930,0.1,26037.0,23954.31,2082.69,Net Banking
ORD100122,2025-01-05,CUST-00622,Consumer,South,Hyderabad,Office,Office Chair,3,14760,0.1,39852.0,27642.76,12209.24,Debit Card
ORD100123,2025-01-05,CUST-00603,Consumer,South,Bengaluru,Fashion,Handbag,3,1940,0.15,4947.0,2023.73,2923.27,UPI
ORD100124,2025-01-05,CUST-00624,Small Business,North,Dehradun,Fashion,Running Shoes,2,4910,0.15,8347.0,5028.59,3318.41,Cash on Delivery
ORD100125,2025-01-05,CUST-02941,Small Business,West,Surat,Fashion,Men's T-Shirt,2,1690,0.15,2873.0,1348.11,1524.89,Cash on Delivery
ORD100126,2025-01-05,CUST-01918,Consumer,Central,Bhopal,Electronics,Power Bank,2,3030,0.1,5454.0,2806.0,2648.0,Cash on Delivery
ORD100127,2025-01-05,CUST-02409,Consumer,Central,Raipur,Fashion,Handbag,2,1990,0.15,3383.0,1403.93,1979.07,UPI
ORD100128,2025-01-05,CUST-01128,Small Business,South,Chennai,Electronics,Tablet,2,14000,0.1,25200.0,22829.38,2370.62,Debit Card
ORD100129,2025-01-05,CUST-02774,Corporate,North,Chandigarh,Electronics,Tablet,1,18180,0.15,15453.0,14846.02,606.98,UPI
ORD100130,2025-01-05,CUST-01845,Corporate,East,Bhubaneswar,Office,Laptop Bag,2,2350,0.1,4230.0,2171.7,2058.3,Cash on Delivery
ORD100131,2025-01-05,CUST-01901,Consumer,West,Pune,Office,File Organizer,3,610,0.1,1647.0,892.11,754.89,Net Banking
ORD100132,2025-01-05,CUST-02415,Consumer,East,Bhubaneswar,Electronics,Laptop,2,59410,0.1,106938.0,100939.34,5998.66,Credit Card
ORD100133,2025-01-05,CUST-02476,Consumer,North,Chandigarh,Office,Desk Lamp,2,880,0.1,1584.0,891.36,692.64,Credit Card
ORD100134,2025-01-05,CUST-02192,Small Business,North,Lucknow,Electronics,Bluetooth Speaker,2,4110,0.15,6987.0,4569.01,2417.99,Credit Card
ORD100135,2025-01-05,CUST-00384,Consumer,South,Kochi,Home & Kitchen,Mixer Grinder,2,4480,0.1,8064.0,5744.41,2319.59,EMI
ORD100136,2025-01-05,CUST-02750,Consumer,South,Hyderabad,Fashion,Men's T-Shirt,2,1220,0.15,2074.0,1031.5,1042.5,Credit Card
ORD100137,2025-01-05,CUST-00855,Corporate,South,Coimbatore,Electronics,Laptop,1,57350,0.1,51615.0,50454.48,1160.52,Debit Card
ORD100138,2025-01-05,CUST-03194,Corporate,Central,Gwalior,Home & Kitchen,Air Fryer,2,8440,0.1,15192.0,11506.96,3685.04,Credit Card
ORD100139,2025-01-05,CUST-01187,Consumer,North,Lucknow,Home & Kitchen,Microwave Oven,4,15990,0.15,54366.0,40656.46,13709.54,UPI
ORD100140,2025-01-05,CUST-00384,Consumer,South,Kochi,Office,Desk Lamp,2,1320,0.1,2376.0,1136.29,1239.71,EMI
ORD100141,2025-01-05,CUST-00974,Corporate,South,Kochi,Fashion,Winter Jacket,4,2270,0.15,7718.0,3958.87,3759.13,Credit Card
ORD100142,2025-01-05,CUST-01818,Consumer,South,Bengaluru,Fashion,Handbag,3,890,0.15,2269.5,1234.49,1035.01,UPI
ORD100143,2025-01-05,CUST-01205,Corporate,South,Chennai,Electronics,Tablet,2,18210,0.1,32778.0,29102.17,3675.83,EMI
ORD100144,2025-01-06,CUST-02636,Consumer,East,Kolkata,Electronics,Tablet,2,18450,0.1,33210.0,29336.45,3873.55,Cash on Delivery
ORD100145,2025-01-06,CUST-02192,Small Business,North,Lucknow,Fashion,Denim Jeans,2,2440,0.15,4148.0,2309.61,1838.39,Cash on Delivery
ORD100146,2025-01-06,CUST-00698,Corporate,Central,Indore,Electronics,Laptop,1,49250,0.1,44325.0,43580.39,744.61,Credit Card
ORD100147,2025-01-06,CUST-01691,Consumer,East,Guwahati,Office,Study Table,3,7900,0.1,21330.0,14397.42,6932.58,Net Banking
ORD100148,2025-01-06,CUST-02516,Small Business,South,Hyderabad,Fashion,Women's Kurti,3,920,0.15,2346.0,1195.42,1150.58,UPI
ORD100149,2025-01-06,CUST-02838,Corporate,East,Bhubaneswar,Home & Kitchen,Ceiling Fan,4,3960,0.15,13464.0,9268.93,4195.07,Credit Card
ORD100150,2025-01-06,CUST-01216,Corporate,West,Surat,Home & Kitchen,Microwave Oven,2,6130,0.15,10421.0,8939.41,1481.59,UPI
ORD100151,2025-01-06,CUST-02918,Corporate,West,Pune,Home & Kitchen,Mixer Grinder,3,3330,0.15,8491.5,6759.61,1731.89,UPI
ORD100152,2025-01-06,CUST-00113,Consumer,West,Ahmedabad,Electronics,Smartwatch,3,2000,0.1,5400.0,3349.34,2050.66,Net Banking
ORD100153,2025-01-06,CUST-02185,Consumer,North,Chandigarh,Fashion,Wrist Watch,5,990,0.15,4207.5,2707.25,1500.25,Credit Card
ORD100154,2025-01-06,CUST-02496,Consumer,East,Bhubaneswar,Office,Whiteboard,2,2180,0.1,3924.0,2238.01,1685.99,UPI
ORD100155,2025-01-06,CUST-01324,Consumer,North,Delhi,Fashion,Wrist Watch,5,4050,0.15,17212.5,7791.26,9421.24,Cash on Delivery
ORD100156,2025-01-06,CUST-00035,Consumer,West,Surat,Fashion,Handbag,3,880,0.15,2244.0,1113.51,1130.49,UPI
ORD100157,2025-01-06,CUST-02207,Consumer,Central,Jabalpur,Electronics,Smartphone,1,18400,0.1,16560.0,15508.86,1051.14,Credit Card
ORD100158,2025-01-06,CUST-01040,Small Business,Central,Bhopal,Home & Kitchen,Refrigerator,1,21480,0.1,19332.0,13377.31,5954.69,Credit Card
ORD100159,2025-01-06,CUST-00480,Corporate,South,Chennai,Electronics,Laptop,1,40570,0.1,36513.0,34098.0,2415.0,UPI
ORD100160,2025-01-06,CUST-00501,Consumer,West,Surat,Home & Kitchen,Pressure Cooker,1,2870,0.15,2439.5,1730.21,709.29,Debit Card
ORD100161,2025-01-06,CUST-02465,Consumer,North,Delhi,Fashion,Women's Kurti,2,2290,0.15,3893.0,1537.45,2355.55,Debit Card
ORD100162,2025-01-06,CUST-00597,Corporate,West,Nagpur,Home & Kitchen,Mixer Grinder,3,1770,0.15,4513.5,3246.1,1267.4,Credit Card
ORD100163,2025-01-07,CUST-01537,Corporate,North,Dehradun,Office,Whiteboard,1,1510,0.1,1359.0,831.44,527.56,UPI
ORD100164,2025-01-07,CUST-03084,Corporate,South,Bengaluru,Fashion,Winter Jacket,5,4880,0.15,20740.0,10976.64,9763.36,Net Banking
ORD100165,2025-01-07,CUST-02441,Small Business,North,Chandigarh,Fashion,Women's Kurti,2,600,0.15,1020.0,456.22,563.78,Net Banking
ORD100166,2025-01-07,CUST-01729,Consumer,East,Ranchi,Office,Desk Lamp,1,910,0.1,819.0,468.69,350.31,Debit Card
ORD100167,2025-01-07,CUST-01655,Small Business,West,Mumbai,Electronics,Tablet,2,18120,0.1,32616.0,28973.79,3642.21,UPI
ORD100168,2025-01-07,CUST-00535,Consumer,East,Ranchi,Electronics,Laptop,1,39320,0.1,35388.0,32417.52,2970.48,UPI
ORD100169,2025-01-07,CUST-01398,Consumer,North,Delhi,Electronics,Laptop,3,59040,0.15,150552.0,147796.42,2755.58,Net Banking
ORD100170,2025-01-07,CUST-00467,Consumer,East,Patna,Fashion,Formal Shirt,3,700,0.15,1785.0,863.92,921.08,UPI
ORD100171,2025-01-07,CUST-00292,Consumer,South,Chennai,Fashion,Running Shoes,2,1280,0.15,2176.0,1271.85,904.15,UPI
ORD100172,2025-01-07,CUST-00361,Consumer,South,Hyderabad,Fashion,Denim Jeans,4,1010,0.15,3434.0,1907.16,1526.84,Credit Card
ORD100173,2025-01-07,CUST-01930,Consumer,North,Lucknow,Office,Stationery Kit,1,1010,0.1,909.0,419.0,490.0,Credit Card
ORD100174,2025-01-07,CUST-00619,Corporate,South,Kochi,Home & Kitchen,Microwave Oven,4,16240,0.1,58464.0,44581.13,13882.87,UPI
ORD100175,2025-01-07,CUST-00476,Corporate,West,Pune,Home & Kitchen,Mixer Grinder,2,3250,0.15,5525.0,3592.82,1932.18,Cash on Delivery
ORD100176,2025-01-07,CUST-02752,Consumer,North,Delhi,Electronics,Laptop,3,39260,0.15,100113.0,96520.06,3592.94,Net Banking
ORD100177,2025-01-07,CUST-00390,Consumer,Central,Bhopal,Electronics,Smartwatch,1,4910,0.1,4419.0,2919.66,1499.34,Debit Card
ORD100178,2025-01-07,CUST-02271,Consumer,Central,Raipur,Electronics,Bluetooth Speaker,3,3980,0.1,10746.0,6399.92,4346.08,Credit Card
ORD100179,2025-01-07,CUST-01296,Consumer,South,Coimbatore,Fashion,Women's Kurti,3,920,0.15,2346.0,850.77,1495.23,Credit Card
ORD100180,2025-01-07,CUST-01841,Small Business,North,Lucknow,Fashion,Women's Kurti,2,900,0.15,1530.0,729.53,800.47,Debit Card
ORD100181,2025-01-07,CUST-00072,Corporate,Central,Raipur,Electronics,LED Television,1,16250,0.1,14625.0,12926.95,1698.05,Debit Card
ORD100182,2025-01-07,CUST-00001,Small Business,East,Guwahati,Home & Kitchen,Washing Machine,5,29240,0.15,124270.0,99441.87,24828.13,UPI
ORD100183,2025-01-07,CUST-02606,Consumer,North,Delhi,Electronics,Tablet,1,29120,0.15,24752.0,21023.74,3728.26,Cash on Delivery
ORD100184,2025-01-07,CUST-01499,Small Business,North,Lucknow,Office,File Organizer,4,1180,0.1,4248.0,2282.95,1965.05,Debit Card
ORD100185,2025-01-07,CUST-00243,Consumer,East,Bhubaneswar,Electronics,Smartwatch,3,14060,0.1,37962.0,27817.61,10144.39,EMI
ORD100186,2025-01-07,CUST-01045,Consumer,East,Ranchi,Office,Desk Lamp,3,1270,0.1,3429.0,1891.96,1537.04,Debit Card
ORD100187,2025-01-08,CUST-01604,Consumer,West,Ahmedabad,Fashion,Denim Jeans,3,1900,0.15,4845.0,2802.71,2042.29,Cash on Delivery
ORD100188,2025-01-08,CUST-00433,Small Business,West,Ahmedabad,Fashion,Running Shoes,4,2510,0.15,8534.0,3914.31,4619.69,Debit Card
ORD100189,2025-01-08,CUST-01723,Consumer,West,Pune,Home & Kitchen,Pressure Cooker,3,2050,0.15,5227.5,3801.13,1426.37,Net Banking
ORD100190,2025-01-08,CUST-01656,Corporate,North,Jaipur,Office,Stationery Kit,4,510,0.1,1836.0,904.81,931.19,UPI
ORD100191,2025-01-08,CUST-01913,Small Business,South,Kochi,Electronics,Bluetooth Speaker,1,1320,0.1,1188.0,759.28,428.72,Net Banking
ORD100192,2025-01-08,CUST-02581,Consumer,South,Bengaluru,Home & Kitchen,Refrigerator,5,27380,0.1,123210.0,90579.81,32630.19,Cash on Delivery
ORD100193,2025-01-08,CUST-01278,Corporate,North,Delhi,Office,File Organizer,2,400,0.1,720.0,381.65,338.35,Cash on Delivery
ORD100194,2025-01-08,CUST-02828,Corporate,South,Kochi,Fashion,Handbag,2,4000,0.15,6800.0,3210.28,3589.72,Net Banking
ORD100195,2025-01-08,CUST-01498,Consumer,South,Bengaluru,Office,Office Chair,1,7970,0.1,7173.0,4686.34,2486.66,Cash on Delivery
ORD100196,2025-01-08,CUST-01437,Small Business,East,Kolkata,Home & Kitchen,Pressure Cooker,2,1530,0.15,2601.0,1858.7,742.3,Cash on Delivery
ORD100197,2025-01-08,CUST-02103,Consumer,East,Ranchi,Electronics,Tablet,3,28920,0.1,78084.0,73549.21,4534.79,UPI
ORD100198,2025-01-08,CUST-01972,Consumer,North,Lucknow,Home & Kitchen,Refrigerator,2,27230,0.15,46291.0,35914.17,10376.83,UPI
ORD100199,2025-01-08,CUST-00035,Consumer,West,Surat,Office,Whiteboard,2,3310,0.1,5958.0,3826.56,2131.44,Credit Card
ORD100200,2025-01-08,CUST-03139,Consumer,West,Mumbai,Electronics,Smartwatch,1,10130,0.1,9117.0,6400.25,2716.75,Credit Card
ORD100201,2025-01-08,CUST-02989,Consumer,West,Nagpur,Electronics,Laptop,1,50200,0.1,45180.0,41667.24,3512.76,UPI
ORD100202,2025-01-08,CUST-00940,Consumer,West,Nagpur,Office,Office Chair,4,8210,0.1,29556.0,18737.51,10818.49,Credit Card
ORD100203,2025-01-08,CUST-01767,Consumer,East,Ranchi,Electronics,Bluetooth Speaker,1,5900,0.1,5310.0,3366.26,1943.74,Credit Card
ORD100204,2025-01-08,CUST-02467,Consumer,North,Chandigarh,Home & Kitchen,Mixer Grinder,1,2490,0.15,2116.5,1457.29,659.21,Net Banking
ORD100205,2025-01-08,CUST-02910,Corporate,West,Nagpur,Home & Kitchen,Refrigerator,2,21100,0.15,35870.0,28678.42,7191.58,Cash on Delivery
ORD100206,2025-01-08,CUST-01858,Consumer,West,Mumbai,Fashion,Women's Kurti,2,1770,0.15,3009.0,1399.29,1609.71,UPI
ORD100207,2025-01-08,CUST-00050,Consumer,South,Kochi,Home & Kitchen,Air Fryer,3,4900,0.1,13230.0,10287.02,2942.98,UPI
ORD100208,2025-01-08,CUST-02192,Small Business,North,Lucknow,Office,Whiteboard,2,1470,0.1,2646.0,1590.32,1055.68,Net Banking
ORD100209,2025-01-08,CUST-00321,Small Business,North,Dehradun,Home & Kitchen,Refrigerator,2,44110,0.15,74987.0,63751.29,11235.71,Cash on Delivery
ORD100210,2025-01-09,CUST-02158,Consumer,South,Chennai,Fashion,Running Shoes,1,5040,0.15,4284.0,2438.37,1845.63,UPI
ORD100211,2025-01-09,CUST-01862,Consumer,West,Nagpur,Electronics,LED Television,2,22620,0.1,40716.0,36227.31,4488.69,UPI
ORD100212,2025-01-09,CUST-02054,Small Business,South,Bengaluru,Electronics,Power Bank,1,1820,0.1,1638.0,828.02,809.98,Net Banking
ORD100213,2025-01-09,CUST-00604,Corporate,West,Surat,Electronics,Laptop,1,32450,0.1,29205.0,26366.58,2838.42,Credit Card
ORD100214,2025-01-09,CUST-01564,Small Business,North,Dehradun,Electronics,Bluetooth Speaker,1,2050,0.15,1742.5,1032.1,710.4,UPI
ORD100215,2025-01-09,CUST-01972,Consumer,North,Lucknow,Electronics,Tablet,3,10150,0.15,25882.5,24368.35,1514.15,UPI
ORD100216,2025-01-09,CUST-00950,Consumer,West,Pune,Office,Stationery Kit,2,980,0.1,1764.0,811.94,952.06,Debit Card
ORD100217,2025-01-09,CUST-00572,Consumer,East,Kolkata,Fashion,Formal Shirt,2,1920,0.15,3264.0,1645.09,1618.91,Credit Card
ORD100218,2025-01-09,CUST-00727,Consumer,North,Delhi,Fashion,Handbag,1,900,0.15,765.0,365.82,399.18,Cash on Delivery
ORD100219,2025-01-09,CUST-02729,Consumer,North,Dehradun,Home & Kitchen,Water Purifier,4,10970,0.15,37298.0,25275.64,12022.36,Cash on Delivery
ORD100220,2025-01-09,CUST-01460,Small Business,West,Pune,Home & Kitchen,Washing Machine,2,59420,0.15,101014.0,73705.86,27308.14,Credit Card
ORD100221,2025-01-09,CUST-02118,Corporate,North,Jaipur,Home & Kitchen,Air Fryer,5,4080,0.15,17340.0,12790.21,4549.79,Credit Card
ORD100222,2025-01-09,CUST-01614,Consumer,North,Lucknow,Electronics,Bluetooth Speaker,3,2060,0.15,5253.0,3576.44,1676.56,Cash on Delivery
ORD100223,2025-01-09,CUST-02655,Corporate,West,Ahmedabad,Electronics,Tablet,3,10120,0.1,27324.0,21911.75,5412.25,Not Specified
ORD100224,2025-01-09,CUST-01604,Consumer,West,Ahmedabad,Electronics,Smartwatch,2,6920,0.1,12456.0,8915.9,3540.1,Credit Card
ORD100225,2025-01-09,CUST-00321,Small Business,North,Dehradun,Electronics,Laptop,2,58170,0.15,98889.0,100264.26,-1375.26,Debit Card
ORD100226,2025-01-09,CUST-00638,Small Business,South,Bengaluru,Electronics,Smartphone,2,49840,0.1,89712.0,82103.9,7608.1,Debit Card
ORD100227,2025-01-09,CUST-00036,Consumer,West,Surat,Electronics,Laptop,1,59130,0.1,53217.0,51410.44,1806.56,UPI
ORD100228,2025-01-09,CUST-02649,Consumer,East,Patna,Fashion,Formal Shirt,5,690,0.15,2932.5,1290.17,1642.33,UPI
ORD100229,2025-01-09,CUST-02128,Consumer,South,Bengaluru,Electronics,Tablet,2,18060,0.1,32508.0,27917.05,4590.95,Debit Card
ORD100230,2025-01-09,CUST-02444,Consumer,South,Coimbatore,Home & Kitchen,Air Fryer,5,3960,0.1,17820.0,13352.49,4467.51,UPI
ORD100231,2025-01-10,CUST-02297,Corporate,North,Delhi,Fashion,Women's Kurti,3,2310,0.15,5890.5,3090.61,2799.89,Credit Card
ORD100232,2025-01-10,CUST-02623,Consumer,South,Hyderabad,Electronics,Smartwatch,1,7090,0.1,6381.0,4557.06,1823.94,Credit Card
ORD100233,2025-01-10,CUST-03154,Consumer,North,Delhi,Electronics,Bluetooth Speaker,3,6070,0.15,15478.5,9555.75,5922.75,Credit Card
ORD100234,2025-01-10,CUST-02100,Small Business,West,Ahmedabad,Fashion,Winter Jacket,3,2330,0.15,5941.5,2933.96,3007.54,EMI
ORD100235,2025-01-10,CUST-00821,Consumer,Central,Bhopal,Office,File Organizer,1,600,0.1,540.0,290.53,249.47,Credit Card
ORD100236,2025-01-10,CUST-00340,Small Business,West,Pune,Office,Stationery Kit,1,300,0.1,270.0,120.58,149.42,Debit Card
ORD100237,2025-01-10,CUST-01868,Consumer,East,Ranchi,Electronics,LED Television,1,39430,0.1,35487.0,30035.69,5451.31,UPI
ORD100238,2025-01-10,CUST-02467,Consumer,North,Chandigarh,Fashion,Women's Kurti,2,880,0.15,1496.0,789.76,706.24,UPI
ORD100239,2025-01-10,CUST-01773,Small Business,South,Coimbatore,Home & Kitchen,Washing Machine,1,23340,0.1,21006.0,15552.29,5453.71,Credit Card
ORD100240,2025-01-10,CUST-00950,Consumer,West,Pune,Fashion,Winter Jacket,3,3950,0.15,10072.5,6159.15,3913.35,UPI
ORD100241,2025-01-10,CUST-02307,Consumer,South,Coimbatore,Home & Kitchen,Washing Machine,3,58250,0.1,157275.0,113087.52,44187.48,Credit Card
ORD100242,2025-01-10,CUST-01403,Small Business,North,Chandigarh,Home & Kitchen,Water Purifier,5,17800,0.15,75650.0,51688.71,23961.29,UPI
ORD100243,2025-01-10,CUST-00950,Consumer,West,Pune,Fashion,Winter Jacket,5,4990,0.15,21207.5,12873.84,8333.66,Credit Card
ORD100244,2025-01-10,CUST-02667,Consumer,North,Chandigarh,Office,Study Table,1,13140,0.1,11826.0,7591.26,4234.74,EMI
ORD100245,2025-01-10,CUST-01831,Consumer,West,Pune,Fashion,Denim Jeans,2,1940,0.15,3298.0,1742.14,1555.86,Credit Card
ORD100246,2025-01-10,CUST-00945,Consumer,East,Ranchi,Home & Kitchen,Mixer Grinder,2,2490,0.15,4233.0,3292.54,940.46,Debit Card
ORD100247,2025-01-10,CUST-01003,Small Business,West,Ahmedabad,Office,Study Table,1,13390,0.1,12051.0,7412.46,4638.54,Credit Card
ORD100248,2025-01-11,CUST-01815,Small Business,West,Mumbai,Office,Desk Lamp,2,1330,0.1,2394.0,1162.34,1231.66,Credit Card
ORD100249,2025-01-11,CUST-01317,Consumer,South,Kochi,Office,Stationery Kit,2,710,0.1,1278.0,532.47,745.53,Credit Card
ORD100250,2025-01-11,CUST-00513,Consumer,South,Kochi,Office,File Organizer,1,1190,0.1,1071.0,420.68,650.32,UPI
ORD100251,2025-01-11,CUST-01943,Corporate,Central,Raipur,Office,Study Table,2,9870,0.1,17766.0,12166.73,5599.27,Net Banking
ORD100252,2025-01-11,CUST-02210,Consumer,North,Lucknow,Fashion,Winter Jacket,4,4990,0.15,16966.0,10637.85,6328.15,UPI
ORD100253,2025-01-11,CUST-00001,Small Business,East,Guwahati,Office,Printer,2,20500,0.1,36900.0,28759.87,8140.13,Credit Card
ORD100254,2025-01-11,CUST-01684,Consumer,South,Bengaluru,Office,Desk Lamp,4,1840,0.1,6624.0,3625.85,2998.15,Credit Card
ORD100255,2025-01-11,CUST-01835,Small Business,East,Kolkata,Fashion,Running Shoes,3,3540,0.15,9027.0,4971.73,4055.27,UPI
ORD100256,2025-01-11,CUST-01018,Consumer,West,Ahmedabad,Home & Kitchen,Ceiling Fan,3,3970,0.15,10123.5,7888.02,2235.48,UPI
ORD100257,2025-01-11,CUST-01026,Consumer,South,Kochi,Home & Kitchen,Water Purifier,5,8110,0.1,36495.0,22485.11,14009.89,Debit Card
ORD100258,2025-01-11,CUST-00983,Consumer,South,Bengaluru,Home & Kitchen,Refrigerator,2,43730,0.1,78714.0,63339.49,15374.51,Credit Card
ORD100259,2025-01-11,CUST-01397,Small Business,North,Dehradun,Office,Office Chair,2,6110,0.1,10998.0,6175.06,4822.94,Cash on Delivery
ORD100260,2025-01-11,CUST-02587,Corporate,East,Patna,Office,Study Table,3,5930,0.1,16011.0,10970.31,5040.69,Debit Card
ORD100261,2025-01-11,CUST-01481,Consumer,East,Kolkata,Fashion,Winter Jacket,5,5070,0.15,21547.5,11429.35,10118.15,Credit Card
ORD100262,2025-01-11,CUST-03186,Consumer,North,Lucknow,Electronics,Bluetooth Earbuds,3,5100,0.15,13005.0,9125.66,3879.34,UPI
ORD100263,2025-01-11,CUST-01154,Consumer,South,Bengaluru,Electronics,Bluetooth Earbuds,3,3050,0.1,8235.0,5627.35,2607.65,UPI
ORD100264,2025-01-11,CUST-02247,Small Business,West,Mumbai,Electronics,Laptop,2,68750,0.1,123750.0,123158.88,591.12,Debit Card
ORD100265,2025-01-11,CUST-01735,Consumer,West,Pune,Home & Kitchen,Mixer Grinder,1,5940,0.15,5049.0,3958.59,1090.41,Net Banking
ORD100266,2025-01-11,CUST-02448,Consumer,East,Patna,Home & Kitchen,Microwave Oven,2,9860,0.15,16762.0,12356.53,4405.47,UPI
ORD100267,2025-01-11,CUST-02826,Consumer,West,Mumbai,Fashion,Denim Jeans,1,980,0.15,833.0,365.38,467.62,Credit Card
ORD100268,2025-01-11,CUST-01605,Small Business,West,Nagpur,Office,Stationery Kit,3,980,0.1,2646.0,1402.47,1243.53,UPI
ORD100269,2025-01-11,CUST-01570,Consumer,Central,Gwalior,Home & Kitchen,Washing Machine,1,38340,0.1,34506.0,24532.04,9973.96,Net Banking
ORD100270,2025-01-11,CUST-02989,Consumer,West,Nagpur,Fashion,Handbag,5,890,0.15,3782.5,2132.78,1649.72,Credit Card
ORD100271,2025-01-11,CUST-02950,Consumer,East,Ranchi,Electronics,LED Television,2,29500,0.1,53100.0,49439.44,3660.56,Cash on Delivery
ORD100272,2025-01-11,CUST-03195,Small Business,West,Nagpur,Electronics,Bluetooth Speaker,1,3030,0.1,2727.0,1799.69,927.31,Credit Card
ORD100273,2025-01-11,CUST-00498,Consumer,West,Pune,Fashion,Running Shoes,3,2510,0.15,6400.5,3770.01,2630.49,Credit Card
ORD100274,2025-01-11,CUST-00019,Consumer,East,Ranchi,Home & Kitchen,Mixer Grinder,3,3330,0.15,8491.5,6198.01,2293.49,Credit Card
ORD100275,2025-01-12,CUST-01365,Consumer,North,Dehradun,Fashion,Running Shoes,1,5000,0.15,4250.0,1908.29,2341.71,Credit Card
ORD100276,2025-01-12,CUST-02358,Consumer,East,Bhubaneswar,Fashion,Handbag,1,3090,0.15,2626.5,1469.34,1157.16,EMI
ORD100277,2025-01-12,CUST-00247,Consumer,North,Dehradun,Electronics,Power Bank,1,2960,0.15,2516.0,1363.53,1152.47,Cash on Delivery
ORD100278,2025-01-12,CUST-01149,Consumer,North,Dehradun,Office,Study Table,1,10230,0.1,9207.0,5791.03,3415.97,UPI
ORD100279,2025-01-12,CUST-01843,Consumer,South,Coimbatore,Office,File Organizer,3,590,0.1,1593.0,653.64,939.36,Net Banking
ORD100280,2025-01-12,CUST-00698,Corporate,Central,Indore,Home & Kitchen,Microwave Oven,5,10300,0.1,46350.0,38237.12,8112.88,Debit Card
ORD100281,2025-01-12,CUST-02346,Corporate,North,Delhi,Home & Kitchen,Air Fryer,5,5100,0.15,21675.0,15129.15,6545.85,Cash on Delivery
ORD100282,2025-01-12,CUST-00753,Consumer,South,Hyderabad,Fashion,Denim Jeans,3,1010,0.15,2575.5,1304.4,1271.1,Credit Card
ORD100283,2025-01-12,CUST-02666,Consumer,East,Ranchi,Electronics,Smartwatch,1,14210,0.1,12789.0,8314.76,4474.24,Debit Card
ORD100284,2025-01-12,CUST-01070,Consumer,South,Hyderabad,Fashion,Handbag,5,1380,0.15,5865.0,3163.19,2701.81,EMI
ORD100285,2025-01-12,CUST-01898,Consumer,South,Chennai,Fashion,Formal Shirt,1,700,0.15,595.0,270.77,324.23,Credit Card
ORD100286,2025-01-12,CUST-01711,Small Business,West,Ahmedabad,Fashion,Women's Kurti,3,1780,0.15,4539.0,2006.9,2532.1,Credit Card
ORD100287,2025-01-12,CUST-00950,Consumer,West,Pune,Office,Whiteboard,2,970,0.1,1746.0,912.18,833.82,Debit Card
ORD100288,2025-01-12,CUST-01373,Small Business,North,Delhi,Fashion,Handbag,1,1950,0.15,1657.5,724.07,933.43,Credit Card
ORD100289,2025-01-12,CUST-02685,Consumer,West,Surat,Fashion,Women's Kurti,3,1320,0.15,3366.0,1641.13,1724.87,Debit Card
ORD100290,2025-01-12,CUST-01735,Consumer,West,Pune,Fashion,Formal Shirt,3,700,0.15,1785.0,911.54,873.46,Credit Card
ORD100291,2025-01-12,CUST-00179,Consumer,North,Jaipur,Home & Kitchen,Washing Machine,5,29770,0.15,126522.5,91537.45,34985.05,Cash on Delivery
ORD100292,2025-01-12,CUST-02292,Consumer,Central,Jabalpur,Fashion,Running Shoes,1,2470,0.15,2099.5,1157.36,942.14,Cash on Delivery
ORD100293,2025-01-12,CUST-00578,Consumer,West,Mumbai,Home & Kitchen,Air Fryer,3,11170,0.15,28483.5,22691.92,5791.58,UPI
ORD100294,2025-01-12,CUST-01544,Consumer,North,Dehradun,Home & Kitchen,Air Fryer,1,3950,0.15,3357.5,2641.34,716.16,Cash on Delivery
ORD100295,2025-01-12,CUST-01477,Consumer,West,Pune,Fashion,Wrist Watch,1,1660,0.15,1411.0,662.11,748.89,Credit Card
ORD100296,2025-01-12,CUST-01544,Consumer,North,Dehradun,Fashion,Winter Jacket,1,3920,0.15,3332.0,1604.88,1727.12,Net Banking
ORD100297,2025-01-12,CUST-00098,Consumer,South,Kochi,Fashion,Women's Kurti,2,600,0.15,1020.0,413.46,606.54,Credit Card
ORD100298,2025-01-12,CUST-00911,Consumer,West,Mumbai,Office,Laptop Bag,1,1180,0.1,1062.0,478.08,583.92,Cash on Delivery
ORD100299,2025-01-12,CUST-00154,Consumer,South,Coimbatore,Home & Kitchen,Washing Machine,3,19070,0.1,51489.0,36506.48,14982.52,Credit Card
ORD100300,2025-01-12,CUST-01290,Consumer,North,Dehradun,Fashion,Winter Jacket,5,5070,0.15,21547.5,12917.91,8629.59,UPI
ORD100301,2025-01-12,CUST-01980,Corporate,North,Jaipur,Electronics,Bluetooth Earbuds,1,3940,0.15,3349.0,2300.68,1048.32,Cash on Delivery
ORD100302,2025-01-12,CUST-02100,Small Business,West,Ahmedabad,Fashion,Handbag,5,1370,0.15,5822.5,2325.5,3497.0,UPI
ORD100303,2025-01-13,CUST-00209,Consumer,East,Bhubaneswar,Fashion,Men's T-Shirt,2,1180,0.15,2006.0,937.23,1068.77,EMI
ORD100304,2025-01-13,CUST-00384,Consumer,South,Kochi,Electronics,Tablet,2,23220,0.1,41796.0,37616.34,4179.66,Credit Card
ORD100305,2025-01-13,CUST-02123,Consumer,North,Delhi,Office,Stationery Kit,1,1000,0.1,900.0,447.96,452.04,Cash on Delivery
ORD100306,2025-01-13,CUST-01660,Consumer,South,Bengaluru,Fashion,Denim Jeans,5,3030,0.15,12877.5,7161.88,5715.62,Net Banking
ORD100307,2025-01-13,CUST-02654,Corporate,North,Delhi,Fashion,Handbag,4,870,0.15,2958.0,1628.29,1329.71,Cash on Delivery
ORD100308,2025-01-13,CUST-00669,Corporate,South,Bengaluru,Home & Kitchen,Water Purifier,3,5930,0.1,16011.0,10470.37,5540.63,Not Specified
ORD100309,2025-01-13,CUST-00384,Consumer,South,Kochi,Office,Printer,3,9930,0.1,26811.0,23722.03,3088.97,Cash on Delivery
ORD100310,2025-01-13,CUST-01113,Corporate,West,Surat,Home & Kitchen,Mixer Grinder,3,2530,0.15,6451.5,4327.62,2123.88,Debit Card
ORD100311,2025-01-13,CUST-02040,Small Business,East,Guwahati,Home & Kitchen,Air Fryer,2,11280,0.15,19176.0,15298.81,3877.19,Not Specified
ORD100312,2025-01-13,CUST-01544,Consumer,North,Dehradun,Electronics,Bluetooth Earbuds,1,1310,0.15,1113.5,818.82,294.68,UPI
ORD100313,2025-01-13,CUST-00339,Corporate,East,Guwahati,Electronics,Power Bank,1,910,0.1,819.0,475.85,343.15,UPI
ORD100314,2025-01-13,CUST-00243,Consumer,East,Bhubaneswar,Fashion,Formal Shirt,5,1890,0.15,8032.5,3897.95,4134.55,Cash on Delivery
ORD100315,2025-01-13,CUST-02187,Consumer,East,Kolkata,Electronics,Laptop,1,49200,0.1,44280.0,41032.78,3247.22,Cash on Delivery
ORD100316,2025-01-13,CUST-00950,Consumer,West,Pune,Home & Kitchen,Washing Machine,5,19420,0.15,82535.0,65449.78,17085.22,UPI
ORD100317,2025-01-13,CUST-02153,Corporate,West,Nagpur,Home & Kitchen,Ceiling Fan,5,3890,0.15,16532.5,11646.07,4886.43,Cash on Delivery
ORD100318,2025-01-13,CUST-00950,Consumer,West,Pune,Fashion,Handbag,5,880,0.15,3740.0,1874.5,1865.5,UPI
ORD100319,2025-01-14,CUST-00970,Small Business,West,Mumbai,Electronics,Tablet,2,23260,0.1,41868.0,34442.6,7425.4,Credit Card
ORD100320,2025-01-14,CUST-00688,Small Business,North,Lucknow,Fashion,Men's T-Shirt,2,390,0.15,663.0,336.96,326.04,UPI
ORD100321,2025-01-14,CUST-03140,Corporate,West,Ahmedabad,Office,Whiteboard,2,1540,0.1,2772.0,1772.87,999.13,Debit Card
ORD100322,2025-01-14,CUST-00047,Corporate,East,Kolkata,Fashion,Running Shoes,2,1300,0.15,2210.0,1273.36,936.64,UPI
ORD100323,2025-01-14,CUST-00397,Corporate,North,Delhi,Office,Laptop Bag,4,2950,0.1,10620.0,5840.03,4779.97,Net Banking
ORD100324,2025-01-14,CUST-02662,Consumer,South,Coimbatore,Fashion,Denim Jeans,4,3000,0.15,10200.0,5048.88,5151.12,Credit Card
ORD100325,2025-01-14,CUST-00443,Consumer,East,Guwahati,Electronics,Bluetooth Earbuds,2,1310,0.1,2358.0,1586.55,771.45,Credit Card
ORD100326,2025-01-14,CUST-00936,Consumer,North,Dehradun,Fashion,Running Shoes,4,2500,0.15,8500.0,5190.87,3309.13,Cash on Delivery
ORD100327,2025-01-14,CUST-00863,Consumer,East,Patna,Fashion,Running Shoes,3,2560,0.15,6528.0,3169.0,3359.0,UPI
ORD100328,2025-01-14,CUST-02238,Consumer,West,Surat,Electronics,Smartphone,2,24750,0.1,44550.0,40842.79,3707.21,UPI
ORD100329,2025-01-14,CUST-01273,Consumer,Central,Jabalpur,Fashion,Denim Jeans,1,1000,0.15,850.0,390.66,459.34,UPI
ORD100330,2025-01-14,CUST-02666,Consumer,East,Ranchi,Electronics,Tablet,1,22650,0.1,20385.0,18709.26,1675.74,Credit Card
ORD100331,2025-01-14,CUST-02394,Corporate,South,Hyderabad,Electronics,Tablet,2,28250,0.1,50850.0,46681.92,4168.08,Net Banking
ORD100332,2025-01-14,CUST-01659,Corporate,West,Mumbai,Fashion,Running Shoes,2,1820,0.15,3094.0,1472.98,1621.02,Net Banking
ORD100333,2025-01-14,CUST-00809,Consumer,North,Chandigarh,Fashion,Denim Jeans,5,1430,0.15,6077.5,2798.31,3279.19,UPI
ORD100334,2025-01-14,CUST-02528,Consumer,South,Hyderabad,Fashion,Running Shoes,4,4890,0.15,16626.0,9624.47,7001.53,UPI
ORD100335,2025-01-14,CUST-02750,Consumer,South,Hyderabad,Electronics,Bluetooth Earbuds,2,2000,0.1,3600.0,2534.56,1065.44,UPI
ORD100336,2025-01-14,CUST-02662,Consumer,South,Coimbatore,Fashion,Wrist Watch,1,2490,0.15,2116.5,896.03,1220.47,Credit Card
ORD100337,2025-01-14,CUST-00160,Consumer,South,Coimbatore,Office,Whiteboard,1,1030,0.1,927.0,520.47,406.53,UPI
ORD100338,2025-01-14,CUST-02243,Consumer,North,Delhi,Electronics,Laptop,2,41010,0.15,69717.0,70235.9,-518.9,UPI
ORD100339,2025-01-14,CUST-02264,Corporate,West,Nagpur,Fashion,Winter Jacket,2,3930,0.15,6681.0,3088.39,3592.61,Credit Card
ORD100340,2025-01-14,CUST-02990,Consumer,South,Coimbatore,Fashion,Winter Jacket,2,3970,0.15,6749.0,3044.22,3704.78,Debit Card
ORD100341,2025-01-14,CUST-00866,Small Business,South,Chennai,Home & Kitchen,Refrigerator,2,70520,0.1,126936.0,99594.12,27341.88,UPI
ORD100342,2025-01-14,CUST-02509,Consumer,South,Bengaluru,Electronics,Smartwatch,2,13920,0.1,25056.0,17500.77,7555.23,UPI
ORD100343,2025-01-14,CUST-02210,Consumer,North,Lucknow,Home & Kitchen,Washing Machine,4,38680,0.15,131512.0,107157.59,24354.41,Debit Card
ORD100344,2025-01-14,CUST-02796,Consumer,West,Ahmedabad,Fashion,Formal Shirt,2,1860,0.15,3162.0,1781.25,1380.75,EMI
ORD100345,2025-01-14,CUST-02229,Consumer,West,Nagpur,Fashion,Running Shoes,3,3420,0.15,8721.0,5049.36,3671.64,UPI
ORD100346,2025-01-14,CUST-02709,Consumer,South,Bengaluru,Fashion,Wrist Watch,5,2560,0.15,10880.0,6973.44,3906.56,Net Banking
ORD100347,2025-01-15,CUST-01107,Corporate,Central,Raipur,Electronics,Bluetooth Speaker,1,3980,0.1,3582.0,2167.55,1414.45,Debit Card
ORD100348,2025-01-15,CUST-00503,Small Business,East,Ranchi,Fashion,Denim Jeans,1,2980,0.15,2533.0,1382.33,1150.67,Debit Card
ORD100349,2025-01-15,CUST-01118,Small Business,Central,Bhopal,Electronics,Smartwatch,2,2010,0.1,3618.0,2273.75,1344.25,Credit Card
ORD100350,2025-01-15,CUST-02598,Small Business,West,Surat,Office,Stationery Kit,4,300,0.1,1080.0,516.65,563.35,EMI
ORD100351,2025-01-15,CUST-00412,Consumer,North,Dehradun,Fashion,Running Shoes,4,1330,0.15,4522.0,2256.22,2265.78,Net Banking
ORD100352,2025-01-15,CUST-02043,Consumer,South,Coimbatore,Office,Desk Lamp,2,1810,0.1,3258.0,1512.8,1745.2,UPI
ORD100353,2025-01-15,CUST-03159,Consumer,North,Jaipur,Home & Kitchen,Washing Machine,2,30360,0.15,51612.0,43607.09,8004.91,UPI
ORD100354,2025-01-15,CUST-02848,Corporate,West,Pune,Office,Desk Lamp,2,590,0.1,1062.0,504.52,557.48,UPI
ORD100355,2025-01-15,CUST-02158,Consumer,South,Chennai,Office,Desk Lamp,4,1320,0.1,4752.0,2249.65,2502.35,UPI
ORD100356,2025-01-15,CUST-02528,Consumer,South,Hyderabad,Electronics,Laptop,1,41130,0.1,37017.0,35975.23,1041.77,UPI
ORD100357,2025-01-15,CUST-00382,Small Business,West,Pune,Fashion,Women's Kurti,1,2240,0.15,1904.0,764.83,1139.17,Cash on Delivery
ORD100358,2025-01-15,CUST-01582,Consumer,North,Dehradun,Home & Kitchen,Mixer Grinder,5,4440,0.15,18870.0,14176.96,4693.04,Credit Card
ORD100359,2025-01-15,CUST-01662,Consumer,South,Hyderabad,Home & Kitchen,Ceiling Fan,5,2260,0.1,10170.0,7679.0,2491.0,Credit Card
ORD100360,2025-01-15,CUST-02496,Consumer,East,Bhubaneswar,Electronics,Bluetooth Earbuds,2,1960,0.1,3528.0,2367.98,1160.02,Debit Card
ORD100361,2025-01-15,CUST-00944,Consumer,Central,Raipur,Fashion,Running Shoes,3,1850,0.15,4717.5,2155.3,2562.2,UPI
ORD100362,2025-01-15,CUST-00353,Small Business,South,Bengaluru,Home & Kitchen,Washing Machine,3,37960,0.1,102492.0,71041.92,31450.08,Debit Card
ORD100363,2025-01-16,CUST-02244,Corporate,South,Bengaluru,Office,Desk Lamp,2,900,0.05,1710.0,738.9,971.1,Credit Card
ORD100364,2025-01-16,CUST-01560,Consumer,West,Pune,Electronics,Bluetooth Speaker,1,3020,0.05,2869.0,1799.2,1069.8,UPI
ORD100365,2025-01-16,CUST-02671,Small Business,West,Pune,Office,Whiteboard,1,1010,0.05,959.5,489.17,470.33,Net Banking
ORD100366,2025-01-16,CUST-01529,Consumer,East,Bhubaneswar,Office,Laptop Bag,2,800,0.05,1520.0,708.75,811.25,Credit Card
ORD100367,2025-01-16,CUST-02685,Consumer,West,Surat,Home & Kitchen,Pressure Cooker,2,970,0.1,1746.0,1149.07,596.93,Debit Card
ORD100368,2025-01-16,CUST-01604,Consumer,West,Ahmedabad,Electronics,Laptop,1,87030,0.05,82678.5,74081.99,8596.51,UPI
ORD100369,2025-01-16,CUST-02496,Consumer,East,Bhubaneswar,Electronics,Bluetooth Speaker,3,4090,0.05,11656.5,7498.7,4157.8,Credit Card
ORD100370,2025-01-16,CUST-02309,Consumer,East,Kolkata,Fashion,Wrist Watch,5,3880,0.1,17460.0,9423.2,8036.8,Net Banking
ORD100371,2025-01-16,CUST-00881,Small Business,West,Pune,Fashion,Denim Jeans,4,970,0.1,3492.0,1493.77,1998.23,UPI
ORD100372,2025-01-16,CUST-00956,Consumer,North,Dehradun,Fashion,Denim Jeans,4,1390,0.1,5004.0,2309.9,2694.1,Credit Card
ORD100373,2025-01-16,CUST-02857,Corporate,South,Chennai,Home & Kitchen,Air Fryer,1,8420,0.05,7999.0,4631.17,3367.83,UPI
ORD100374,2025-01-16,CUST-00756,Consumer,East,Kolkata,Home & Kitchen,Mixer Grinder,3,5930,0.1,16011.0,10269.88,5741.12,UPI
ORD100375,2025-01-16,CUST-02239,Consumer,North,Chandigarh,Office,Laptop Bag,2,1210,0.05,2299.0,1288.13,1010.87,Debit Card
ORD100376,2025-01-16,CUST-00468,Consumer,East,Ranchi,Electronics,LED Television,1,55820,0.05,53029.0,45308.06,7720.94,Credit Card
ORD100377,2025-01-16,CUST-02427,Consumer,East,Patna,Fashion,Formal Shirt,3,1380,0.1,3726.0,1541.72,2184.28,Credit Card
ORD100378,2025-01-16,CUST-00728,Consumer,South,Kochi,Home & Kitchen,Washing Machine,3,59410,0.05,169318.5,114762.05,54556.45,Debit Card
ORD100379,2025-01-16,CUST-01885,Consumer,East,Bhubaneswar,Electronics,Tablet,1,18200,0.05,17290.0,13529.22,3760.78,Cash on Delivery
ORD100380,2025-01-16,CUST-01784,Small Business,West,Mumbai,Fashion,Winter Jacket,2,3990,0.1,7182.0,3825.07,3356.93,UPI
ORD100381,2025-01-16,CUST-00659,Corporate,South,Chennai,Office,File Organizer,2,400,0.05,760.0,361.19,398.81,UPI
ORD100382,2025-01-16,CUST-01557,Consumer,West,Nagpur,Home & Kitchen,Microwave Oven,4,10180,0.1,36648.0,29429.83,7218.17,Cash on Delivery
ORD100383,2025-01-17,CUST-02797,Small Business,West,Mumbai,Office,Printer,3,7080,0.05,20178.0,15768.43,4409.57,UPI
ORD100384,2025-01-17,CUST-02192,Small Business,North,Lucknow,Fashion,Formal Shirt,5,1360,0.1,6120.0,2338.05,3781.95,Debit Card
ORD100385,2025-01-17,CUST-03185,Corporate,West,Pune,Fashion,Handbag,5,3930,0.1,17685.0,6500.56,11184.44,Credit Card
ORD100386,2025-01-17,CUST-02501,Consumer,East,Kolkata,Fashion,Wrist Watch,1,1010,0.1,909.0,503.03,405.97,UPI
ORD100387,2025-01-17,CUST-02069,Small Business,North,Dehradun,Electronics,Bluetooth Speaker,2,1310,0.1,2358.0,1694.75,663.25,UPI
ORD100388,2025-01-17,CUST-01780,Consumer,North,Lucknow,Fashion,Denim Jeans,4,2930,0.1,10548.0,4914.51,5633.49,Debit Card
ORD100389,2025-01-17,CUST-02964,Consumer,North,Dehradun,Fashion,Winter Jacket,4,4100,0.1,14760.0,6696.66,8063.34,Net Banking
ORD100390,2025-01-17,CUST-01651,Consumer,West,Mumbai,Electronics,Power Bank,1,1300,0.05,1235.0,656.23,578.77,UPI
ORD100391,2025-01-17,CUST-01243,Corporate,North,Jaipur,Electronics,LED Television,1,21510,0.1,19359.0,16694.27,2664.73,Cash on Delivery
ORD100392,2025-01-17,CUST-02655,Corporate,West,Ahmedabad,Electronics,Tablet,2,28560,0.05,54264.0,42370.71,11893.29,UPI
ORD100393,2025-01-17,CUST-02980,Consumer,South,Kochi,Home & Kitchen,Air Fryer,2,6440,0.05,12236.0,7871.78,4364.22,Net Banking
ORD100394,2025-01-17,CUST-01517,Consumer,West,Surat,Fashion,Wrist Watch,3,990,0.1,2673.0,1629.63,1043.37,UPI
ORD100395,2025-01-17,CUST-00439,Small Business,South,Chennai,Fashion,Denim Jeans,3,2570,0.1,6939.0,2823.89,4115.11,Net Banking
ORD100396,2025-01-17,CUST-01941,Small Business,West,Pune,Home & Kitchen,Mixer Grinder,3,2540,0.1,6858.0,4360.75,2497.25,UPI
ORD100397,2025-01-17,CUST-02382,Consumer,West,Ahmedabad,Fashion,Denim Jeans,2,1010,0.1,1818.0,907.07,910.93,Net Banking
ORD100398,2025-01-17,CUST-01149,Consumer,North,Dehradun,Fashion,Formal Shirt,2,970,0.1,1746.0,644.01,1101.99,UPI
ORD100399,2025-01-17,CUST-02395,Consumer,South,Hyderabad,Home & Kitchen,Water Purifier,4,5840,0.05,22192.0,14977.09,7214.91,UPI
ORD100400,2025-01-17,CUST-01659,Corporate,West,Mumbai,Home & Kitchen,Water Purifier,2,14210,0.1,25578.0,18015.83,7562.17,Not Specified
ORD100401,2025-01-17,CUST-00950,Consumer,West,Pune,Fashion,Men's T-Shirt,5,780,0.1,3510.0,1517.52,1992.48,UPI
ORD100402,2025-01-17,CUST-02011,Consumer,North,Chandigarh,Fashion,Men's T-Shirt,3,1200,0.1,3240.0,1606.06,1633.94,Net Banking
ORD100403,2025-01-17,CUST-01198,Consumer,North,Dehradun,Office,File Organizer,1,620,0.05,589.0,245.38,343.62,UPI
ORD100404,2025-01-17,CUST-02511,Corporate,North,Chandigarh,Fashion,Formal Shirt,2,710,0.1,1278.0,578.91,699.09,UPI
ORD100405,2025-01-17,CUST-00016,Corporate,West,Mumbai,Electronics,Smartphone,3,50050,0.05,142642.5,122003.55,20638.95,Net Banking
ORD100406,2025-01-18,CUST-02607,Corporate,South,Kochi,Office,Office Chair,2,7850,0.05,14915.0,8695.39,6219.61,UPI
ORD100407,2025-01-18,CUST-00955,Consumer,East,Kolkata,Electronics,Bluetooth Speaker,1,2050,0.05,1947.5,1316.1,631.4,Credit Card
ORD100408,2025-01-18,CUST-03048,Small Business,North,Lucknow,Home & Kitchen,Pressure Cooker,5,3510,0.1,15795.0,10811.45,4983.55,UPI
ORD100409,2025-01-18,CUST-02444,Consumer,South,Coimbatore,Electronics,Tablet,2,18220,0.05,34618.0,27117.69,7500.31,UPI
ORD100410,2025-01-18,CUST-00786,Corporate,West,Ahmedabad,Home & Kitchen,Air Fryer,3,6650,0.1,17955.0,12430.21,5524.79,Debit Card
ORD100411,2025-01-18,CUST-03126,Consumer,West,Ahmedabad,Home & Kitchen,Water Purifier,1,17920,0.1,16128.0,11038.4,5089.6,Cash on Delivery
ORD100412,2025-01-18,CUST-01584,Consumer,West,Nagpur,Office,Desk Lamp,2,610,0.05,1159.0,490.97,668.03,Credit Card
ORD100413,2025-01-18,CUST-01636,Consumer,West,Ahmedabad,Office,Stationery Kit,2,300,0.05,570.0,260.91,309.09,Debit Card
ORD100414,2025-01-18,CUST-02876,Corporate,West,Pune,Fashion,Winter Jacket,2,3070,0.1,5526.0,2533.0,2993.0,Credit Card
ORD100415,2025-01-18,CUST-02906,Consumer,West,Nagpur,Home & Kitchen,Air Fryer,3,4050,0.1,10935.0,7119.51,3815.49,Debit Card
ORD100416,2025-01-18,CUST-02238,Consumer,West,Surat,Office,Laptop Bag,2,1710,0.05,3249.0,1747.46,1501.54,Credit Card
ORD100417,2025-01-18,CUST-03123,Consumer,North,Jaipur,Home & Kitchen,Ceiling Fan,2,3970,0.1,7146.0,4857.5,2288.5,Credit Card
ORD100418,2025-01-18,CUST-01003,Small Business,West,Ahmedabad,Electronics,Tablet,2,23120,0.05,43928.0,34863.57,9064.43,Debit Card
ORD100419,2025-01-18,CUST-00760,Consumer,West,Surat,Fashion,Women's Kurti,4,600,0.1,2160.0,1084.88,1075.12,UPI
ORD100420,2025-01-18,CUST-00098,Consumer,South,Kochi,Home & Kitchen,Refrigerator,5,34590,0.05,164302.5,126650.42,37652.08,UPI
ORD100421,2025-01-18,CUST-01061,Small Business,Central,Bhopal,Electronics,Bluetooth Speaker,3,3920,0.05,11172.0,7517.43,3654.57,UPI
ORD100422,2025-01-18,CUST-01913,Small Business,South,Kochi,Fashion,Denim Jeans,5,1000,0.1,4500.0,2073.31,2426.69,Cash on Delivery
ORD100423,2025-01-18,CUST-00951,Consumer,West,Nagpur,Electronics,Laptop,2,48120,0.05,91428.0,82861.17,8566.83,UPI
ORD100424,2025-01-18,CUST-01842,Corporate,North,Dehradun,Home & Kitchen,Air Fryer,3,8690,0.1,23463.0,15282.11,8180.89,UPI
ORD100425,2025-01-19,CUST-00147,Corporate,South,Coimbatore,Electronics,Bluetooth Speaker,2,1270,0.05,2413.0,1574.86,838.14,EMI
ORD100426,2025-01-19,CUST-01087,Small Business,West,Pune,Electronics,Smartwatch,1,3500,0.05,3325.0,2148.62,1176.38,UPI
ORD100427,2025-01-19,CUST-02395,Consumer,South,Hyderabad,Office,Laptop Bag,3,2940,0.05,8379.0,3533.87,4845.13,Net Banking
ORD100428,2025-01-19,CUST-00348,Consumer,West,Nagpur,Electronics,LED Television,1,75130,0.05,71373.5,62146.46,9227.04,Cash on Delivery
ORD100429,2025-01-19,CUST-02297,Corporate,North,Delhi,Home & Kitchen,Microwave Oven,3,9800,0.1,26460.0,21009.07,5450.93,Debit Card
ORD100430,2025-01-19,CUST-02448,Consumer,East,Patna,Fashion,Handbag,1,1970,0.1,1773.0,635.04,1137.96,Credit Card
ORD100431,2025-01-19,CUST-01802,Consumer,South,Hyderabad,Fashion,Formal Shirt,5,1900,0.1,8550.0,4421.48,4128.52,EMI
ORD100432,2025-01-19,CUST-02820,Consumer,South,Chennai,Electronics,Smartphone,3,32600,0.05,92910.0,81116.08,11793.92,UPI
ORD100433,2025-01-19,CUST-03028,Small Business,Central,Bhopal,Electronics,Power Bank,2,1750,0.05,3325.0,1774.02,1550.98,Cash on Delivery
ORD100434,2025-01-19,CUST-00108,Consumer,West,Pune,Electronics,Laptop,1,70740,0.05,67203.0,57389.36,9813.64,UPI
ORD100435,2025-01-19,CUST-02190,Corporate,West,Mumbai,Office,Printer,3,19850,0.05,56572.5,46450.52,10121.98,UPI
ORD100436,2025-01-19,CUST-00782,Small Business,Central,Bhopal,Electronics,Bluetooth Earbuds,2,2030,0.05,3857.0,2624.33,1232.67,UPI
ORD100437,2025-01-19,CUST-01262,Consumer,West,Ahmedabad,Home & Kitchen,Air Fryer,4,6470,0.1,23292.0,15046.43,8245.57,Debit Card
ORD100438,2025-01-19,CUST-01982,Consumer,Central,Jabalpur,Electronics,Smartphone,1,13090,0.05,12435.5,11235.75,1199.75,UPI
ORD100439,2025-01-19,CUST-02288,Consumer,West,Nagpur,Electronics,LED Television,2,40480,0.05,76912.0,64066.59,12845.41,Credit Card
ORD100440,2025-01-19,CUST-02665,Consumer,South,Kochi,Electronics,Bluetooth Speaker,1,3080,0.05,2926.0,1802.4,1123.6,UPI
ORD100441,2025-01-19,CUST-02269,Consumer,North,Jaipur,Fashion,Men's T-Shirt,4,2410,0.1,8676.0,3009.32,5666.68,Credit Card
ORD100442,2025-01-19,CUST-02492,Consumer,South,Hyderabad,Electronics,Bluetooth Earbuds,1,3050,0.05,2897.5,1884.93,1012.57,Credit Card
ORD100443,2025-01-19,CUST-01898,Consumer,South,Chennai,Office,Printer,1,5010,0.05,4759.5,3425.31,1334.19,UPI
ORD100444,2025-01-19,CUST-00383,Consumer,East,Kolkata,Electronics,Smartwatch,1,9720,0.05,9234.0,5969.54,3264.46,Cash on Delivery
ORD100445,2025-01-19,CUST-00059,Consumer,West,Nagpur,Electronics,Bluetooth Speaker,1,3040,0.05,2888.0,1692.91,1195.09,Credit Card
ORD100446,2025-01-19,CUST-01659,Corporate,West,Mumbai,Home & Kitchen,Ceiling Fan,1,2860,0.1,2574.0,1799.08,774.92,Debit Card
ORD100447,2025-01-19,CUST-02297,Corporate,North,Delhi,Home & Kitchen,Refrigerator,3,35470,0.1,95769.0,77650.01,18118.99,UPI
ORD100448,2025-01-19,CUST-00361,Consumer,South,Hyderabad,Electronics,LED Television,1,15670,0.05,14886.5,12405.15,2481.35,Credit Card
ORD100449,2025-01-19,CUST-01339,Consumer,North,Dehradun,Office,File Organizer,4,400,0.05,1520.0,670.04,849.96,UPI
ORD100450,2025-01-19,CUST-00836,Consumer,North,Lucknow,Fashion,Men's T-Shirt,2,780,0.1,1404.0,570.63,833.37,UPI
ORD100451,2025-01-19,CUST-01793,Corporate,South,Coimbatore,Home & Kitchen,Water Purifier,3,7910,0.05,22543.5,13873.07,8670.43,UPI
ORD100452,2025-01-20,CUST-01199,Consumer,South,Coimbatore,Fashion,Wrist Watch,3,1650,0.1,4455.0,2532.7,1922.3,Credit Card
ORD100453,2025-01-20,CUST-00652,Consumer,West,Pune,Office,Desk Lamp,2,880,0.05,1672.0,840.65,831.35,UPI
ORD100454,2025-01-20,CUST-00022,Corporate,North,Delhi,Fashion,Winter Jacket,3,4960,0.1,13392.0,5979.58,7412.42,Cash on Delivery
ORD100455,2025-01-20,CUST-00988,Consumer,North,Dehradun,Electronics,Laptop,3,57450,0.1,155115.0,150852.08,4262.92,UPI
ORD100456,2025-01-20,CUST-01614,Consumer,North,Lucknow,Electronics,Bluetooth Speaker,3,1270,0.1,3429.0,1993.61,1435.39,Debit Card
ORD100457,2025-01-20,CUST-02935,Consumer,Central,Bhopal,Fashion,Men's T-Shirt,2,810,0.1,1458.0,673.02,784.98,EMI
ORD100458,2025-01-20,CUST-00747,Consumer,East,Bhubaneswar,Fashion,Women's Kurti,2,920,0.1,1656.0,859.01,796.99,Debit Card
ORD100459,2025-01-20,CUST-01607,Consumer,North,Chandigarh,Home & Kitchen,Microwave Oven,5,15980,0.1,71910.0,51755.37,20154.63,EMI
ORD100460,2025-01-20,CUST-01791,Consumer,North,Lucknow,Office,Office Chair,2,4390,0.05,8341.0,4786.53,3554.47,Debit Card
ORD100461,2025-01-20,CUST-02086,Consumer,Central,Indore,Electronics,Bluetooth Speaker,1,3040,0.05,2888.0,1966.56,921.44,Credit Card
ORD100462,2025-01-20,CUST-01003,Small Business,West,Ahmedabad,Electronics,Smartphone,1,12770,0.05,12131.5,10495.85,1635.65,EMI
ORD100463,2025-01-20,CUST-00340,Small Business,West,Pune,Office,Whiteboard,2,3200,0.05,6080.0,3689.49,2390.51,UPI
ORD100464,2025-01-20,CUST-02910,Corporate,West,Nagpur,Office,Study Table,1,7900,0.05,7505.0,4372.94,3132.06,Debit Card
ORD100465,2025-01-20,CUST-03024,Small Business,East,Patna,Fashion,Formal Shirt,2,1000,0.1,1800.0,769.58,1030.42,Cash on Delivery
ORD100466,2025-01-20,CUST-01368,Small Business,West,Surat,Office,Whiteboard,2,2260,0.05,4294.0,2085.69,2208.31,UPI
ORD100467,2025-01-20,CUST-01843,Consumer,South,Coimbatore,Office,Laptop Bag,2,1740,0.05,3306.0,1631.46,1674.54,UPI
ORD100468,2025-01-21,CUST-00098,Consumer,South,Kochi,Fashion,Wrist Watch,5,2490,0.1,11205.0,5961.08,5243.92,Credit Card
ORD100469,2025-01-21,CUST-00147,Corporate,South,Coimbatore,Home & Kitchen,Water Purifier,2,18360,0.05,34884.0,21738.81,13145.19,Debit Card
ORD100470,2025-01-21,CUST-00258,Corporate,West,Nagpur,Fashion,Men's T-Shirt,3,400,0.1,1080.0,474.17,605.83,Credit Card
ORD100471,2025-01-21,CUST-02373,Consumer,Central,Jabalpur,Electronics,Smartwatch,1,5060,0.05,4807.0,3137.95,1669.05,Credit Card
ORD100472,2025-01-21,CUST-00746,Corporate,South,Coimbatore,Electronics,Tablet,1,14140,0.05,13433.0,11235.94,2197.06,Credit Card
ORD100473,2025-01-21,CUST-00585,Consumer,East,Kolkata,Fashion,Winter Jacket,3,1730,0.1,4671.0,2166.91,2504.09,Debit Card
ORD100474,2025-01-21,CUST-00030,Consumer,West,Ahmedabad,Electronics,Smartwatch,2,1950,0.05,3705.0,2308.9,1396.1,UPI
ORD100475,2025-01-21,CUST-00068,Small Business,South,Coimbatore,Electronics,Smartphone,1,41810,0.05,39719.5,34048.19,5671.31,Cash on Delivery
ORD100476,2025-01-21,CUST-01250,Consumer,South,Chennai,Fashion,Running Shoes,4,1290,0.1,4644.0,2112.04,2531.96,Credit Card
ORD100477,2025-01-21,CUST-01701,Consumer,South,Chennai,Fashion,Formal Shirt,3,1920,0.1,5184.0,2284.5,2899.5,UPI
ORD100478,2025-01-21,CUST-01841,Small Business,North,Lucknow,Electronics,LED Television,1,75880,0.1,68292.0,63839.37,4452.63,Credit Card
ORD100479,2025-01-21,CUST-01438,Consumer,West,Pune,Electronics,Tablet,2,9800,0.05,18620.0,15809.46,2810.54,Credit Card
ORD100480,2025-01-21,CUST-01443,Consumer,West,Ahmedabad,Electronics,Laptop,1,31790,0.05,30200.5,25975.28,4225.22,UPI
ORD100481,2025-01-22,CUST-02420,Consumer,West,Pune,Fashion,Denim Jeans,4,1020,0.1,3672.0,1846.69,1825.31,Credit Card
ORD100482,2025-01-22,CUST-00950,Consumer,West,Pune,Fashion,Denim Jeans,2,1370,0.1,2466.0,1312.52,1153.48,Credit Card
ORD100483,2025-01-22,CUST-00782,Small Business,Central,Bhopal,Electronics,Smartphone,2,32520,0.05,61788.0,53510.77,8277.23,Debit Card
ORD100484,2025-01-22,CUST-02718,Corporate,North,Lucknow,Home & Kitchen,Mixer Grinder,2,4610,0.1,8298.0,5863.74,2434.26,Cash on Delivery
ORD100485,2025-01-22,CUST-02211,Consumer,Central,Gwalior,Fashion,Women's Kurti,4,2360,0.1,8496.0,3926.08,4569.92,UPI
ORD100486,2025-01-22,CUST-01506,Consumer,West,Pune,Electronics,Smartphone,1,33720,0.05,32034.0,27401.99,4632.01,UPI
ORD100487,2025-01-22,CUST-00924,Small Business,North,Jaipur,Fashion,Men's T-Shirt,4,1700,0.1,6120.0,2568.66,3551.34,Debit Card
ORD100488,2025-01-22,CUST-00439,Small Business,South,Chennai,Fashion,Winter Jacket,3,3900,0.1,10530.0,6090.49,4439.51,Credit Card
ORD100489,2025-01-22,CUST-00115,Consumer,South,Chennai,Electronics,Smartphone,1,9080,0.05,8626.0,7192.91,1433.09,Credit Card
ORD100490,2025-01-22,CUST-02708,Consumer,East,Ranchi,Electronics,Bluetooth Earbuds,2,6020,0.05,11438.0,7924.14,3513.86,Net Banking
ORD100491,2025-01-22,CUST-01884,Consumer,West,Mumbai,Fashion,Wrist Watch,1,1740,0.1,1566.0,916.85,649.15,Cash on Delivery
ORD100492,2025-01-22,CUST-00143,Corporate,South,Kochi,Office,Laptop Bag,2,1700,0.05,3230.0,1416.17,1813.83,Net Banking
ORD100493,2025-01-22,CUST-00508,Consumer,South,Bengaluru,Home & Kitchen,Water Purifier,3,17880,0.05,50958.0,34782.0,16176.0,Cash on Delivery
ORD100494,2025-01-22,CUST-00933,Small Business,North,Delhi,Electronics,Tablet,1,14140,0.1,12726.0,11379.43,1346.57,Debit Card
ORD100495,2025-01-22,CUST-00865,Consumer,South,Hyderabad,Electronics,Power Bank,1,2350,0.05,2232.5,1184.98,1047.52,Credit Card
ORD100496,2025-01-23,CUST-01735,Consumer,West,Pune,Fashion,Women's Kurti,2,890,0.1,1602.0,679.8,922.2,Debit Card
ORD100497,2025-01-23,CUST-01230,Small Business,North,Dehradun,Fashion,Wrist Watch,5,5880,0.1,26460.0,11012.67,15447.33,Credit Card
ORD100498,2025-01-23,CUST-02806,Consumer,North,Dehradun,Office,File Organizer,4,800,0.05,3040.0,1261.67,1778.33,EMI
ORD100499,2025-01-23,CUST-02306,Consumer,Central,Gwalior,Fashion,Formal Shirt,3,710,0.1,1917.0,905.68,1011.32,UPI
ORD100500,2025-01-23,CUST-02880,Corporate,North,Delhi,Electronics,Tablet,3,10280,0.1,27756.0,23824.56,3931.44,Cash on Delivery
ORD100501,2025-01-23,CUST-02740,Small Business,West,Pune,Electronics,Power Bank,1,2930,0.05,2783.5,1706.76,1076.74,UPI
ORD100502,2025-01-23,CUST-02910,Corporate,West,Nagpur,Electronics,Power Bank,1,890,0.05,845.5,431.99,413.51,Net Banking
ORD100503,2025-01-23,CUST-03133,Consumer,Central,Raipur,Office,Laptop Bag,1,1740,0.05,1653.0,909.48,743.52,Cash on Delivery
ORD100504,2025-01-23,CUST-00966,Consumer,South,Coimbatore,Electronics,Smartwatch,1,14070,0.05,13366.5,9329.08,4037.42,UPI
ORD100505,2025-01-23,CUST-00688,Small Business,North,Lucknow,Home & Kitchen,Refrigerator,3,20990,0.1,56673.0,39232.82,17440.18,Cash on Delivery
ORD100506,2025-01-23,CUST-00530,Consumer,East,Bhubaneswar,Electronics,Bluetooth Speaker,1,6070,0.05,5766.5,3528.69,2237.81,EMI
ORD100507,2025-01-23,CUST-02006,Consumer,North,Jaipur,Office,Office Chair,1,5880,0.05,5586.0,3075.51,2510.49,Net Banking
ORD100508,2025-01-23,CUST-02192,Small Business,North,Lucknow,Electronics,Laptop,1,31790,0.1,28611.0,26411.96,2199.04,Net Banking
ORD100509,2025-01-23,CUST-00303,Small Business,West,Surat,Electronics,Bluetooth Speaker,2,3010,0.05,5719.0,3826.47,1892.53,Debit Card
ORD100510,2025-01-23,CUST-02614,Consumer,West,Nagpur,Electronics,Tablet,1,17460,0.05,16587.0,14775.92,1811.08,Credit Card
ORD100511,2025-01-23,CUST-02496,Consumer,East,Bhubaneswar,Office,Study Table,1,8180,0.05,7771.0,5181.29,2589.71,Debit Card
ORD100512,2025-01-24,CUST-02008,Consumer,North,Jaipur,Electronics,Tablet,1,29690,0.1,26721.0,25005.55,1715.45,Cash on Delivery
ORD100513,2025-01-24,CUST-01360,Corporate,North,Delhi,Electronics,Laptop,1,58420,0.1,52578.0,49646.64,2931.36,Cash on Delivery
ORD100514,2025-01-24,CUST-00487,Consumer,South,Bengaluru,Office,Study Table,4,4510,0.05,17138.0,10238.78,6899.22,Debit Card
ORD100515,2025-01-24,CUST-01602,Consumer,West,Pune,Home & Kitchen,Pressure Cooker,2,2770,0.1,4986.0,3360.59,1625.41,UPI
ORD100516,2025-01-24,CUST-00510,Consumer,North,Lucknow,Fashion,Handbag,5,4080,0.1,18360.0,7236.37,11123.63,Debit Card
ORD100517,2025-01-24,CUST-01924,Consumer,South,Hyderabad,Home & Kitchen,Ceiling Fan,2,2720,0.05,5168.0,3251.21,1916.79,Credit Card
ORD100518,2025-01-24,CUST-00959,Consumer,Central,Gwalior,Office,Laptop Bag,2,2240,0.05,4256.0,2142.57,2113.43,Credit Card
ORD100519,2025-01-24,CUST-00800,Consumer,East,Patna,Electronics,Bluetooth Earbuds,3,4100,0.05,11685.0,8469.31,3215.69,Credit Card
ORD100520,2025-01-24,CUST-01381,Consumer,North,Dehradun,Office,Printer,1,14010,0.05,13309.5,9808.99,3500.51,UPI
ORD100521,2025-01-24,CUST-01843,Consumer,South,Coimbatore,Office,Office Chair,2,20580,0.05,39102.0,24077.15,15024.85,UPI
ORD100522,2025-01-24,CUST-01135,Consumer,North,Dehradun,Fashion,Women's Kurti,1,610,0.1,549.0,204.66,344.34,Credit Card
ORD100523,2025-01-24,CUST-03066,Consumer,Central,Gwalior,Home & Kitchen,Mixer Grinder,3,2430,0.05,6925.5,4713.6,2211.9,UPI
ORD100524,2025-01-24,CUST-00025,Consumer,North,Chandigarh,Home & Kitchen,Air Fryer,1,8350,0.1,7515.0,4600.26,2914.74,UPI
ORD100525,2025-01-24,CUST-02889,Consumer,West,Ahmedabad,Home & Kitchen,Air Fryer,2,4860,0.1,8748.0,6329.08,2418.92,Net Banking
ORD100526,2025-01-25,CUST-00004,Consumer,West,Surat,Office,Study Table,4,13000,0.05,49400.0,30569.75,18830.25,Net Banking
ORD100527,2025-01-25,CUST-00709,Corporate,North,Delhi,Fashion,Formal Shirt,5,1010,0.1,4545.0,1864.95,2680.05,Net Banking
ORD100528,2025-01-25,CUST-03195,Small Business,West,Nagpur,Electronics,Laptop,1,84180,0.05,79971.0,72607.84,7363.16,UPI
ORD100529,2025-01-25,CUST-02331,Consumer,West,Ahmedabad,Home & Kitchen,Ceiling Fan,2,1690,0.1,3042.0,1901.41,1140.59,Net Banking
ORD100530,2025-01-25,CUST-02070,Consumer,West,Surat,Office,Office Chair,3,4580,0.05,13053.0,7070.52,5982.48,EMI
ORD100531,2025-01-25,CUST-02331,Consumer,West,Ahmedabad,Electronics,Bluetooth Speaker,3,4010,0.05,11428.5,7742.42,3686.08,UPI
ORD100532,2025-01-25,CUST-01263,Consumer,South,Bengaluru,Fashion,Handbag,4,4050,0.1,14580.0,6739.03,7840.97,Debit Card
ORD100533,2025-01-25,CUST-02500,Consumer,North,Dehradun,Electronics,LED Television,1,29430,0.1,26487.0,22592.78,3894.22,Cash on Delivery
ORD100534,2025-01-25,CUST-00492,Consumer,Central,Raipur,Fashion,Winter Jacket,3,2930,0.1,7911.0,3355.54,4555.46,UPI
ORD100535,2025-01-25,CUST-02532,Consumer,South,Coimbatore,Home & Kitchen,Water Purifier,1,18320,0.05,17404.0,11038.95,6365.05,Net Banking
ORD100536,2025-01-25,CUST-02975,Consumer,South,Coimbatore,Electronics,Smartphone,1,17980,0.05,17081.0,15527.92,1553.08,UPI
ORD100537,2025-01-25,CUST-02726,Consumer,West,Pune,Home & Kitchen,Ceiling Fan,2,1320,0.1,2376.0,1772.28,603.72,UPI
ORD100538,2025-01-25,CUST-02378,Consumer,East,Bhubaneswar,Electronics,Laptop,2,71600,0.05,136040.0,121164.2,14875.8,Net Banking
ORD100539,2025-01-25,CUST-02094,Corporate,South,Coimbatore,Electronics,Tablet,3,29600,0.05,84360.0,74177.06,10182.94,Cash on Delivery
ORD100540,2025-01-25,CUST-01631,Consumer,South,Hyderabad,Office,Stationery Kit,1,310,0.05,294.5,125.2,169.3,Credit Card
ORD100541,2025-01-25,CUST-01217,Corporate,South,Chennai,Electronics,Laptop,1,59020,0.05,56069.0,48093.42,7975.58,Credit Card
ORD100542,2025-01-26,CUST-02750,Consumer,South,Hyderabad,Fashion,Wrist Watch,2,4020,0.1,7236.0,4074.58,3161.42,Debit Card
ORD100543,2025-01-26,CUST-02081,Consumer,West,Surat,Electronics,Tablet,2,17960,0.05,34124.0,26208.18,7915.82,Cash on Delivery
ORD100544,2025-01-26,CUST-01357,Small Business,West,Pune,Electronics,Laptop,1,82610,0.05,78479.5,68463.65,10015.85,Cash on Delivery
ORD100545,2025-01-26,CUST-02502,Small Business,South,Chennai,Office,File Organizer,1,580,0.05,551.0,255.48,295.52,UPI
ORD100546,2025-01-26,CUST-00170,Consumer,West,Mumbai,Electronics,Bluetooth Earbuds,1,6050,0.05,5747.5,3772.65,1974.85,Not Specified
ORD100547,2025-01-26,CUST-02590,Consumer,North,Chandigarh,Home & Kitchen,Refrigerator,1,34730,0.1,31257.0,22607.27,8649.73,EMI
ORD100548,2025-01-26,CUST-02582,Corporate,West,Pune,Electronics,Power Bank,2,2300,0.05,4370.0,2217.83,2152.17,Cash on Delivery
ORD100549,2025-01-26,CUST-00750,Small Business,Central,Raipur,Office,Desk Lamp,1,1280,0.05,1216.0,697.02,518.98,Credit Card
ORD100550,2025-01-26,CUST-00115,Consumer,South,Chennai,Office,Laptop Bag,1,2960,0.05,2812.0,1346.74,1465.26,Debit Card
ORD100551,2025-01-26,CUST-02294,Consumer,Central,Gwalior,Fashion,Women's Kurti,4,600,0.1,2160.0,1067.98,1092.02,UPI
ORD100552,2025-01-26,CUST-00644,Consumer,South,Coimbatore,Fashion,Men's T-Shirt,2,390,0.1,702.0,339.48,362.52,Credit Card
ORD100553,2025-01-26,CUST-03193,Small Business,South,Bengaluru,Electronics,Bluetooth Earbuds,2,2020,0.05,3838.0,2513.69,1324.31,UPI
ORD100554,2025-01-26,CUST-00033,Small Business,North,Jaipur,Fashion,Wrist Watch,3,990,0.1,2673.0,1421.4,1251.6,Cash on Delivery
ORD100555,2025-01-26,CUST-00754,Consumer,North,Chandigarh,Electronics,Laptop,1,40950,0.1,36855.0,35086.1,1768.9,Net Banking
ORD100556,2025-01-26,CUST-00128,Small Business,South,Chennai,Office,Stationery Kit,2,710,0.05,1349.0,696.83,652.17,Debit Card
ORD100557,2025-01-26,CUST-02496,Consumer,East,Bhubaneswar,Electronics,Smartwatch,2,6830,0.05,12977.0,8582.82,4394.18,UPI
ORD100558,2025-01-26,CUST-01841,Small Business,North,Lucknow,Home & Kitchen,Air Fryer,3,6520,0.1,17604.0,11492.52,6111.48,UPI
ORD100559,2025-01-26,CUST-02696,Consumer,East,Kolkata,Fashion,Handbag,3,920,0.1,2484.0,1002.83,1481.17,Debit Card
ORD100560,2025-01-26,CUST-03065,Corporate,South,Bengaluru,Office,Office Chair,2,14840,0.05,28196.0,18752.35,9443.65,Credit Card
ORD100561,2025-01-26,CUST-01942,Consumer,West,Surat,Electronics,Smartwatch,2,9810,0.05,18639.0,12503.96,6135.04,EMI
ORD100562,2025-01-26,CUST-00758,Consumer,West,Surat,Office,Whiteboard,2,2250,0.05,4275.0,2581.14,1693.86,Cash on Delivery
ORD100563,2025-01-26,CUST-00321,Small Business,North,Dehradun,Office,Desk Lamp,1,1270,0.05,1206.5,516.38,690.12,Debit Card
ORD100564,2025-01-26,CUST-02750,Consumer,South,Hyderabad,Office,Desk Lamp,3,1840,0.05,5244.0,2637.63,2606.37,Credit Card
ORD100565,2025-01-27,CUST-00790,Consumer,South,Coimbatore,Home & Kitchen,Water Purifier,1,6100,0.05,5795.0,3956.6,1838.4,UPI
ORD100566,2025-01-27,CUST-02843,Consumer,West,Nagpur,Home & Kitchen,Washing Machine,1,38660,0.1,34794.0,24665.58,10128.42,Net Banking
ORD100567,2025-01-27,CUST-02793,Consumer,Central,Bhopal,Electronics,Power Bank,1,900,0.05,855.0,513.67,341.33,Cash on Delivery
ORD100568,2025-01-27,CUST-02005,Consumer,West,Surat,Electronics,Power Bank,3,2350,0.05,6697.5,3455.79,3241.71,UPI
ORD100569,2025-01-27,CUST-01919,Consumer,West,Nagpur,Fashion,Winter Jacket,5,4940,0.1,22230.0,11506.75,10723.25,EMI
ORD100570,2025-01-27,CUST-03018,Consumer,Central,Indore,Fashion,Denim Jeans,2,2570,0.1,4626.0,2009.43,2616.57,UPI
ORD100571,2025-01-27,CUST-02430,Small Business,West,Mumbai,Home & Kitchen,Mixer Grinder,2,4410,0.1,7938.0,5149.27,2788.73,Credit Card
ORD100572,2025-01-27,CUST-02196,Corporate,South,Coimbatore,Office,Office Chair,1,11190,0.05,10630.5,6837.09,3793.41,Debit Card
ORD100573,2025-01-27,CUST-01360,Corporate,North,Delhi,Electronics,Bluetooth Speaker,1,3940,0.1,3546.0,2272.84,1273.16,Not Specified
ORD100574,2025-01-27,CUST-01537,Corporate,North,Dehradun,Fashion,Women's Kurti,2,610,0.1,1098.0,537.3,560.7,UPI
ORD100575,2025-01-27,CUST-01198,Consumer,North,Dehradun,Fashion,Winter Jacket,2,3020,0.1,5436.0,2981.73,2454.27,Net Banking
ORD100576,2025-01-27,CUST-02999,Consumer,North,Dehradun,Electronics,Laptop,2,83540,0.1,150372.0,147512.78,2859.22,Credit Card
ORD100577,2025-01-27,CUST-02043,Consumer,South,Coimbatore,Fashion,Men's T-Shirt,2,1170,0.1,2106.0,769.95,1336.05,Net Banking
ORD100578,2025-01-28,CUST-02494,Consumer,West,Ahmedabad,Electronics,Tablet,3,29500,0.05,84075.0,73767.09,10307.91,Debit Card
ORD100579,2025-01-28,CUST-00115,Consumer,South,Chennai,Fashion,Wrist Watch,5,5970,0.1,26865.0,11019.54,15845.46,Debit Card
ORD100580,2025-01-28,CUST-02708,Consumer,East,Ranchi,Electronics,Smartwatch,1,7210,0.05,6849.5,4193.21,2656.29,UPI
ORD100581,2025-01-28,CUST-01300,Consumer,East,Patna,Fashion,Handbag,2,1400,0.1,2520.0,1234.68,1285.32,Debit Card
ORD100582,2025-01-28,CUST-02368,Consumer,East,Guwahati,Home & Kitchen,Washing Machine,1,29410,0.1,26469.0,19495.95,6973.05,UPI
ORD100583,2025-01-28,CUST-00120,Corporate,East,Ranchi,Home & Kitchen,Ceiling Fan,2,1670,0.1,3006.0,2046.94,959.06,UPI
ORD100584,2025-01-28,CUST-02844,Consumer,South,Kochi,Home & Kitchen,Ceiling Fan,4,1330,0.05,5054.0,2937.03,2116.97,UPI
ORD100585,2025-01-28,CUST-02114,Consumer,South,Chennai,Office,Laptop Bag,2,810,0.05,1539.0,862.51,676.49,UPI
ORD100586,2025-01-28,CUST-01438,Consumer,West,Pune,Fashion,Men's T-Shirt,4,1220,0.1,4392.0,2160.68,2231.32,Debit Card
ORD100587,2025-01-28,CUST-00950,Consumer,West,Pune,Office,Laptop Bag,1,1700,0.05,1615.0,725.69,889.31,Cash on Delivery
ORD100588,2025-01-28,CUST-00963,Consumer,West,Ahmedabad,Electronics,Smartphone,1,32130,0.05,30523.5,26089.09,4434.41,Net Banking
ORD100589,2025-01-28,CUST-00950,Consumer,West,Pune,Electronics,Laptop,2,49850,0.05,94715.0,89652.27,5062.73,Debit Card
ORD100590,2025-01-28,CUST-00411,Consumer,South,Chennai,Home & Kitchen,Mixer Grinder,3,4390,0.05,12511.5,8701.32,3810.18,UPI
ORD100591,2025-01-28,CUST-01460,Small Business,West,Pune,Electronics,LED Television,2,30620,0.05,58178.0,47812.1,10365.9,Cash on Delivery
ORD100592,2025-01-28,CUST-01426,Small Business,West,Ahmedabad,Fashion,Running Shoes,2,2570,0.1,4626.0,2477.03,2148.97,Cash on Delivery
ORD100593,2025-01-28,CUST-01276,Consumer,West,Surat,Electronics,Smartwatch,1,14380,0.05,13661.0,9116.55,4544.45,EMI
ORD100594,2025-01-28,CUST-02260,Consumer,South,Hyderabad,Office,Desk Lamp,2,1300,0.05,2470.0,1104.75,1365.25,Credit Card
ORD100595,2025-01-28,CUST-01308,Consumer,Central,Bhopal,Office,Laptop Bag,4,3080,0.05,11704.0,6706.11,4997.89,UPI
ORD100596,2025-01-28,CUST-00309,Consumer,West,Mumbai,Fashion,Formal Shirt,2,700,0.1,1260.0,644.37,615.63,Cash on Delivery
ORD100597,2025-01-28,CUST-02707,Consumer,North,Delhi,Fashion,Winter Jacket,3,2960,0.1,7992.0,4210.5,3781.5,UPI
ORD100598,2025-01-28,CUST-01324,Consumer,North,Delhi,Home & Kitchen,Air Fryer,5,6580,0.1,29610.0,19574.26,10035.74,Debit Card
ORD100599,2025-01-29,CUST-02100,Small Business,West,Ahmedabad,Office,Desk Lamp,4,1760,0.05,6688.0,3535.58,3152.42,Credit Card
ORD100600,2025-01-29,CUST-02938,Consumer,West,Pune,Electronics,Laptop,2,32160,0.05,61104.0,55752.21,5351.79,UPI
ORD100601,2025-01-29,CUST-02456,Consumer,West,Nagpur,Electronics,Bluetooth Earbuds,2,1270,0.05,2413.0,1493.2,919.8,UPI
ORD100602,2025-01-29,CUST-01691,Consumer,East,Guwahati,Fashion,Handbag,5,2040,0.1,9180.0,3328.05,5851.95,UPI
ORD100603,2025-01-29,CUST-01716,Consumer,Central,Gwalior,Office,File Organizer,1,590,0.05,560.5,206.82,353.68,Net Banking
ORD100604,2025-01-29,CUST-02701,Corporate,West,Ahmedabad,Home & Kitchen,Pressure Cooker,5,1450,0.1,6525.0,3711.45,2813.55,Credit Card
ORD100605,2025-01-29,CUST-02620,Consumer,North,Delhi,Office,Desk Lamp,1,590,0.05,560.5,294.49,266.01,Debit Card
ORD100606,2025-01-29,CUST-00558,Small Business,West,Nagpur,Fashion,Handbag,3,1990,0.1,5373.0,2163.5,3209.5,UPI
ORD100607,2025-01-29,CUST-01998,Consumer,South,Coimbatore,Fashion,Formal Shirt,3,990,0.1,2673.0,1228.65,1444.35,Debit Card
ORD100608,2025-01-29,CUST-02750,Consumer,South,Hyderabad,Office,Laptop Bag,2,2330,0.05,4427.0,2395.55,2031.45,Credit Card
ORD100609,2025-01-29,CUST-02554,Consumer,North,Dehradun,Office,Office Chair,4,14760,0.05,56088.0,37744.35,18343.65,Debit Card
ORD100610,2025-01-29,CUST-00395,Consumer,Central,Jabalpur,Home & Kitchen,Pressure Cooker,3,1980,0.05,5643.0,2985.66,2657.34,Credit Card
ORD100611,2025-01-29,CUST-01360,Corporate,North,Delhi,Electronics,Power Bank,1,910,0.1,819.0,512.52,306.48,Cash on Delivery
ORD100612,2025-01-29,CUST-01621,Consumer,Central,Bhopal,Home & Kitchen,Air Fryer,2,8730,0.05,16587.0,11315.52,5271.48,Cash on Delivery
ORD100613,2025-01-29,CUST-00842,Consumer,Central,Bhopal,Home & Kitchen,Pressure Cooker,4,1000,0.05,3800.0,2253.37,1546.63,Debit Card
ORD100614,2025-01-29,CUST-02192,Small Business,North,Lucknow,Home & Kitchen,Air Fryer,4,6380,0.1,22968.0,15923.49,7044.51,UPI
ORD100615,2025-01-29,CUST-01502,Consumer,North,Jaipur,Fashion,Women's Kurti,2,2250,0.1,4050.0,2033.0,2017.0,Credit Card
ORD100616,2025-01-29,CUST-00950,Consumer,West,Pune,Home & Kitchen,Microwave Oven,4,5920,0.1,21312.0,14692.01,6619.99,UPI
ORD100617,2025-01-30,CUST-01026,Consumer,South,Kochi,Fashion,Men's T-Shirt,1,810,0.1,729.0,305.72,423.28,UPI
ORD100618,2025-01-30,CUST-02719,Consumer,North,Jaipur,Office,Whiteboard,4,2180,0.05,8284.0,4686.47,3597.53,Credit Card
ORD100619,2025-01-30,CUST-02750,Consumer,South,Hyderabad,Office,Stationery Kit,2,990,0.05,1881.0,948.08,932.92,Debit Card
ORD100620,2025-01-30,CUST-02587,Corporate,East,Patna,Office,Study Table,2,10010,0.05,19019.0,11229.47,7789.53,UPI
ORD100621,2025-01-30,CUST-02896,Small Business,South,Chennai,Fashion,Handbag,2,910,0.1,1638.0,765.23,872.77,Cash on Delivery
ORD100622,2025-01-30,CUST-03023,Consumer,Central,Bhopal,Electronics,Power Bank,2,1790,0.05,3401.0,1675.21,1725.79,Credit Card
ORD100623,2025-01-30,CUST-01558,Small Business,South,Kochi,Home & Kitchen,Pressure Cooker,2,2820,0.05,5358.0,2999.81,2358.19,Credit Card
ORD100624,2025-01-30,CUST-00331,Consumer,West,Mumbai,Office,Printer,1,4930,0.05,4683.5,3439.39,1244.11,Credit Card
ORD100625,2025-01-30,CUST-02542,Consumer,South,Coimbatore,Fashion,Winter Jacket,3,3020,0.1,8154.0,4408.14,3745.86,EMI
ORD100626,2025-01-30,CUST-02030,Small Business,South,Chennai,Fashion,Formal Shirt,3,1030,0.1,2781.0,1457.6,1323.4,EMI
ORD100627,2025-01-30,CUST-01169,Consumer,Central,Raipur,Office,Study Table,1,13060,0.05,12407.0,8171.98,4235.02,UPI
ORD100628,2025-01-30,CUST-03110,Corporate,Central,Bhopal,Home & Kitchen,Ceiling Fan,5,1660,0.05,7885.0,5623.74,2261.26,UPI
ORD100629,2025-01-30,CUST-01026,Consumer,South,Kochi,Electronics,Power Bank,2,1270,0.05,2413.0,1383.47,1029.53,Debit Card
ORD100630,2025-01-30,CUST-02872,Consumer,Central,Bhopal,Fashion,Men's T-Shirt,2,1660,0.1,2988.0,1398.2,1589.8,UPI
ORD100631,2025-01-30,CUST-01882,Consumer,South,Hyderabad,Electronics,Bluetooth Earbuds,2,5910,0.05,11229.0,7353.59,3875.41,Cash on Delivery
ORD100632,2025-01-30,CUST-00115,Consumer,South,Chennai,Electronics,Smartphone,3,24280,0.05,69198.0,59401.45,9796.55,Cash on Delivery
ORD100633,2025-01-30,CUST-02731,Small Business,North,Chandigarh,Electronics,Tablet,2,14260,0.1,25668.0,23411.75,2256.25,Net Banking
ORD100634,2025-01-30,CUST-02448,Consumer,East,Patna,Electronics,Bluetooth Speaker,1,2980,0.05,2831.0,1709.79,1121.21,Debit Card
ORD100635,2025-01-31,CUST-02066,Corporate,South,Coimbatore,Fashion,Women's Kurti,5,2330,0.1,10485.0,4423.34,6061.66,Credit Card
ORD100636,2025-01-31,CUST-01960,Corporate,East,Patna,Home & Kitchen,Air Fryer,2,6390,0.1,11502.0,8318.59,3183.41,Credit Card
ORD100637,2025-01-31,CUST-00717,Consumer,East,Patna,Electronics,LED Television,1,54550,0.05,51822.5,42245.53,9576.97,Net Banking
ORD100638,2025-01-31,CUST-00705,Consumer,South,Coimbatore,Home & Kitchen,Water Purifier,1,8240,0.05,7828.0,4708.1,3119.9,Cash on Delivery
ORD100639,2025-01-31,CUST-00098,Consumer,South,Kochi,Home & Kitchen,Ceiling Fan,3,2750,0.05,7837.5,5407.16,2430.34,UPI
ORD100640,2025-01-31,CUST-00491,Consumer,Central,Bhopal,Fashion,Wrist Watch,3,6110,0.1,16497.0,6443.88,10053.12,UPI
ORD100641,2025-01-31,CUST-01026,Consumer,South,Kochi,Office,File Organizer,3,410,0.05,1168.5,442.12,726.38,EMI
ORD100642,2025-01-31,CUST-01696,Corporate,South,Chennai,Electronics,Bluetooth Speaker,3,2040,0.05,5814.0,3650.34,2163.66,Credit Card
ORD100643,2025-01-31,CUST-00409,Small Business,Central,Jabalpur,Office,Laptop Bag,1,2930,0.05,2783.5,1449.92,1333.58,Cash on Delivery
ORD100644,2025-01-31,CUST-01767,Consumer,East,Ranchi,Office,Stationery Kit,2,510,0.05,969.0,405.79,563.21,UPI
ORD100645,2025-01-31,CUST-00865,Consumer,South,Hyderabad,Electronics,Smartwatch,1,4930,0.05,4683.5,2925.01,1758.49,Cash on Delivery
ORD100646,2025-01-31,CUST-00826,Consumer,West,Pune,Electronics,Tablet,1,29620,0.05,28139.0,24116.22,4022.78,UPI
ORD100647,2025-01-31,CUST-03008,Consumer,South,Coimbatore,Electronics,Smartwatch,2,3520,0.05,6688.0,4359.2,2328.8,Cash on Delivery
ORD100648,2025-01-31,CUST-03183,Consumer,North,Lucknow,Home & Kitchen,Water Purifier,3,10700,0.1,28890.0,22396.06,6493.94,Debit Card
ORD100649,2025-01-31,CUST-02584,Corporate,South,Hyderabad,Home & Kitchen,Microwave Oven,3,15750,0.05,44887.5,34897.37,9990.13,Debit Card
ORD100650,2025-01-31,CUST-00171,Small Business,East,Ranchi,Fashion,Running Shoes,5,3500,0.1,15750.0,8614.81,7135.19,UPI
ORD100651,2025-01-31,CUST-02331,Consumer,West,Ahmedabad,Electronics,Smartphone,1,49520,0.05,47044.0,43123.58,3920.42,UPI
ORD100652,2025-02-01,CUST-00557,Consumer,Central,Jabalpur,Fashion,Wrist Watch,2,4090,0.1,7362.0,4442.09,2919.91,Debit Card
ORD100653,2025-02-01,CUST-01805,Small Business,North,Chandigarh,Home & Kitchen,Ceiling Fan,2,1680,0.1,3024.0,2049.75,974.25,Net Banking
ORD100654,2025-02-01,CUST-02843,Consumer,West,Nagpur,Home & Kitchen,Ceiling Fan,2,2820,0.1,5076.0,3216.14,1859.86,UPI
ORD100655,2025-02-01,CUST-01169,Consumer,Central,Raipur,Fashion,Handbag,1,4100,0.1,3690.0,1406.74,2283.26,UPI
ORD100656,2025-02-01,CUST-02934,Consumer,North,Dehradun,Home & Kitchen,Washing Machine,4,24090,0.1,86724.0,60214.52,26509.48,Net Banking
ORD100657,2025-02-01,CUST-02280,Consumer,East,Kolkata,Fashion,Women's Kurti,3,1770,0.1,4779.0,2121.0,2658.0,Credit Card
ORD100658,2025-02-01,CUST-00950,Consumer,West,Pune,Electronics,Bluetooth Earbuds,1,5010,0.05,4759.5,3362.67,1396.83,Debit Card
ORD100659,2025-02-01,CUST-00329,Consumer,West,Ahmedabad,Electronics,Bluetooth Speaker,2,3010,0.05,5719.0,3764.03,1954.97,Debit Card
ORD100660,2025-02-01,CUST-02599,Consumer,West,Surat,Electronics,Bluetooth Earbuds,1,5090,0.05,4835.5,3321.6,1513.9,Credit Card
ORD100661,2025-02-01,CUST-01438,Consumer,West,Pune,Home & Kitchen,Refrigerator,5,34470,0.1,155115.0,107151.85,47963.15,UPI
ORD100662,2025-02-01,CUST-00247,Consumer,North,Dehradun,Office,Whiteboard,2,1010,0.05,1919.0,1122.55,796.45,UPI
ORD100663,2025-02-01,CUST-00344,Consumer,South,Kochi,Electronics,Power Bank,3,3000,0.05,8550.0,4136.0,4414.0,UPI
ORD100664,2025-02-01,CUST-03076,Consumer,South,Hyderabad,Home & Kitchen,Mixer Grinder,2,6010,0.05,11419.0,7708.5,3710.5,UPI
ORD100665,2025-02-01,CUST-00786,Corporate,West,Ahmedabad,Office,Printer,1,9810,0.05,9319.5,7036.66,2282.84,UPI
ORD100666,2025-02-02,CUST-03075,Corporate,East,Guwahati,Fashion,Handbag,1,3000,0.1,2700.0,1015.44,1684.56,Credit Card
ORD100667,2025-02-02,CUST-02192,Small Business,North,Lucknow,Fashion,Handbag,3,880,0.1,2376.0,1175.8,1200.2,UPI
ORD100668,2025-02-02,CUST-00950,Consumer,West,Pune,Electronics,Smartphone,1,13120,0.05,12464.0,10243.74,2220.26,Credit Card
ORD100669,2025-02-02,CUST-01180,Small Business,Central,Indore,Fashion,Men's T-Shirt,2,600,0.1,1080.0,475.46,604.54,UPI
ORD100670,2025-02-02,CUST-02490,Consumer,West,Pune,Electronics,Smartphone,1,18530,0.05,17603.5,15078.17,2525.33,EMI
ORD100671,2025-02-02,CUST-01359,Consumer,Central,Gwalior,Fashion,Wrist Watch,2,4110,0.1,7398.0,4087.27,3310.73,Credit Card
ORD100672,2025-02-02,CUST-00252,Small Business,North,Chandigarh,Home & Kitchen,Air Fryer,1,10770,0.1,9693.0,6603.65,3089.35,EMI
ORD100673,2025-02-02,CUST-00754,Consumer,North,Chandigarh,Electronics,Bluetooth Earbuds,1,2990,0.1,2691.0,1720.41,970.59,Debit Card
ORD100674,2025-02-02,CUST-02731,Small Business,North,Chandigarh,Fashion,Winter Jacket,3,5070,0.1,13689.0,7964.66,5724.34,UPI
ORD100675,2025-02-02,CUST-02237,Consumer,South,Kochi,Home & Kitchen,Air Fryer,3,3940,0.05,11229.0,6588.98,4640.02,Credit Card
ORD100676,2025-02-02,CUST-01588,Consumer,South,Hyderabad,Fashion,Handbag,3,2950,0.1,7965.0,4212.82,3752.18,UPI
ORD100677,2025-02-02,CUST-00792,Consumer,North,Jaipur,Office,Study Table,3,13100,0.05,37335.0,21653.02,15681.98,Cash on Delivery
ORD100678,2025-02-02,CUST-01498,Consumer,South,Bengaluru,Office,Laptop Bag,4,2330,0.05,8854.0,3836.81,5017.19,EMI
ORD100679,2025-02-02,CUST-02517,Small Business,North,Dehradun,Electronics,Smartwatch,1,13890,0.1,12501.0,9256.57,3244.43,Net Banking
ORD100680,2025-02-02,CUST-00280,Consumer,North,Chandigarh,Home & Kitchen,Mixer Grinder,4,1770,0.1,6372.0,4795.05,1576.95,UPI
ORD100681,2025-02-02,CUST-03189,Consumer,North,Lucknow,Office,Office Chair,1,11240,0.05,10678.0,6588.83,4089.17,Cash on Delivery
ORD100682,2025-02-02,CUST-02731,Small Business,North,Chandigarh,Home & Kitchen,Ceiling Fan,3,2840,0.1,7668.0,5721.66,1946.34,Debit Card
ORD100683,2025-02-02,CUST-00984,Consumer,West,Surat,Electronics,Bluetooth Earbuds,1,2000,0.05,1900.0,1364.55,535.45,Net Banking
ORD100684,2025-02-02,CUST-02764,Consumer,Central,Jabalpur,Fashion,Winter Jacket,2,3880,0.1,6984.0,4056.39,2927.61,UPI
ORD100685,2025-02-02,CUST-02192,Small Business,North,Lucknow,Fashion,Running Shoes,1,3400,0.1,3060.0,1376.4,1683.6,UPI
ORD100686,2025-02-02,CUST-02141,Corporate,Central,Raipur,Fashion,Denim Jeans,2,2920,0.1,5256.0,2629.31,2626.69,UPI
ORD100687,2025-02-02,CUST-00448,Small Business,West,Mumbai,Electronics,Power Bank,1,910,0.05,864.5,508.48,356.02,UPI
ORD100688,2025-02-02,CUST-02867,Consumer,South,Chennai,Electronics,LED Television,3,22170,0.05,63184.5,53450.53,9733.97,Debit Card
ORD100689,2025-02-02,CUST-01415,Consumer,East,Guwahati,Home & Kitchen,Refrigerator,1,27930,0.1,25137.0,18999.15,6137.85,Cash on Delivery
ORD100690,2025-02-02,CUST-02554,Consumer,North,Dehradun,Fashion,Men's T-Shirt,2,780,0.1,1404.0,613.03,790.97,Debit Card
ORD100691,2025-02-03,CUST-00950,Consumer,West,Pune,Home & Kitchen,Ceiling Fan,5,2860,0.1,12870.0,8436.98,4433.02,UPI
ORD100692,2025-02-03,CUST-00955,Consumer,East,Kolkata,Office,Study Table,2,10280,0.05,19532.0,13247.56,6284.44,UPI
ORD100693,2025-02-03,CUST-03069,Small Business,Central,Indore,Home & Kitchen,Air Fryer,3,8250,0.05,23512.5,14328.64,9183.86,UPI
ORD100694,2025-02-03,CUST-01579,Consumer,East,Patna,Electronics,Bluetooth Earbuds,2,6170,0.05,11723.0,8617.42,3105.58,Cash on Delivery
ORD100695,2025-02-03,CUST-00191,Consumer,South,Kochi,Office,Whiteboard,1,980,0.05,931.0,550.83,380.17,Credit Card
ORD100696,2025-02-03,CUST-02661,Corporate,North,Jaipur,Home & Kitchen,Mixer Grinder,1,3260,0.1,2934.0,2110.08,823.92,Credit Card
ORD100697,2025-02-03,CUST-00746,Corporate,South,Coimbatore,Fashion,Running Shoes,3,2490,0.1,6723.0,3441.9,3281.1,Not Specified
ORD100698,2025-02-03,CUST-02796,Consumer,West,Ahmedabad,Fashion,Running Shoes,3,4990,0.1,13473.0,7845.88,5627.12,Cash on Delivery
ORD100699,2025-02-03,CUST-02902,Consumer,North,Jaipur,Home & Kitchen,Microwave Oven,3,10020,0.1,27054.0,20792.96,6261.04,UPI
ORD100700,2025-02-03,CUST-00247,Consumer,North,Dehradun,Electronics,Smartphone,2,9130,0.1,16434.0,15305.8,1128.2,UPI
ORD100701,2025-02-03,CUST-01847,Consumer,South,Hyderabad,Electronics,Smartphone,2,13290,0.05,25251.0,21678.69,3572.31,Cash on Delivery
ORD100702,2025-02-03,CUST-03138,Consumer,North,Lucknow,Electronics,Smartwatch,2,4890,0.1,8802.0,5413.81,3388.19,UPI
ORD100703,2025-02-03,CUST-02941,Small Business,West,Surat,Home & Kitchen,Mixer Grinder,3,5890,0.1,15903.0,11788.53,4114.47,Debit Card
ORD100704,2025-02-03,CUST-01642,Small Business,South,Kochi,Fashion,Handbag,2,1970,0.1,3546.0,1532.32,2013.68,UPI
ORD100705,2025-02-03,CUST-02192,Small Business,North,Lucknow,Electronics,Power Bank,1,2980,0.1,2682.0,1605.91,1076.09,EMI
ORD100706,2025-02-03,CUST-01921,Consumer,South,Bengaluru,Electronics,LED Television,3,21370,0.05,60904.5,52410.42,8494.08,EMI
ORD100707,2025-02-03,CUST-00658,Consumer,West,Mumbai,Home & Kitchen,Mixer Grinder,1,6140,0.1,5526.0,4046.43,1479.57,UPI
ORD100708,2025-02-03,CUST-02100,Small Business,West,Ahmedabad,Office,Study Table,4,10170,0.05,38646.0,21564.57,17081.43,Net Banking
ORD100709,2025-02-03,CUST-01022,Consumer,Central,Raipur,Fashion,Formal Shirt,5,1370,0.1,6165.0,2581.52,3583.48,Net Banking
ORD100710,2025-02-03,CUST-01026,Consumer,South,Kochi,Fashion,Winter Jacket,2,3040,0.1,5472.0,2907.1,2564.9,UPI
ORD100711,2025-02-03,CUST-01308,Consumer,Central,Bhopal,Home & Kitchen,Ceiling Fan,3,1320,0.05,3762.0,2514.4,1247.6,Credit Card
ORD100712,2025-02-03,CUST-02708,Consumer,East,Ranchi,Electronics,Bluetooth Speaker,1,1290,0.05,1225.5,798.32,427.18,EMI
ORD100713,2025-02-03,CUST-00782,Small Business,Central,Bhopal,Home & Kitchen,Pressure Cooker,4,1010,0.05,3838.0,2228.6,1609.4,Debit Card
ORD100714,2025-02-04,CUST-00816,Corporate,North,Dehradun,Fashion,Winter Jacket,5,3070,0.1,13815.0,6095.02,7719.98,Credit Card
ORD100715,2025-02-04,CUST-00029,Small Business,West,Pune,Office,Stationery Kit,1,510,0.05,484.5,254.05,230.45,Debit Card
ORD100716,2025-02-04,CUST-00493,Consumer,West,Ahmedabad,Fashion,Handbag,1,870,0.1,783.0,383.63,399.37,EMI
ORD100717,2025-02-04,CUST-03125,Corporate,West,Nagpur,Electronics,Smartwatch,1,10000,0.05,9500.0,6070.46,3429.54,Credit Card
ORD100718,2025-02-04,CUST-01355,Small Business,North,Dehradun,Office,Desk Lamp,2,880,0.05,1672.0,712.28,959.72,EMI
ORD100719,2025-02-04,CUST-00623,Consumer,East,Kolkata,Office,File Organizer,1,1200,0.05,1140.0,563.53,576.47,Credit Card
ORD100720,2025-02-04,CUST-03073,Consumer,Central,Jabalpur,Fashion,Handbag,5,3930,0.1,17685.0,6301.64,11383.36,Not Specified
ORD100721,2025-02-04,CUST-00091,Consumer,Central,Raipur,Office,Stationery Kit,3,300,0.05,855.0,330.37,524.63,Cash on Delivery
ORD100722,2025-02-04,CUST-01537,Corporate,North,Dehradun,Electronics,Tablet,3,17710,0.1,47817.0,42136.24,5680.76,Credit Card
ORD100723,2025-02-04,CUST-02557,Consumer,West,Ahmedabad,Fashion,Denim Jeans,2,2530,0.1,4554.0,2183.81,2370.19,Cash on Delivery
ORD100724,2025-02-04,CUST-02474,Consumer,North,Jaipur,Electronics,Power Bank,2,880,0.1,1584.0,930.84,653.16,UPI
ORD100725,2025-02-04,CUST-00604,Corporate,West,Surat,Electronics,Smartphone,1,13010,0.05,12359.5,11077.05,1282.45,Credit Card
ORD100726,2025-02-04,CUST-02279,Small Business,South,Bengaluru,Office,Stationery Kit,1,300,0.05,285.0,141.3,143.7,UPI
ORD100727,2025-02-04,CUST-01981,Consumer,West,Pune,Office,Printer,3,14050,0.05,40042.5,31354.62,8687.88,Credit Card
ORD100728,2025-02-04,CUST-02180,Consumer,South,Coimbatore,Electronics,Smartwatch,2,14250,0.05,27075.0,16196.89,10878.11,UPI
ORD100729,2025-02-04,CUST-00881,Small Business,West,Pune,Home & Kitchen,Washing Machine,3,19170,0.1,51759.0,34559.43,17199.57,Cash on Delivery
ORD100730,2025-02-04,CUST-02582,Corporate,West,Pune,Electronics,Laptop,1,41070,0.05,39016.5,34954.95,4061.55,Cash on Delivery
ORD100731,2025-02-04,CUST-01769,Consumer,South,Kochi,Electronics,Tablet,1,17630,0.05,16748.5,13299.97,3448.53,Debit Card
ORD100732,2025-02-05,CUST-02330,Consumer,West,Nagpur,Fashion,Winter Jacket,3,3050,0.1,8235.0,3609.93,4625.07,Not Specified
ORD100733,2025-02-05,CUST-02976,Small Business,West,Mumbai,Home & Kitchen,Mixer Grinder,3,1850,0.1,4995.0,3670.2,1324.8,Net Banking
ORD100734,2025-02-05,CUST-02718,Corporate,North,Lucknow,Home & Kitchen,Air Fryer,2,6660,0.1,11988.0,8070.33,3917.67,UPI
ORD100735,2025-02-05,CUST-02496,Consumer,East,Bhubaneswar,Home & Kitchen,Pressure Cooker,2,1530,0.1,2754.0,1890.96,863.04,Credit Card
ORD100736,2025-02-05,CUST-00950,Consumer,West,Pune,Fashion,Running Shoes,4,1300,0.1,4680.0,2252.5,2427.5,Credit Card
ORD100737,2025-02-05,CUST-00170,Consumer,West,Mumbai,Fashion,Handbag,2,870,0.1,1566.0,589.53,976.47,Net Banking
ORD100738,2025-02-05,CUST-01822,Consumer,North,Chandigarh,Electronics,Smartphone,2,8960,0.1,16128.0,15325.92,802.08,Credit Card
ORD100739,2025-02-05,CUST-00108,Consumer,West,Pune,Fashion,Handbag,4,1430,0.1,5148.0,2374.84,2773.16,Debit Card
ORD100740,2025-02-05,CUST-02296,Consumer,Central,Jabalpur,Electronics,Laptop,1,50140,0.05,47633.0,41666.14,5966.86,Debit Card
ORD100741,2025-02-05,CUST-02368,Consumer,East,Guwahati,Office,Study Table,1,13290,0.05,12625.5,7084.21,5541.29,Cash on Delivery
ORD100742,2025-02-05,CUST-01779,Consumer,South,Kochi,Office,Laptop Bag,1,2360,0.05,2242.0,1271.52,970.48,Credit Card
ORD100743,2025-02-05,CUST-00539,Consumer,North,Dehradun,Fashion,Winter Jacket,1,4910,0.1,4419.0,2410.33,2008.67,UPI
ORD100744,2025-02-05,CUST-02779,Corporate,East,Ranchi,Office,File Organizer,2,390,0.05,741.0,278.72,462.28,UPI
ORD100745,2025-02-05,CUST-01888,Consumer,South,Chennai,Home & Kitchen,Washing Machine,2,60070,0.05,114133.0,79377.71,34755.29,Debit Card
ORD100746,2025-02-05,CUST-01614,Consumer,North,Lucknow,Home & Kitchen,Ceiling Fan,2,1260,0.1,2268.0,1615.6,652.4,UPI
ORD100747,2025-02-05,CUST-01797,Small Business,South,Coimbatore,Home & Kitchen,Water Purifier,2,13630,0.05,25897.0,15928.41,9968.59,Net Banking
ORD100748,2025-02-05,CUST-00288,Small Business,North,Jaipur,Fashion,Handbag,3,1960,0.1,5292.0,2017.22,3274.78,Credit Card
ORD100749,2025-02-05,CUST-02382,Consumer,West,Ahmedabad,Office,Office Chair,3,7840,0.05,22344.0,12012.15,10331.85,UPI
ORD100750,2025-02-05,CUST-00193,Consumer,South,Coimbatore,Office,Study Table,1,8150,0.05,7742.5,4796.82,2945.68,Debit Card
ORD100751,2025-02-05,CUST-01840,Consumer,South,Hyderabad,Home & Kitchen,Mixer Grinder,3,4430,0.05,12625.5,8049.79,4575.71,EMI
ORD100752,2025-02-05,CUST-00542,Small Business,South,Coimbatore,Electronics,Power Bank,1,2360,0.05,2242.0,1235.22,1006.78,UPI
ORD100753,2025-02-05,CUST-00673,Corporate,North,Delhi,Home & Kitchen,Pressure Cooker,5,3600,0.1,16200.0,9435.58,6764.42,Cash on Delivery
ORD100754,2025-02-05,CUST-00764,Small Business,East,Bhubaneswar,Fashion,Men's T-Shirt,2,1180,0.1,2124.0,927.11,1196.89,Credit Card
ORD100755,2025-02-05,CUST-00042,Corporate,Central,Jabalpur,Office,Study Table,1,13290,0.05,12625.5,7562.96,5062.54,UPI
ORD100756,2025-02-05,CUST-02841,Consumer,South,Coimbatore,Electronics,Laptop,2,71370,0.05,135603.0,120044.76,15558.24,Credit Card
ORD100757,2025-02-05,CUST-02557,Consumer,West,Ahmedabad,Home & Kitchen,Refrigerator,3,70370,0.1,189999.0,138391.19,51607.81,UPI
ORD100758,2025-02-05,CUST-00098,Consumer,South,Kochi,Electronics,Laptop,2,85240,0.05,161956.0,149781.42,12174.58,Debit Card
ORD100759,2025-02-06,CUST-00181,Corporate,West,Pune,Fashion,Women's Kurti,1,1830,0.1,1647.0,785.33,861.67,UPI
ORD100760,2025-02-06,CUST-02496,Consumer,East,Bhubaneswar,Electronics,Bluetooth Speaker,2,2020,0.05,3838.0,2208.08,1629.92,Credit Card
ORD100761,2025-02-06,CUST-00028,Consumer,West,Ahmedabad,Office,Printer,2,13900,0.05,26410.0,20472.0,5938.0,Debit Card
ORD100762,2025-02-06,CUST-01481,Consumer,East,Kolkata,Office,Stationery Kit,2,1000,0.05,1900.0,799.09,1100.91,Net Banking
ORD100763,2025-02-06,CUST-00357,Consumer,South,Bengaluru,Home & Kitchen,Air Fryer,2,5000,0.05,9500.0,5808.73,3691.27,Debit Card
ORD100764,2025-02-06,CUST-01877,Corporate,South,Kochi,Electronics,Bluetooth Speaker,1,1950,0.05,1852.5,1032.0,820.5,Net Banking
ORD100765,2025-02-06,CUST-03198,Consumer,East,Ranchi,Home & Kitchen,Washing Machine,3,37740,0.1,101898.0,83036.9,18861.1,Cash on Delivery
ORD100766,2025-02-06,CUST-00542,Small Business,South,Coimbatore,Home & Kitchen,Water Purifier,3,14250,0.05,40612.5,24954.68,15657.82,Credit Card
ORD100767,2025-02-06,CUST-03036,Consumer,North,Delhi,Electronics,Tablet,2,23210,0.1,41778.0,39330.82,2447.18,UPI
ORD100768,2025-02-06,CUST-02749,Consumer,North,Lucknow,Fashion,Wrist Watch,2,4090,0.1,7362.0,3193.47,4168.53,EMI
ORD100769,2025-02-06,CUST-03148,Corporate,North,Delhi,Office,Desk Lamp,4,910,0.05,3458.0,1910.24,1547.76,UPI
ORD100770,2025-02-06,CUST-02451,Consumer,South,Hyderabad,Electronics,Power Bank,2,900,0.05,1710.0,985.28,724.72,Credit Card
ORD100771,2025-02-06,CUST-02722,Small Business,South,Kochi,Home & Kitchen,Microwave Oven,3,15960,0.05,45486.0,33602.79,11883.21,Credit Card
ORD100772,2025-02-06,CUST-01886,Consumer,Central,Indore,Home & Kitchen,Ceiling Fan,2,3990,0.05,7581.0,4968.56,2612.44,Cash on Delivery
ORD100773,2025-02-06,CUST-02753,Consumer,West,Nagpur,Fashion,Formal Shirt,4,1410,0.1,5076.0,1815.99,3260.01,Credit Card
ORD100774,2025-02-06,CUST-00366,Small Business,Central,Gwalior,Electronics,Bluetooth Speaker,1,1280,0.05,1216.0,760.46,455.54,Credit Card
ORD100775,2025-02-06,CUST-02385,Consumer,West,Mumbai,Fashion,Handbag,2,1430,0.1,2574.0,1338.03,1235.97,Net Banking
ORD100776,2025-02-06,CUST-02008,Consumer,North,Jaipur,Electronics,Smartphone,1,50960,0.1,45864.0,41489.99,4374.01,UPI
ORD100777,2025-02-06,CUST-00191,Consumer,South,Kochi,Home & Kitchen,Refrigerator,3,20710,0.05,59023.5,40384.71,18638.79,Credit Card
ORD100778,2025-02-06,CUST-00950,Consumer,West,Pune,Home & Kitchen,Pressure Cooker,4,1970,0.1,7092.0,4884.57,2207.43,UPI
ORD100779,2025-02-06,CUST-00708,Small Business,West,Nagpur,Fashion,Denim Jeans,2,2460,0.1,4428.0,2368.11,2059.89,EMI
ORD100780,2025-02-06,CUST-01250,Consumer,South,Chennai,Fashion,Winter Jacket,5,2240,0.1,10080.0,4306.54,5773.46,Credit Card
ORD100781,2025-02-07,CUST-00639,Consumer,North,Chandigarh,Electronics,LED Television,2,16410,0.1,29538.0,24906.38,4631.62,Net Banking
ORD100782,2025-02-07,CUST-00921,Consumer,Central,Indore,Office,File Organizer,3,410,0.05,1168.5,529.2,639.3,Debit Card
ORD100783,2025-02-07,CUST-00950,Consumer,West,Pune,Electronics,LED Television,1,39860,0.05,37867.0,32857.98,5009.02,Cash on Delivery
ORD100784,2025-02-07,CUST-01900,Consumer,East,Bhubaneswar,Fashion,Men's T-Shirt,3,590,0.1,1593.0,592.32,1000.68,Cash on Delivery
ORD100785,2025-02-07,CUST-00432,Consumer,North,Jaipur,Electronics,Bluetooth Speaker,1,3930,0.1,3537.0,2255.5,1281.5,Credit Card
ORD100786,2025-02-07,CUST-00786,Corporate,West,Ahmedabad,Office,Desk Lamp,3,1270,0.05,3619.5,1746.28,1873.22,Debit Card
ORD100787,2025-02-07,CUST-00980,Consumer,North,Delhi,Home & Kitchen,Ceiling Fan,5,2810,0.1,12645.0,8397.37,4247.63,Credit Card
ORD100788,2025-02-07,CUST-01408,Corporate,North,Chandigarh,Fashion,Wrist Watch,3,2430,0.1,6561.0,3991.66,2569.34,Cash on Delivery
ORD100789,2025-02-07,CUST-00115,Consumer,South,Chennai,Electronics,Laptop,3,49860,0.05,142101.0,119705.09,22395.91,Cash on Delivery
ORD100790,2025-02-07,CUST-03199,Consumer,South,Chennai,Office,File Organizer,4,810,0.05,3078.0,1412.15,1665.85,Net Banking
ORD100791,2025-02-07,CUST-00950,Consumer,West,Pune,Fashion,Running Shoes,2,2520,0.1,4536.0,2633.56,1902.44,Cash on Delivery
ORD100792,2025-02-07,CUST-00950,Consumer,West,Pune,Electronics,LED Television,3,29170,0.05,83134.5,67751.66,15382.84,Cash on Delivery
ORD100793,2025-02-07,CUST-01757,Consumer,West,Mumbai,Home & Kitchen,Ceiling Fan,2,2230,0.1,4014.0,2573.25,1440.75,UPI
ORD100794,2025-02-07,CUST-02718,Corporate,North,Lucknow,Electronics,Smartwatch,3,7160,0.1,19332.0,14262.88,5069.12,UPI
ORD100795,2025-02-07,CUST-01436,Consumer,East,Patna,Fashion,Women's Kurti,3,1320,0.1,3564.0,1860.31,1703.69,Debit Card
ORD100796,2025-02-07,CUST-00807,Consumer,South,Chennai,Fashion,Handbag,3,890,0.1,2403.0,1081.14,1321.86,Credit Card
ORD100797,2025-02-07,CUST-01786,Consumer,Central,Raipur,Electronics,Bluetooth Speaker,1,6090,0.05,5785.5,3421.71,2363.79,Cash on Delivery
ORD100798,2025-02-07,CUST-01534,Consumer,South,Kochi,Fashion,Formal Shirt,5,1860,0.1,8370.0,3382.54,4987.46,UPI
ORD100799,2025-02-07,CUST-01319,Consumer,Central,Indore,Office,Study Table,3,9910,0.05,28243.5,17183.15,11060.35,Credit Card
ORD100800,2025-02-07,CUST-03140,Corporate,West,Ahmedabad,Home & Kitchen,Mixer Grinder,3,1780,0.1,4806.0,3575.02,1230.98,Credit Card
ORD100801,2025-02-08,CUST-03193,Small Business,South,Bengaluru,Home & Kitchen,Refrigerator,5,20760,0.05,98610.0,65541.44,33068.56,UPI
ORD100802,2025-02-08,CUST-01774,Consumer,South,Coimbatore,Home & Kitchen,Mixer Grinder,2,3210,0.05,6099.0,4114.85,1984.15,Not Specified
ORD100803,2025-02-08,CUST-00227,Consumer,North,Chandigarh,Electronics,Smartphone,2,8920,0.1,16056.0,14036.89,2019.11,UPI
ORD100804,2025-02-08,CUST-01792,Small Business,East,Bhubaneswar,Home & Kitchen,Mixer Grinder,4,4490,0.1,16164.0,10853.79,5310.21,Credit Card
ORD100805,2025-02-08,CUST-03023,Consumer,Central,Bhopal,Fashion,Running Shoes,3,1300,0.1,3510.0,1549.94,1960.06,UPI
ORD100806,2025-02-08,CUST-02922,Consumer,South,Kochi,Electronics,Tablet,3,22890,0.05,65236.5,50224.44,15012.06,Credit Card
ORD100807,2025-02-08,CUST-00708,Small Business,West,Nagpur,Electronics,Tablet,1,10160,0.05,9652.0,7488.14,2163.86,UPI
ORD100808,2025-02-08,CUST-00608,Consumer,West,Mumbai,Fashion,Men's T-Shirt,2,610,0.1,1098.0,443.3,654.7,UPI
ORD100809,2025-02-08,CUST-00482,Consumer,North,Jaipur,Fashion,Winter Jacket,3,3990,0.1,10773.0,4589.98,6183.02,UPI
ORD100810,2025-02-08,CUST-02613,Corporate,West,Ahmedabad,Electronics,Bluetooth Earbuds,2,3010,0.05,5719.0,3512.69,2206.31,Net Banking
ORD100811,2025-02-08,CUST-01552,Consumer,West,Mumbai,Electronics,Bluetooth Speaker,1,2020,0.05,1919.0,1075.03,843.97,Cash on Delivery
ORD100812,2025-02-08,CUST-01026,Consumer,South,Kochi,Office,Stationery Kit,2,290,0.05,551.0,282.3,268.7,UPI
ORD100813,2025-02-08,CUST-00990,Consumer,South,Coimbatore,Home & Kitchen,Washing Machine,2,49240,0.05,93556.0,61706.81,31849.19,Net Banking
ORD100814,2025-02-08,CUST-00924,Small Business,North,Jaipur,Home & Kitchen,Ceiling Fan,1,1280,0.1,1152.0,792.39,359.61,Cash on Delivery
ORD100815,2025-02-08,CUST-02809,Consumer,Central,Raipur,Fashion,Formal Shirt,5,1370,0.1,6165.0,3132.05,3032.95,Cash on Delivery
ORD100816,2025-02-08,CUST-01271,Consumer,West,Mumbai,Home & Kitchen,Ceiling Fan,3,3980,0.1,10746.0,6582.67,4163.33,UPI
ORD100817,2025-02-08,CUST-00790,Consumer,South,Coimbatore,Fashion,Handbag,5,920,0.1,4140.0,1859.77,2280.23,Cash on Delivery
ORD100818,2025-02-08,CUST-02283,Small Business,South,Coimbatore,Home & Kitchen,Microwave Oven,2,12700,0.05,24130.0,17353.63,6776.37,Net Banking
ORD100819,2025-02-08,CUST-02037,Consumer,South,Bengaluru,Home & Kitchen,Air Fryer,4,11300,0.05,42940.0,28620.62,14319.38,Net Banking
ORD100820,2025-02-08,CUST-02297,Corporate,North,Delhi,Fashion,Wrist Watch,4,3990,0.1,14364.0,8195.71,6168.29,Net Banking
ORD100821,2025-02-08,CUST-02614,Consumer,West,Nagpur,Fashion,Winter Jacket,3,2350,0.1,6345.0,3801.26,2543.74,EMI
ORD100822,2025-02-08,CUST-00340,Small Business,West,Pune,Home & Kitchen,Refrigerator,2,57560,0.1,103608.0,76563.59,27044.41,Cash on Delivery
ORD100823,2025-02-08,CUST-00010,Corporate,Central,Indore,Electronics,Power Bank,3,3000,0.05,8550.0,4222.74,4327.26,Debit Card
ORD100824,2025-02-08,CUST-00152,Corporate,South,Coimbatore,Home & Kitchen,Microwave Oven,4,13160,0.05,50008.0,33197.56,16810.44,Cash on Delivery
ORD100825,2025-02-09,CUST-02275,Consumer,West,Surat,Office,Stationery Kit,3,290,0.05,826.5,403.12,423.38,UPI
ORD100826,2025-02-09,CUST-02953,Small Business,South,Kochi,Office,Printer,2,4880,0.05,9272.0,7518.9,1753.1,Debit Card
ORD100827,2025-02-09,CUST-01014,Small Business,West,Surat,Home & Kitchen,Washing Machine,2,19430,0.1,34974.0,25917.23,9056.77,UPI
ORD100828,2025-02-09,CUST-02494,Consumer,West,Ahmedabad,Home & Kitchen,Refrigerator,3,45250,0.1,122175.0,96707.42,25467.58,UPI
ORD100829,2025-02-09,CUST-02336,Consumer,South,Coimbatore,Fashion,Formal Shirt,2,1010,0.1,1818.0,732.33,1085.67,UPI
ORD100830,2025-02-09,CUST-03122,Consumer,South,Coimbatore,Fashion,Winter Jacket,5,2950,0.1,13275.0,6436.52,6838.48,Not Specified
ORD100831,2025-02-09,CUST-01486,Small Business,North,Chandigarh,Fashion,Handbag,2,2020,0.1,3636.0,1689.19,1946.81,Net Banking
ORD100832,2025-02-09,CUST-00533,Consumer,East,Kolkata,Fashion,Women's Kurti,3,880,0.1,2376.0,1206.86,1169.14,UPI
ORD100833,2025-02-09,CUST-02451,Consumer,South,Hyderabad,Electronics,Smartwatch,2,14060,0.05,26714.0,19330.47,7383.53,UPI
ORD100834,2025-02-09,CUST-02608,Consumer,West,Surat,Office,File Organizer,2,810,0.05,1539.0,641.68,897.32,UPI
ORD100835,2025-02-09,CUST-02276,Small Business,East,Kolkata,Home & Kitchen,Air Fryer,2,8360,0.1,15048.0,9889.62,5158.38,Cash on Delivery
ORD100836,2025-02-09,CUST-02743,Consumer,South,Kochi,Electronics,Power Bank,1,1830,0.05,1738.5,1040.68,697.82,Credit Card
ORD100837,2025-02-09,CUST-01147,Consumer,West,Nagpur,Electronics,Bluetooth Speaker,1,1280,0.05,1216.0,719.44,496.56,Credit Card
ORD100838,2025-02-09,CUST-02216,Consumer,South,Chennai,Fashion,Women's Kurti,2,1320,0.1,2376.0,1264.69,1111.31,Cash on Delivery
ORD100839,2025-02-09,CUST-00868,Consumer,South,Coimbatore,Fashion,Men's T-Shirt,2,410,0.1,738.0,361.1,376.9,Credit Card
ORD100840,2025-02-09,CUST-01398,Consumer,North,Delhi,Electronics,Power Bank,3,3030,0.1,8181.0,4464.91,3716.09,Net Banking
ORD100841,2025-02-09,CUST-00786,Corporate,West,Ahmedabad,Fashion,Handbag,3,4060,0.1,10962.0,4469.35,6492.65,Credit Card
ORD100842,2025-02-09,CUST-00492,Consumer,Central,Raipur,Home & Kitchen,Air Fryer,4,8740,0.05,33212.0,20911.25,12300.75,UPI
ORD100843,2025-02-09,CUST-00113,Consumer,West,Ahmedabad,Fashion,Denim Jeans,1,3010,0.1,2709.0,1229.7,1479.3,Credit Card
ORD100844,2025-02-09,CUST-02159,Consumer,South,Chennai,Electronics,Tablet,1,17500,0.05,16625.0,13249.62,3375.38,Cash on Delivery
ORD100845,2025-02-09,CUST-02778,Consumer,North,Jaipur,Fashion,Denim Jeans,4,2550,0.1,9180.0,4914.84,4265.16,Cash on Delivery
ORD100846,2025-02-09,CUST-00970,Small Business,West,Mumbai,Electronics,LED Television,3,22270,0.05,63469.5,54178.45,9291.05,Debit Card
ORD100847,2025-02-09,CUST-01338,Consumer,West,Nagpur,Electronics,LED Television,1,22180,0.05,21071.0,18022.07,3048.93,Net Banking
ORD100848,2025-02-10,CUST-00019,Consumer,East,Ranchi,Home & Kitchen,Water Purifier,2,7790,0.1,14022.0,9436.66,4585.34,Net Banking
ORD100849,2025-02-10,CUST-01278,Corporate,North,Delhi,Home & Kitchen,Air Fryer,5,4000,0.1,18000.0,11866.1,6133.9,Credit Card
ORD100850,2025-02-10,CUST-00940,Consumer,West,Nagpur,Electronics,Power Bank,1,900,0.05,855.0,409.35,445.65,Net Banking
ORD100851,2025-02-10,CUST-01821,Consumer,West,Ahmedabad,Home & Kitchen,Air Fryer,1,11140,0.1,10026.0,6265.4,3760.6,Credit Card
ORD100852,2025-02-10,CUST-02876,Corporate,West,Pune,Home & Kitchen,Air Fryer,3,6600,0.1,17820.0,11522.48,6297.52,Credit Card
ORD100853,2025-02-10,CUST-01603,Consumer,West,Mumbai,Fashion,Formal Shirt,2,1900,0.1,3420.0,1338.47,2081.53,Credit Card
ORD100854,2025-02-10,CUST-02180,Consumer,South,Coimbatore,Home & Kitchen,Air Fryer,5,8680,0.05,41230.0,29686.96,11543.04,Credit Card
ORD100855,2025-02-10,CUST-02270,Consumer,North,Dehradun,Home & Kitchen,Ceiling Fan,4,2850,0.1,10260.0,7384.24,2875.76,Cash on Delivery
ORD100856,2025-02-10,CUST-00484,Consumer,West,Surat,Fashion,Men's T-Shirt,3,2380,0.1,6426.0,2337.05,4088.95,Credit Card
ORD100857,2025-02-10,CUST-01063,Consumer,Central,Indore,Electronics,Smartphone,1,32750,0.05,31112.5,27589.57,3522.93,UPI
ORD100858,2025-02-10,CUST-00366,Small Business,Central,Gwalior,Fashion,Women's Kurti,2,1830,0.1,3294.0,1262.75,2031.25,EMI
ORD100859,2025-02-10,CUST-01381,Consumer,North,Dehradun,Office,File Organizer,2,390,0.05,741.0,334.86,406.14,Cash on Delivery
ORD100860,2025-02-10,CUST-02822,Consumer,South,Chennai,Office,File Organizer,1,1230,0.05,1168.5,460.46,708.04,UPI
ORD100861,2025-02-10,CUST-01525,Consumer,North,Dehradun,Electronics,Tablet,1,28240,0.1,25416.0,21997.51,3418.49,Net Banking
ORD100862,2025-02-10,CUST-01433,Consumer,East,Guwahati,Electronics,Laptop,3,71790,0.05,204601.5,172755.73,31845.77,Credit Card
ORD100863,2025-02-11,CUST-00686,Consumer,East,Patna,Office,Study Table,3,7780,0.05,22173.0,14027.1,8145.9,Net Banking
ORD100864,2025-02-11,CUST-00959,Consumer,Central,Gwalior,Electronics,Power Bank,3,2300,0.05,6555.0,4038.06,2516.94,UPI
ORD100865,2025-02-11,CUST-02961,Consumer,South,Chennai,Office,Study Table,3,5900,0.05,16815.0,10738.56,6076.44,UPI
ORD100866,2025-02-11,CUST-00950,Consumer,West,Pune,Electronics,Tablet,2,14330,0.05,27227.0,21644.86,5582.14,Credit Card
ORD100867,2025-02-11,CUST-02346,Corporate,North,Delhi,Office,Whiteboard,2,970,0.05,1843.0,971.72,871.28,Credit Card
ORD100868,2025-02-11,CUST-00129,Consumer,Central,Gwalior,Fashion,Women's Kurti,2,1320,0.1,2376.0,959.06,1416.94,Net Banking
ORD100869,2025-02-11,CUST-00401,Consumer,West,Pune,Fashion,Handbag,4,2930,0.1,10548.0,4369.88,6178.12,Credit Card
ORD100870,2025-02-11,CUST-00966,Consumer,South,Coimbatore,Fashion,Denim Jeans,4,2510,0.1,9036.0,4321.67,4714.33,Debit Card
ORD100871,2025-02-11,CUST-02859,Corporate,North,Delhi,Home & Kitchen,Air Fryer,4,6640,0.1,23904.0,17553.74,6350.26,UPI
ORD100872,2025-02-11,CUST-00720,Corporate,North,Jaipur,Office,File Organizer,2,600,0.05,1140.0,473.04,666.96,UPI
ORD100873,2025-02-11,CUST-02331,Consumer,West,Ahmedabad,Electronics,Bluetooth Speaker,3,2990,0.05,8521.5,5539.69,2981.81,Not Specified
ORD100874,2025-02-11,CUST-00536,Consumer,East,Kolkata,Electronics,Smartwatch,1,2040,0.05,1938.0,1404.49,533.51,Debit Card
ORD100875,2025-02-11,CUST-01952,Consumer,South,Chennai,Office,Office Chair,2,6010,0.05,11419.0,6059.71,5359.29,Credit Card
ORD100876,2025-02-11,CUST-01861,Consumer,East,Bhubaneswar,Home & Kitchen,Air Fryer,1,4110,0.1,3699.0,2425.38,1273.62,Debit Card
ORD100877,2025-02-11,CUST-01981,Consumer,West,Pune,Fashion,Men's T-Shirt,2,1750,0.1,3150.0,1149.16,2000.84,Debit Card
ORD100878,2025-02-11,CUST-00950,Consumer,West,Pune,Electronics,Bluetooth Earbuds,3,1300,0.05,3705.0,2455.82,1249.18,UPI
ORD100879,2025-02-11,CUST-00517,Consumer,South,Chennai,Electronics,Power Bank,3,2950,0.05,8407.5,4745.24,3662.26,UPI
ORD100880,2025-02-12,CUST-02820,Consumer,South,Chennai,Electronics,Bluetooth Speaker,3,1270,0.05,3619.5,2131.92,1487.58,Net Banking
ORD100881,2025-02-12,CUST-01806,Consumer,West,Ahmedabad,Electronics,LED Television,1,54760,0.05,52022.0,42333.93,9688.07,UPI
ORD100882,2025-02-12,CUST-00698,Corporate,Central,Indore,Electronics,LED Television,3,15900,0.05,45315.0,37657.04,7657.96,Credit Card
ORD100883,2025-02-12,CUST-01280,Small Business,West,Ahmedabad,Fashion,Men's T-Shirt,2,1200,0.1,2160.0,861.23,1298.77,EMI
ORD100884,2025-02-12,CUST-00222,Consumer,Central,Bhopal,Electronics,Bluetooth Earbuds,1,1320,0.05,1254.0,762.39,491.61,Cash on Delivery
ORD100885,2025-02-12,CUST-01499,Small Business,North,Lucknow,Fashion,Running Shoes,3,1260,0.1,3402.0,1603.96,1798.04,Not Specified
ORD100886,2025-02-12,CUST-01321,Consumer,Central,Raipur,Home & Kitchen,Microwave Oven,2,8040,0.05,15276.0,12027.97,3248.03,UPI
ORD100887,2025-02-12,CUST-00420,Consumer,East,Kolkata,Fashion,Winter Jacket,3,5080,0.1,13716.0,8175.02,5540.98,Net Banking
ORD100888,2025-02-12,CUST-01393,Small Business,South,Chennai,Home & Kitchen,Refrigerator,5,21060,0.05,100035.0,74820.36,25214.64,Debit Card
ORD100889,2025-02-12,CUST-02050,Consumer,North,Lucknow,Fashion,Denim Jeans,3,3080,0.1,8316.0,3690.14,4625.86,Net Banking
ORD100890,2025-02-12,CUST-02934,Consumer,North,Dehradun,Home & Kitchen,Water Purifier,3,10940,0.1,29538.0,21988.38,7549.62,UPI
ORD100891,2025-02-12,CUST-02260,Consumer,South,Hyderabad,Office,Stationery Kit,3,300,0.05,855.0,316.37,538.63,UPI
ORD100892,2025-02-12,CUST-01594,Consumer,West,Ahmedabad,Electronics,Smartwatch,2,1950,0.05,3705.0,2530.2,1174.8,Cash on Delivery
ORD100893,2025-02-12,CUST-02467,Consumer,North,Chandigarh,Fashion,Winter Jacket,3,2350,0.1,6345.0,2992.97,3352.03,Debit Card
ORD100894,2025-02-12,CUST-00935,Consumer,North,Lucknow,Office,File Organizer,1,1190,0.05,1130.5,506.44,624.06,UPI
ORD100895,2025-02-12,CUST-02152,Small Business,West,Pune,Electronics,Power Bank,1,1770,0.05,1681.5,804.46,877.04,UPI
ORD100896,2025-02-12,CUST-00022,Corporate,North,Delhi,Office,Laptop Bag,2,3070,0.05,5833.0,3317.34,2515.66,Credit Card
ORD100897,2025-02-13,CUST-00246,Consumer,Central,Jabalpur,Fashion,Denim Jeans,3,2950,0.1,7965.0,3911.93,4053.07,Credit Card
ORD100898,2025-02-13,CUST-01987,Consumer,West,Mumbai,Office,Study Table,3,4380,0.05,12483.0,6994.85,5488.15,EMI
ORD100899,2025-02-13,CUST-00614,Consumer,North,Delhi,Fashion,Running Shoes,2,3530,0.1,6354.0,3226.62,3127.38,UPI
ORD100900,2025-02-13,CUST-02208,Consumer,West,Mumbai,Fashion,Denim Jeans,3,1410,0.1,3807.0,1647.11,2159.89,Debit Card
ORD100901,2025-02-13,CUST-02038,Small Business,South,Kochi,Home & Kitchen,Water Purifier,2,17990,0.05,34181.0,21725.53,12455.47,Credit Card
ORD100902,2025-02-13,CUST-00205,Consumer,West,Nagpur,Fashion,Formal Shirt,2,1000,0.1,1800.0,766.18,1033.82,EMI
ORD100903,2025-02-13,CUST-01208,Consumer,South,Coimbatore,Electronics,Power Bank,1,1310,0.05,1244.5,696.25,548.25,EMI
ORD100904,2025-02-13,CUST-01952,Consumer,South,Chennai,Fashion,Women's Kurti,3,900,0.1,2430.0,1192.7,1237.3,Net Banking
ORD100905,2025-02-13,CUST-02294,Consumer,Central,Gwalior,Electronics,LED Television,2,22290,0.05,42351.0,36046.36,6304.64,UPI
ORD100906,2025-02-13,CUST-02602,Corporate,East,Patna,Office,Study Table,3,9850,0.05,28072.5,17924.09,10148.41,Cash on Delivery
ORD100907,2025-02-14,CUST-01010,Small Business,North,Jaipur,Fashion,Running Shoes,5,3470,0.1,15615.0,7758.54,7856.46,Debit Card
ORD100908,2025-02-14,CUST-02662,Consumer,South,Coimbatore,Electronics,Smartphone,1,9120,0.05,8664.0,7273.27,1390.73,UPI
ORD100909,2025-02-14,CUST-01087,Small Business,West,Pune,Electronics,Laptop,1,31690,0.05,30105.5,28325.57,1779.93,Debit Card
ORD100910,2025-02-14,CUST-00029,Small Business,West,Pune,Home & Kitchen,Microwave Oven,3,5890,0.1,15903.0,12412.47,3490.53,Net Banking
ORD100911,2025-02-14,CUST-01942,Consumer,West,Surat,Fashion,Winter Jacket,3,2300,0.1,6210.0,2862.95,3347.05,Cash on Delivery
ORD100912,2025-02-14,CUST-00786,Corporate,West,Ahmedabad,Fashion,Formal Shirt,2,980,0.1,1764.0,875.3,888.7,Credit Card
ORD100913,2025-02-14,CUST-00395,Consumer,Central,Jabalpur,Office,File Organizer,1,410,0.05,389.5,187.85,201.65,Cash on Delivery
ORD100914,2025-02-14,CUST-00846,Consumer,North,Jaipur,Home & Kitchen,Washing Machine,5,29840,0.1,134280.0,108327.33,25952.67,Debit Card
ORD100915,2025-02-14,CUST-02632,Small Business,Central,Raipur,Home & Kitchen,Water Purifier,3,10810,0.05,30808.5,18079.63,12728.87,Debit Card
ORD100916,2025-02-14,CUST-02896,Small Business,South,Chennai,Home & Kitchen,Water Purifier,4,14050,0.05,53390.0,32950.37,20439.63,UPI
ORD100917,2025-02-14,CUST-03060,Corporate,South,Bengaluru,Electronics,Bluetooth Earbuds,2,5080,0.05,9652.0,6971.22,2680.78,UPI
ORD100918,2025-02-14,CUST-00950,Consumer,West,Pune,Home & Kitchen,Washing Machine,5,37550,0.1,168975.0,140512.68,28462.32,Credit Card
ORD100919,2025-02-14,CUST-01432,Consumer,North,Dehradun,Home & Kitchen,Ceiling Fan,2,1670,0.1,3006.0,1901.75,1104.25,UPI
ORD100920,2025-02-14,CUST-02549,Small Business,East,Patna,Home & Kitchen,Pressure Cooker,4,1010,0.1,3636.0,2430.43,1205.57,UPI
ORD100921,2025-02-14,CUST-00984,Consumer,West,Surat,Electronics,Power Bank,1,1760,0.05,1672.0,890.61,781.39,Debit Card
ORD100922,2025-02-14,CUST-01185,Consumer,East,Guwahati,Home & Kitchen,Pressure Cooker,3,1470,0.1,3969.0,2705.03,1263.97,Debit Card
ORD100923,2025-02-14,CUST-00782,Small Business,Central,Bhopal,Fashion,Wrist Watch,3,980,0.1,2646.0,1556.46,1089.54,UPI
ORD100924,2025-02-15,CUST-01815,Small Business,West,Mumbai,Home & Kitchen,Microwave Oven,3,8100,0.1,21870.0,17406.96,4463.04,Credit Card
ORD100925,2025-02-15,CUST-02114,Consumer,South,Chennai,Home & Kitchen,Water Purifier,3,6080,0.05,17328.0,11397.27,5930.73,Credit Card
ORD100926,2025-02-15,CUST-00984,Consumer,West,Surat,Home & Kitchen,Microwave Oven,2,6050,0.1,10890.0,8642.17,2247.83,Credit Card
ORD100927,2025-02-15,CUST-00075,Consumer,North,Jaipur,Office,Study Table,1,9980,0.05,9481.0,5240.32,4240.68,Cash on Delivery
ORD100928,2025-02-15,CUST-02366,Consumer,West,Mumbai,Electronics,Smartwatch,1,4880,0.05,4636.0,2890.45,1745.55,Debit Card
ORD100929,2025-02-15,CUST-01969,Consumer,South,Kochi,Electronics,Power Bank,1,1760,0.05,1672.0,937.42,734.58,UPI
ORD100930,2025-02-15,CUST-00718,Small Business,North,Lucknow,Office,Laptop Bag,2,1710,0.05,3249.0,1497.92,1751.08,Cash on Delivery
ORD100931,2025-02-15,CUST-00970,Small Business,West,Mumbai,Home & Kitchen,Mixer Grinder,3,6090,0.1,16443.0,10464.89,5978.11,Cash on Delivery
ORD100932,2025-02-15,CUST-03036,Consumer,North,Delhi,Fashion,Winter Jacket,3,5070,0.1,13689.0,7251.88,6437.12,EMI
ORD100933,2025-02-15,CUST-02012,Consumer,North,Jaipur,Electronics,Bluetooth Earbuds,1,4030,0.1,3627.0,2421.97,1205.03,UPI
ORD100934,2025-02-15,CUST-01886,Consumer,Central,Indore,Home & Kitchen,Air Fryer,4,11020,0.05,41876.0,24913.65,16962.35,UPI
ORD100935,2025-02-15,CUST-02052,Small Business,Central,Raipur,Electronics,Bluetooth Speaker,1,3020,0.05,2869.0,1600.81,1268.19,Credit Card
ORD100936,2025-02-15,CUST-03028,Small Business,Central,Bhopal,Home & Kitchen,Air Fryer,5,8560,0.05,40660.0,29874.04,10785.96,Debit Card
ORD100937,2025-02-15,CUST-01028,Small Business,North,Delhi,Office,Stationery Kit,4,1020,0.05,3876.0,1486.24,2389.76,Credit Card
ORD100938,2025-02-15,CUST-00937,Corporate,West,Surat,Fashion,Wrist Watch,2,1000,0.1,1800.0,932.69,867.31,Net Banking
ORD100939,2025-02-15,CUST-01158,Small Business,North,Dehradun,Fashion,Women's Kurti,5,2340,0.1,10530.0,5203.82,5326.18,UPI
ORD100940,2025-02-15,CUST-02544,Consumer,South,Chennai,Office,Desk Lamp,2,610,0.05,1159.0,517.73,641.27,UPI
ORD100941,2025-02-15,CUST-00385,Consumer,South,Coimbatore,Home & Kitchen,Refrigerator,5,28280,0.05,134330.0,101045.84,33284.16,UPI
ORD100942,2025-02-15,CUST-00670,Corporate,West,Surat,Office,Desk Lamp,2,920,0.05,1748.0,837.37,910.63,Credit Card
ORD100943,2025-02-15,CUST-00750,Small Business,Central,Raipur,Home & Kitchen,Water Purifier,5,11110,0.05,52772.5,37697.01,15075.49,EMI
ORD100944,2025-02-15,CUST-02038,Small Business,South,Kochi,Fashion,Women's Kurti,3,1310,0.1,3537.0,1743.19,1793.81,UPI
ORD100945,2025-02-15,CUST-02062,Consumer,West,Mumbai,Home & Kitchen,Washing Machine,3,30600,0.1,82620.0,62124.11,20495.89,Debit Card
ORD100946,2025-02-15,CUST-01148,Consumer,Central,Raipur,Electronics,Smartwatch,2,9940,0.05,18886.0,13456.95,5429.05,Credit Card
ORD100947,2025-02-15,CUST-00926,Consumer,West,Mumbai,Electronics,LED Television,1,30120,0.05,28614.0,23467.11,5146.89,UPI
ORD100948,2025-02-15,CUST-02426,Consumer,South,Hyderabad,Electronics,Tablet,1,17960,0.05,17062.0,14315.4,2746.6,Debit Card
ORD100949,2025-02-15,CUST-00098,Consumer,South,Kochi,Fashion,Denim Jeans,5,2500,0.1,11250.0,5935.22,5314.78,Credit Card
ORD100950,2025-02-15,CUST-02373,Consumer,Central,Jabalpur,Fashion,Formal Shirt,3,1370,0.1,3699.0,1691.55,2007.45,UPI
ORD100951,2025-02-15,CUST-00693,Corporate,Central,Gwalior,Fashion,Winter Jacket,3,3900,0.1,10530.0,4965.89,5564.11,Cash on Delivery
ORD100952,2025-02-15,CUST-02859,Corporate,North,Delhi,Fashion,Denim Jeans,2,970,0.1,1746.0,841.42,904.58,Debit Card
ORD100953,2025-02-15,CUST-01283,Consumer,South,Bengaluru,Office,Stationery Kit,1,290,0.05,275.5,111.67,163.83,Credit Card
ORD100954,2025-02-15,CUST-02065,Consumer,Central,Raipur,Electronics,Bluetooth Speaker,1,3060,0.05,2907.0,1950.71,956.29,Cash on Delivery
ORD100955,2025-02-16,CUST-00385,Consumer,South,Coimbatore,Fashion,Women's Kurti,5,910,0.1,4095.0,1657.17,2437.83,Not Specified
ORD100956,2025-02-16,CUST-00826,Consumer,West,Pune,Electronics,Bluetooth Earbuds,1,3060,0.05,2907.0,1858.35,1048.65,Debit Card
ORD100957,2025-02-16,CUST-02252,Consumer,West,Surat,Office,Stationery Kit,1,490,0.05,465.5,182.96,282.54,EMI
ORD100958,2025-02-16,CUST-01741,Corporate,West,Nagpur,Fashion,Women's Kurti,2,600,0.1,1080.0,372.81,707.19,Cash on Delivery
ORD100959,2025-02-16,CUST-02467,Consumer,North,Chandigarh,Home & Kitchen,Pressure Cooker,1,2880,0.1,2592.0,1495.04,1096.96,UPI
ORD100960,2025-02-16,CUST-01782,Consumer,North,Dehradun,Fashion,Handbag,2,900,0.1,1620.0,600.0,1020.0,EMI
ORD100961,2025-02-16,CUST-01805,Small Business,North,Chandigarh,Fashion,Running Shoes,2,2470,0.1,4446.0,2580.1,1865.9,UPI
ORD100962,2025-02-16,CUST-02729,Consumer,North,Dehradun,Electronics,Bluetooth Speaker,1,5890,0.1,5301.0,3455.82,1845.18,Cash on Delivery
ORD100963,2025-02-16,CUST-01324,Consumer,North,Delhi,Electronics,Power Bank,3,890,0.1,2403.0,1224.98,1178.02,Net Banking
ORD100964,2025-02-16,CUST-02848,Corporate,West,Pune,Electronics,Laptop,1,49280,0.05,46816.0,40419.13,6396.87,Credit Card
ORD100965,2025-02-16,CUST-01148,Consumer,Central,Raipur,Fashion,Men's T-Shirt,3,610,0.1,1647.0,645.9,1001.1,Credit Card
ORD100966,2025-02-16,CUST-01003,Small Business,West,Ahmedabad,Electronics,Power Bank,1,1260,0.05,1197.0,599.66,597.34,Debit Card
ORD100967,2025-02-16,CUST-02494,Consumer,West,Ahmedabad,Electronics,LED Television,1,15790,0.05,15000.5,12534.74,2465.76,Debit Card
ORD100968,2025-02-16,CUST-00035,Consumer,West,Surat,Home & Kitchen,Microwave Oven,1,15860,0.1,14274.0,11608.95,2665.05,Net Banking
ORD100969,2025-02-16,CUST-00542,Small Business,South,Coimbatore,Electronics,Smartphone,1,32950,0.05,31302.5,26826.72,4475.78,Debit Card
ORD100970,2025-02-17,CUST-00244,Consumer,North,Dehradun,Electronics,Bluetooth Speaker,1,6000,0.1,5400.0,3113.21,2286.79,Debit Card
ORD100971,2025-02-17,CUST-01606,Consumer,West,Mumbai,Office,Desk Lamp,1,600,0.05,570.0,262.21,307.79,Credit Card
ORD100972,2025-02-17,CUST-02006,Consumer,North,Jaipur,Home & Kitchen,Mixer Grinder,2,4570,0.1,8226.0,6016.2,2209.8,Debit Card
ORD100973,2025-02-17,CUST-00035,Consumer,West,Surat,Electronics,Laptop,3,47690,0.05,135916.5,114867.62,21048.88,Cash on Delivery
ORD100974,2025-02-17,CUST-00516,Consumer,South,Chennai,Electronics,Bluetooth Speaker,1,1260,0.05,1197.0,638.45,558.55,Credit Card
ORD100975,2025-02-17,CUST-00950,Consumer,West,Pune,Electronics,Bluetooth Speaker,1,2960,0.05,2812.0,1874.22,937.78,Net Banking
ORD100976,2025-02-17,CUST-00950,Consumer,West,Pune,Office,Printer,2,13860,0.05,26334.0,20611.86,5722.14,Credit Card
ORD100977,2025-02-17,CUST-00333,Consumer,North,Delhi,Home & Kitchen,Washing Machine,1,59750,0.1,53775.0,38534.8,15240.2,Credit Card
ORD100978,2025-02-17,CUST-00543,Consumer,West,Nagpur,Office,Laptop Bag,2,1170,0.05,2223.0,1059.38,1163.62,Credit Card
ORD100979,2025-02-17,CUST-02690,Consumer,West,Pune,Office,Study Table,4,13170,0.05,50046.0,32033.62,18012.38,UPI
ORD100980,2025-02-18,CUST-02252,Consumer,West,Surat,Office,Study Table,3,7840,0.05,22344.0,13547.02,8796.98,UPI
ORD100981,2025-02-18,CUST-00950,Consumer,West,Pune,Home & Kitchen,Microwave Oven,2,9810,0.1,17658.0,12846.92,4811.08,Debit Card
ORD100982,2025-02-18,CUST-00866,Small Business,South,Chennai,Electronics,Smartphone,3,8940,0.05,25479.0,22291.3,3187.7,Credit Card
ORD100983,2025-02-18,CUST-00275,Small Business,South,Hyderabad,Electronics,Laptop,1,83880,0.05,79686.0,71169.97,8516.03,Cash on Delivery
ORD100984,2025-02-18,CUST-01072,Consumer,North,Jaipur,Electronics,Smartphone,1,12610,0.1,11349.0,10246.43,1102.57,Debit Card
ORD100985,2025-02-18,CUST-01227,Consumer,South,Coimbatore,Home & Kitchen,Pressure Cooker,1,990,0.05,940.5,610.0,330.5,UPI
ORD100986,2025-02-18,CUST-02862,Small Business,North,Chandigarh,Fashion,Women's Kurti,3,1280,0.1,3456.0,1154.55,2301.45,UPI
ORD100987,2025-02-18,CUST-02390,Small Business,Central,Bhopal,Home & Kitchen,Water Purifier,5,7760,0.05,36860.0,24837.05,12022.95,UPI
ORD100988,2025-02-18,CUST-01517,Consumer,West,Surat,Home & Kitchen,Microwave Oven,3,9960,0.1,26892.0,21175.72,5716.28,UPI
ORD100989,2025-02-18,CUST-00432,Consumer,North,Jaipur,Office,Whiteboard,1,3340,0.05,3173.0,1798.38,1374.62,Cash on Delivery
ORD100990,2025-02-18,CUST-02103,Consumer,East,Ranchi,Fashion,Men's T-Shirt,1,1710,0.1,1539.0,747.94,791.06,UPI
ORD100991,2025-02-18,CUST-02961,Consumer,South,Chennai,Electronics,Smartwatch,2,13740,0.05,26106.0,18535.24,7570.76,UPI
ORD100992,2025-02-18,CUST-00265,Consumer,West,Ahmedabad,Fashion,Winter Jacket,3,4090,0.1,11043.0,4859.1,6183.9,UPI
ORD100993,2025-02-19,CUST-02698,Consumer,West,Pune,Home & Kitchen,Ceiling Fan,5,4030,0.1,18135.0,12644.13,5490.87,Credit Card
ORD100994,2025-02-19,CUST-00567,Consumer,East,Patna,Fashion,Handbag,3,1950,0.1,5265.0,2405.13,2859.87,Credit Card
ORD100995,2025-02-19,CUST-02254,Consumer,West,Mumbai,Electronics,Smartphone,3,42240,0.05,120384.0,107718.32,12665.68,Net Banking
ORD100996,2025-02-19,CUST-00584,Consumer,Central,Indore,Office,Office Chair,4,20350,0.05,77330.0,48317.96,29012.04,Cash on Delivery
ORD100997,2025-02-19,CUST-01902,Small Business,South,Hyderabad,Fashion,Formal Shirt,3,680,0.1,1836.0,837.12,998.88,UPI
ORD100998,2025-02-19,CUST-00782,Small Business,Central,Bhopal,Home & Kitchen,Mixer Grinder,2,2460,0.05,4674.0,3154.63,1519.37,Cash on Delivery
ORD100999,2025-02-19,CUST-01701,Consumer,South,Chennai,Electronics,Bluetooth Earbuds,1,4050,0.05,3847.5,2573.01,1274.49,UPI
ORD101000,2025-02-19,CUST-01903,Small Business,North,Jaipur,Home & Kitchen,Refrigerator,1,68000,0.1,61200.0,42343.58,18856.42,EMI
ORD101001,2025-02-19,CUST-01972,Consumer,North,Lucknow,Home & Kitchen,Air Fryer,3,5150,0.1,13905.0,9007.86,4897.14,Net Banking
ORD101002,2025-02-19,CUST-02194,Small Business,South,Bengaluru,Home & Kitchen,Microwave Oven,3,16180,0.05,46113.0,30671.14,15441.86,UPI
ORD101003,2025-02-19,CUST-00232,Consumer,East,Ranchi,Office,Study Table,2,10030,0.05,19057.0,10106.35,8950.65,Credit Card
ORD101004,2025-02-19,CUST-02261,Consumer,East,Kolkata,Fashion,Wrist Watch,2,2480,0.1,4464.0,1779.61,2684.39,EMI
ORD101005,2025-02-19,CUST-00492,Consumer,Central,Raipur,Home & Kitchen,Refrigerator,3,35870,0.05,102229.5,74424.37,27805.13,Debit Card
ORD101006,2025-02-19,CUST-02185,Consumer,North,Chandigarh,Fashion,Wrist Watch,4,990,0.1,3564.0,1737.54,1826.46,UPI
ORD101007,2025-02-19,CUST-00394,Consumer,South,Coimbatore,Office,Whiteboard,1,3330,0.05,3163.5,1801.58,1361.92,UPI
ORD101008,2025-02-19,CUST-01517,Consumer,West,Surat,Electronics,Tablet,3,18270,0.05,52069.5,45272.72,6796.78,UPI
ORD101009,2025-02-19,CUST-01189,Consumer,South,Bengaluru,Electronics,Bluetooth Speaker,2,2020,0.05,3838.0,2025.3,1812.7,UPI
ORD101010,2025-02-19,CUST-03076,Consumer,South,Hyderabad,Electronics,Smartphone,1,18190,0.05,17280.5,14351.04,2929.46,Credit Card
ORD101011,2025-02-20,CUST-02014,Consumer,South,Coimbatore,Fashion,Winter Jacket,2,2240,0.1,4032.0,1921.99,2110.01,UPI
ORD101012,2025-02-20,CUST-00306,Small Business,West,Mumbai,Home & Kitchen,Pressure Cooker,3,2820,0.1,7614.0,4577.28,3036.72,UPI
ORD101013,2025-02-20,CUST-02254,Consumer,West,Mumbai,Electronics,LED Television,1,21630,0.05,20548.5,18332.64,2215.86,EMI
ORD101014,2025-02-20,CUST-00620,Consumer,South,Chennai,Home & Kitchen,Washing Machine,5,38380,0.05,182305.0,133759.01,48545.99,UPI
ORD101015,2025-02-20,CUST-00950,Consumer,West,Pune,Office,Stationery Kit,3,980,0.05,2793.0,1255.52,1537.48,Net Banking
ORD101016,2025-02-20,CUST-01165,Consumer,North,Dehradun,Office,Laptop Bag,2,1200,0.05,2280.0,1095.57,1184.43,UPI
ORD101017,2025-02-20,CUST-02487,Corporate,West,Surat,Electronics,Bluetooth Earbuds,1,2990,0.05,2840.5,1994.28,846.22,Credit Card
ORD101018,2025-02-20,CUST-02993,Consumer,South,Chennai,Fashion,Handbag,5,2030,0.1,9135.0,4059.32,5075.68,UPI
ORD101019,2025-02-20,CUST-02918,Corporate,West,Pune,Electronics,Smartwatch,3,6900,0.05,19665.0,12464.22,7200.78,Not Specified
ORD101020,2025-02-20,CUST-00542,Small Business,South,Coimbatore,Fashion,Denim Jeans,2,2530,0.1,4554.0,1988.51,2565.49,UPI
ORD101021,2025-02-20,CUST-00192,Consumer,North,Jaipur,Office,Desk Lamp,2,1330,0.05,2527.0,1307.99,1219.01,UPI
ORD101022,2025-02-21,CUST-02635,Small Business,West,Ahmedabad,Office,Whiteboard,2,1510,0.05,2869.0,1585.01,1283.99,Credit Card
ORD101023,2025-02-21,CUST-00950,Consumer,West,Pune,Electronics,Bluetooth Earbuds,3,3910,0.05,11143.5,7230.98,3912.52,UPI
ORD101024,2025-02-21,CUST-01848,Consumer,South,Bengaluru,Home & Kitchen,Refrigerator,3,35130,0.05,100120.5,75809.25,24311.25,EMI
ORD101025,2025-02-21,CUST-03125,Corporate,West,Nagpur,Office,File Organizer,1,610,0.05,579.5,220.45,359.05,UPI
ORD101026,2025-02-21,CUST-00590,Consumer,South,Bengaluru,Fashion,Formal Shirt,5,1000,0.1,4500.0,2113.1,2386.9,EMI
ORD101027,2025-02-21,CUST-01150,Consumer,West,Ahmedabad,Electronics,Smartwatch,1,1950,0.05,1852.5,1131.0,721.5,EMI
ORD101028,2025-02-21,CUST-02754,Small Business,East,Guwahati,Electronics,Laptop,1,39820,0.05,37829.0,34027.08,3801.92,EMI
ORD101029,2025-02-21,CUST-02087,Consumer,South,Chennai,Home & Kitchen,Mixer Grinder,2,3340,0.05,6346.0,4431.47,1914.53,UPI
ORD101030,2025-02-21,CUST-02966,Corporate,North,Chandigarh,Home & Kitchen,Ceiling Fan,3,2840,0.1,7668.0,5497.81,2170.19,Net Banking
ORD101031,2025-02-21,CUST-02019,Small Business,Central,Raipur,Home & Kitchen,Refrigerator,2,57800,0.05,109820.0,82768.32,27051.68,Debit Card
ORD101032,2025-02-21,CUST-00950,Consumer,West,Pune,Office,Laptop Bag,2,1670,0.05,3173.0,1711.01,1461.99,Credit Card
ORD101033,2025-02-21,CUST-02559,Consumer,North,Jaipur,Home & Kitchen,Water Purifier,2,13760,0.1,24768.0,15656.52,9111.48,UPI
ORD101034,2025-02-21,CUST-02444,Consumer,South,Coimbatore,Home & Kitchen,Air Fryer,2,5110,0.05,9709.0,6670.26,3038.74,Credit Card
ORD101035,2025-02-21,CUST-02950,Consumer,East,Ranchi,Electronics,Laptop,2,87320,0.05,165908.0,156201.12,9706.88,UPI
ORD101036,2025-02-21,CUST-01502,Consumer,North,Jaipur,Fashion,Denim Jeans,3,1000,0.1,2700.0,1468.27,1231.73,Debit Card
ORD101037,2025-02-21,CUST-01597,Consumer,Central,Raipur,Electronics,Bluetooth Earbuds,3,1310,0.05,3733.5,2240.89,1492.61,Net Banking
ORD101038,2025-02-21,CUST-00988,Consumer,North,Dehradun,Fashion,Running Shoes,1,2450,0.1,2205.0,1000.66,1204.34,Net Banking
ORD101039,2025-02-21,CUST-00893,Consumer,South,Hyderabad,Electronics,Bluetooth Earbuds,1,3080,0.05,2926.0,2153.49,772.51,Net Banking
ORD101040,2025-02-22,CUST-03195,Small Business,West,Nagpur,Home & Kitchen,Washing Machine,3,60050,0.1,162135.0,109719.75,52415.25,UPI
ORD101041,2025-02-22,CUST-03120,Consumer,South,Chennai,Fashion,Formal Shirt,2,1380,0.1,2484.0,909.22,1574.78,Credit Card
ORD101042,2025-02-22,CUST-01659,Corporate,West,Mumbai,Fashion,Winter Jacket,3,2310,0.1,6237.0,3194.49,3042.51,UPI
ORD101043,2025-02-22,CUST-03032,Consumer,West,Nagpur,Home & Kitchen,Mixer Grinder,4,5850,0.1,21060.0,15363.98,5696.02,Cash on Delivery
ORD101044,2025-02-22,CUST-01091,Consumer,North,Dehradun,Office,Study Table,1,13040,0.05,12388.0,6665.62,5722.38,UPI
ORD101045,2025-02-22,CUST-02703,Small Business,West,Pune,Fashion,Men's T-Shirt,5,590,0.1,2655.0,1123.42,1531.58,EMI
ORD101046,2025-02-22,CUST-02034,Small Business,West,Ahmedabad,Electronics,Smartwatch,1,1970,0.05,1871.5,1230.84,640.66,Credit Card
ORD101047,2025-02-22,CUST-02300,Small Business,Central,Bhopal,Home & Kitchen,Washing Machine,2,24270,0.05,46113.0,30687.18,15425.82,Credit Card
ORD101048,2025-02-22,CUST-02305,Corporate,West,Pune,Electronics,Laptop,1,70530,0.05,67003.5,60668.15,6335.35,Credit Card
ORD101049,2025-02-22,CUST-02037,Consumer,South,Bengaluru,Office,Study Table,4,4400,0.05,16720.0,10093.88,6626.12,UPI
ORD101050,2025-02-22,CUST-02708,Consumer,East,Ranchi,Home & Kitchen,Mixer Grinder,3,1800,0.1,4860.0,3243.28,1616.72,Cash on Delivery
ORD101051,2025-02-22,CUST-01207,Consumer,North,Chandigarh,Electronics,Power Bank,3,1830,0.1,4941.0,2792.57,2148.43,UPI
ORD101052,2025-02-22,CUST-02699,Consumer,West,Pune,Fashion,Handbag,2,2930,0.1,5274.0,2562.5,2711.5,EMI
ORD101053,2025-02-22,CUST-00582,Consumer,Central,Jabalpur,Electronics,Bluetooth Speaker,1,3940,0.05,3743.0,2131.81,1611.19,UPI
ORD101054,2025-02-22,CUST-00645,Corporate,West,Surat,Electronics,Laptop,1,68560,0.05,65132.0,58513.12,6618.88,Debit Card
ORD101055,2025-02-22,CUST-02303,Consumer,North,Lucknow,Home & Kitchen,Washing Machine,3,18660,0.1,50382.0,38401.41,11980.59,Debit Card
ORD101056,2025-02-22,CUST-02405,Consumer,East,Ranchi,Electronics,Bluetooth Speaker,1,1330,0.05,1263.5,720.3,543.2,UPI
ORD101057,2025-02-22,CUST-02859,Corporate,North,Delhi,Office,Office Chair,2,20550,0.05,39045.0,25655.97,13389.03,Net Banking
ORD101058,2025-02-22,CUST-00920,Corporate,West,Surat,Electronics,Smartphone,2,18340,0.05,34846.0,31830.61,3015.39,EMI
ORD101059,2025-02-22,CUST-00180,Consumer,West,Nagpur,Home & Kitchen,Microwave Oven,3,8010,0.1,21627.0,16330.88,5296.12,UPI
ORD101060,2025-02-22,CUST-01604,Consumer,West,Ahmedabad,Fashion,Running Shoes,3,1270,0.1,3429.0,1879.25,1549.75,Debit Card
ORD101061,2025-02-22,CUST-02778,Consumer,North,Jaipur,Fashion,Running Shoes,4,1790,0.1,6444.0,3258.93,3185.07,Credit Card
ORD101062,2025-02-22,CUST-03089,Consumer,West,Ahmedabad,Electronics,Bluetooth Earbuds,1,4060,0.05,3857.0,2753.58,1103.42,UPI
ORD101063,2025-02-22,CUST-02727,Consumer,West,Surat,Fashion,Running Shoes,5,1820,0.1,8190.0,4349.27,3840.73,Debit Card
ORD101064,2025-02-22,CUST-01551,Small Business,South,Chennai,Electronics,Laptop,1,70470,0.05,66946.5,57252.0,9694.5,EMI
ORD101065,2025-02-22,CUST-02743,Consumer,South,Kochi,Electronics,Smartphone,3,17760,0.05,50616.0,43668.94,6947.06,Credit Card
ORD101066,2025-02-22,CUST-00702,Not Specified,East,Patna,Home & Kitchen,Mixer Grinder,5,3270,0.1,14715.0,10481.81,4233.19,Credit Card
ORD101067,2025-02-23,CUST-02910,Corporate,West,Nagpur,Fashion,Formal Shirt,2,690,0.1,1242.0,507.58,734.42,UPI
ORD101068,2025-02-23,CUST-01792,Small Business,East,Bhubaneswar,Home & Kitchen,Air Fryer,3,10690,0.1,28863.0,22277.02,6585.98,Credit Card
ORD101069,2025-02-23,CUST-01198,Consumer,North,Dehradun,Fashion,Women's Kurti,3,1780,0.1,4806.0,2075.58,2730.42,Cash on Delivery
ORD101070,2025-02-23,CUST-01843,Consumer,South,Coimbatore,Fashion,Formal Shirt,4,1380,0.1,4968.0,2553.82,2414.18,Cash on Delivery
ORD101071,2025-02-23,CUST-02500,Consumer,North,Dehradun,Home & Kitchen,Mixer Grinder,1,3360,0.1,3024.0,1856.4,1167.6,Debit Card
ORD101072,2025-02-23,CUST-00784,Consumer,East,Bhubaneswar,Home & Kitchen,Ceiling Fan,2,2200,0.1,3960.0,2931.87,1028.13,UPI
ORD101073,2025-02-23,CUST-00340,Small Business,West,Pune,Electronics,Tablet,2,28530,0.05,54207.0,42523.92,11683.08,UPI
ORD101074,2025-02-23,CUST-02357,Consumer,Central,Gwalior,Electronics,LED Television,1,30830,0.05,29288.5,24797.6,4490.9,UPI
ORD101075,2025-02-23,CUST-03023,Consumer,Central,Bhopal,Home & Kitchen,Water Purifier,3,11180,0.05,31863.0,20932.1,10930.9,Debit Card
ORD101076,2025-02-23,CUST-02039,Corporate,North,Delhi,Electronics,Smartphone,3,43720,0.1,118044.0,114943.96,3100.04,UPI
ORD101077,2025-02-23,CUST-00457,Small Business,South,Chennai,Electronics,Bluetooth Earbuds,2,1310,0.05,2489.0,1484.59,1004.41,UPI
ORD101078,2025-02-23,CUST-02069,Small Business,North,Dehradun,Electronics,LED Television,1,21950,0.1,19755.0,17602.55,2152.45,Debit Card
ORD101079,2025-02-23,CUST-00383,Consumer,East,Kolkata,Home & Kitchen,Refrigerator,5,57520,0.1,258840.0,179626.48,79213.52,UPI
ORD101080,2025-02-23,CUST-00950,Consumer,West,Pune,Fashion,Women's Kurti,5,1260,0.1,5670.0,2975.1,2694.9,UPI
ORD101081,2025-02-23,CUST-00098,Consumer,South,Kochi,Electronics,Tablet,2,14230,0.05,27037.0,20652.18,6384.82,Debit Card
ORD101082,2025-02-23,CUST-01544,Consumer,North,Dehradun,Electronics,Smartwatch,3,7090,0.1,19143.0,12530.45,6612.55,Debit Card
ORD101083,2025-02-23,CUST-00987,Consumer,North,Dehradun,Home & Kitchen,Washing Machine,5,24010,0.1,108045.0,86431.81,21613.19,Net Banking
ORD101084,2025-02-23,CUST-00335,Small Business,North,Lucknow,Home & Kitchen,Refrigerator,2,27620,0.1,49716.0,34722.35,14993.65,UPI
ORD101085,2025-02-23,CUST-00955,Consumer,East,Kolkata,Electronics,LED Television,3,40450,0.05,115282.5,101166.6,14115.9,EMI
ORD101086,2025-02-23,CUST-02081,Consumer,West,Surat,Home & Kitchen,Air Fryer,2,6490,0.1,11682.0,8828.8,2853.2,Cash on Delivery
ORD101087,2025-02-23,CUST-00950,Consumer,West,Pune,Fashion,Handbag,4,3990,0.1,14364.0,5892.26,8471.74,UPI
ORD101088,2025-02-23,CUST-00459,Small Business,South,Chennai,Electronics,Smartwatch,3,3550,0.05,10117.5,7297.13,2820.37,UPI
ORD101089,2025-02-23,CUST-01714,Small Business,West,Pune,Electronics,Laptop,1,58020,0.05,55119.0,47013.33,8105.67,UPI
ORD101090,2025-02-23,CUST-02421,Small Business,South,Bengaluru,Fashion,Denim Jeans,1,1400,0.1,1260.0,495.13,764.87,UPI
ORD101091,2025-02-23,CUST-02644,Consumer,West,Nagpur,Electronics,Laptop,2,39880,0.05,75772.0,68783.91,6988.09,Cash on Delivery
ORD101092,2025-02-23,CUST-01488,Consumer,Central,Jabalpur,Electronics,LED Television,1,76100,0.05,72295.0,63701.31,8593.69,UPI
ORD101093,2025-02-23,CUST-02284,Consumer,West,Nagpur,Fashion,Handbag,3,1410,0.1,3807.0,1450.2,2356.8,UPI
ORD101094,2025-02-23,CUST-02654,Corporate,North,Delhi,Office,Office Chair,1,7870,0.05,7476.5,4635.74,2840.76,UPI
ORD101095,2025-02-23,CUST-02165,Consumer,West,Mumbai,Electronics,Laptop,3,38870,0.05,110779.5,95466.63,15312.87,Debit Card
ORD101096,2025-02-24,CUST-01651,Consumer,West,Mumbai,Electronics,Tablet,1,10030,0.05,9528.5,7783.1,1745.4,Net Banking
ORD101097,2025-02-24,CUST-00191,Consumer,South,Kochi,Home & Kitchen,Ceiling Fan,3,1310,0.05,3733.5,2578.55,1154.95,UPI
ORD101098,2025-02-24,CUST-00950,Consumer,West,Pune,Fashion,Men's T-Shirt,2,390,0.1,702.0,234.43,467.57,UPI
ORD101099,2025-02-24,CUST-00986,Consumer,North,Chandigarh,Electronics,Bluetooth Speaker,2,2040,0.1,3672.0,2279.22,1392.78,Cash on Delivery
ORD101100,2025-02-24,CUST-01216,Corporate,West,Surat,Fashion,Handbag,4,4080,0.1,14688.0,7495.96,7192.04,UPI
ORD101101,2025-02-24,CUST-03018,Consumer,Central,Indore,Fashion,Women's Kurti,2,1290,0.1,2322.0,1231.71,1090.29,Net Banking
ORD101102,2025-02-24,CUST-00682,Consumer,North,Dehradun,Fashion,Running Shoes,1,4960,0.1,4464.0,2583.77,1880.23,UPI
ORD101103,2025-02-24,CUST-01700,Small Business,West,Nagpur,Home & Kitchen,Washing Machine,1,48370,0.1,43533.0,31601.33,11931.67,UPI
ORD101104,2025-02-24,CUST-03175,Consumer,South,Bengaluru,Electronics,Smartphone,2,8730,0.05,16587.0,14416.57,2170.43,UPI
ORD101105,2025-02-24,CUST-01974,Corporate,West,Surat,Electronics,Power Bank,1,1780,0.05,1691.0,924.2,766.8,UPI
ORD101106,2025-02-24,CUST-00682,Consumer,North,Dehradun,Office,Office Chair,3,5980,0.05,17043.0,9804.72,7238.28,UPI
ORD101107,2025-02-24,CUST-03053,Small Business,South,Hyderabad,Fashion,Handbag,3,1430,0.1,3861.0,1571.11,2289.89,Cash on Delivery
ORD101108,2025-02-24,CUST-01026,Consumer,South,Kochi,Fashion,Women's Kurti,2,1750,0.1,3150.0,1184.47,1965.53,UPI
ORD101109,2025-02-24,CUST-00147,Corporate,South,Coimbatore,Fashion,Winter Jacket,5,2280,0.1,10260.0,4759.33,5500.67,EMI
ORD101110,2025-02-24,CUST-01348,Consumer,West,Surat,Home & Kitchen,Refrigerator,2,44760,0.1,80568.0,66565.92,14002.08,UPI
ORD101111,2025-02-24,CUST-00785,Consumer,North,Jaipur,Home & Kitchen,Air Fryer,3,6680,0.1,18036.0,12700.57,5335.43,UPI
ORD101112,2025-02-24,CUST-02608,Consumer,West,Surat,Home & Kitchen,Mixer Grinder,1,6150,0.1,5535.0,3659.41,1875.59,Net Banking
ORD101113,2025-02-24,CUST-00721,Consumer,North,Delhi,Home & Kitchen,Mixer Grinder,1,1760,0.1,1584.0,987.56,596.44,UPI
ORD101114,2025-02-24,CUST-02613,Corporate,West,Ahmedabad,Fashion,Running Shoes,3,5050,0.1,13635.0,7321.27,6313.73,Credit Card
ORD101115,2025-02-24,CUST-00114,Consumer,West,Mumbai,Home & Kitchen,Refrigerator,5,27270,0.1,122715.0,101906.79,20808.21,UPI
ORD101116,2025-02-25,CUST-02935,Consumer,Central,Bhopal,Home & Kitchen,Refrigerator,4,70040,0.05,266152.0,181274.46,84877.54,UPI
ORD101117,2025-02-25,CUST-00129,Consumer,Central,Gwalior,Electronics,Laptop,1,82720,0.05,78584.0,70825.79,7758.21,UPI
ORD101118,2025-02-25,CUST-02971,Consumer,West,Surat,Fashion,Women's Kurti,2,1750,0.1,3150.0,1527.03,1622.97,Credit Card
ORD101119,2025-02-25,CUST-00249,Small Business,East,Ranchi,Fashion,Handbag,4,900,0.1,3240.0,1410.02,1829.98,Net Banking
ORD101120,2025-02-25,CUST-02770,Consumer,South,Kochi,Office,Stationery Kit,3,500,0.05,1425.0,647.6,777.4,Debit Card
ORD101121,2025-02-25,CUST-02648,Consumer,West,Ahmedabad,Electronics,Power Bank,1,1800,0.05,1710.0,1031.19,678.81,UPI
ORD101122,2025-02-25,CUST-01886,Consumer,Central,Indore,Office,Office Chair,3,15250,0.05,43462.5,24621.43,18841.07,UPI
ORD101123,2025-02-25,CUST-00113,Consumer,West,Ahmedabad,Electronics,Power Bank,1,2920,0.05,2774.0,1643.15,1130.85,Net Banking
ORD101124,2025-02-25,CUST-01979,Corporate,East,Kolkata,Electronics,Bluetooth Speaker,2,3030,0.05,5757.0,3911.22,1845.78,UPI
ORD101125,2025-02-25,CUST-01972,Consumer,North,Lucknow,Electronics,Tablet,3,22440,0.1,60588.0,55348.13,5239.87,UPI
ORD101126,2025-02-25,CUST-01767,Consumer,East,Ranchi,Fashion,Men's T-Shirt,5,1220,0.1,5490.0,2584.01,2905.99,Cash on Delivery
ORD101127,2025-02-25,CUST-02018,Consumer,South,Bengaluru,Home & Kitchen,Refrigerator,5,46000,0.05,218500.0,165562.56,52937.44,Debit Card
ORD101128,2025-02-25,CUST-03078,Consumer,West,Ahmedabad,Home & Kitchen,Pressure Cooker,3,3530,0.1,9531.0,5609.96,3921.04,Net Banking
ORD101129,2025-02-25,CUST-03191,Small Business,Central,Gwalior,Office,Study Table,1,4630,0.05,4398.5,2501.33,1897.17,Credit Card
ORD101130,2025-02-25,CUST-01631,Consumer,South,Hyderabad,Office,Study Table,2,13050,0.05,24795.0,16348.07,8446.93,Cash on Delivery
ORD101131,2025-02-25,CUST-00320,Corporate,North,Delhi,Office,Whiteboard,2,3210,0.05,6099.0,3026.42,3072.58,UPI
ORD101132,2025-02-25,CUST-00426,Consumer,North,Chandigarh,Electronics,Laptop,2,31570,0.1,56826.0,51402.65,5423.35,UPI
ORD101133,2025-02-25,CUST-02308,Corporate,South,Chennai,Electronics,LED Television,1,75790,0.05,72000.5,63610.75,8389.75,Debit Card
ORD101134,2025-02-25,CUST-03139,Consumer,West,Mumbai,Home & Kitchen,Pressure Cooker,2,3550,0.1,6390.0,3735.95,2654.05,Debit Card
ORD101135,2025-02-25,CUST-01360,Corporate,North,Delhi,Home & Kitchen,Refrigerator,4,34280,0.1,123408.0,102505.18,20902.82,Credit Card
ORD101136,2025-02-25,CUST-00337,Consumer,West,Mumbai,Office,Office Chair,1,10790,0.05,10250.5,5752.96,4497.54,UPI
ORD101137,2025-02-25,CUST-01085,Consumer,Central,Bhopal,Office,Printer,2,4900,0.05,9310.0,7092.7,2217.3,Debit Card
ORD101138,2025-02-25,CUST-01184,Small Business,West,Mumbai,Electronics,Laptop,1,32710,0.05,31074.5,29230.84,1843.66,UPI
ORD101139,2025-02-25,CUST-03195,Small Business,West,Nagpur,Home & Kitchen,Washing Machine,3,57780,0.1,156006.0,121300.7,34705.3,Credit Card
ORD101140,2025-02-25,CUST-02207,Consumer,Central,Jabalpur,Fashion,Men's T-Shirt,3,2460,0.1,6642.0,2971.3,3670.7,UPI
ORD101141,2025-02-26,CUST-00384,Consumer,South,Kochi,Electronics,Laptop,1,59480,0.05,56506.0,51904.85,4601.15,Credit Card
ORD101142,2025-02-26,CUST-01026,Consumer,South,Kochi,Office,Printer,3,13710,0.05,39073.5,30910.42,8163.08,UPI
ORD101143,2025-02-26,CUST-00147,Corporate,South,Coimbatore,Electronics,Laptop,1,84530,0.05,80303.5,72050.12,8253.38,Debit Card
ORD101144,2025-02-26,CUST-02100,Small Business,West,Ahmedabad,Home & Kitchen,Water Purifier,2,18360,0.1,33048.0,23141.09,9906.91,UPI
ORD101145,2025-02-26,CUST-02164,Small Business,West,Pune,Office,Printer,2,6890,0.05,13091.0,10567.68,2523.32,Credit Card
ORD101146,2025-02-26,CUST-00181,Corporate,West,Pune,Office,Whiteboard,2,990,0.05,1881.0,1009.71,871.29,UPI
ORD101147,2025-02-26,CUST-01026,Consumer,South,Kochi,Home & Kitchen,Microwave Oven,3,7800,0.05,22230.0,15297.06,6932.94,UPI
ORD101148,2025-02-26,CUST-02859,Corporate,North,Delhi,Electronics,LED Television,1,29700,0.1,26730.0,24053.84,2676.16,Credit Card
ORD101149,2025-02-26,CUST-02630,Consumer,North,Jaipur,Electronics,Tablet,1,28440,0.1,25596.0,23997.07,1598.93,UPI
ORD101150,2025-02-26,CUST-01821,Consumer,West,Ahmedabad,Office,Whiteboard,2,2240,0.05,4256.0,2484.24,1771.76,Debit Card
ORD101151,2025-02-26,CUST-01540,Consumer,West,Surat,Electronics,Bluetooth Speaker,2,1260,0.05,2394.0,1402.68,991.32,Cash on Delivery
ORD101152,2025-02-26,CUST-03186,Consumer,North,Lucknow,Home & Kitchen,Ceiling Fan,2,1740,0.1,3132.0,2313.44,818.56,Net Banking
ORD101153,2025-02-26,CUST-02317,Consumer,East,Kolkata,Electronics,Smartphone,1,9240,0.05,8778.0,7269.14,1508.86,EMI
ORD101154,2025-02-26,CUST-03024,Small Business,East,Patna,Fashion,Men's T-Shirt,5,810,0.1,3645.0,1451.95,2193.05,Debit Card
ORD101155,2025-02-26,CUST-00244,Consumer,North,Dehradun,Fashion,Formal Shirt,1,1020,0.1,918.0,410.39,507.61,Debit Card
ORD101156,2025-02-26,CUST-00698,Corporate,Central,Indore,Fashion,Handbag,1,2950,0.1,2655.0,1122.74,1532.26,Cash on Delivery
ORD101157,2025-02-26,CUST-00098,Consumer,South,Kochi,Home & Kitchen,Microwave Oven,4,9980,0.05,37924.0,24867.91,13056.09,UPI
ORD101158,2025-02-27,CUST-02756,Corporate,North,Jaipur,Home & Kitchen,Mixer Grinder,5,2440,0.1,10980.0,6955.0,4025.0,UPI
ORD101159,2025-02-27,CUST-02232,Corporate,East,Ranchi,Fashion,Denim Jeans,1,2440,0.1,2196.0,930.89,1265.11,Debit Card
ORD101160,2025-02-27,CUST-00554,Small Business,Central,Bhopal,Office,Printer,1,7090,0.05,6735.5,5361.9,1373.6,UPI
ORD101161,2025-02-27,CUST-03104,Consumer,South,Bengaluru,Office,Study Table,3,4550,0.05,12967.5,6855.02,6112.48,Cash on Delivery
ORD101162,2025-02-27,CUST-03035,Small Business,South,Bengaluru,Electronics,Smartwatch,3,7120,0.05,20292.0,14372.16,5919.84,Debit Card
ORD101163,2025-02-27,CUST-00738,Consumer,Central,Raipur,Home & Kitchen,Ceiling Fan,2,1690,0.05,3211.0,2079.34,1131.66,Debit Card
ORD101164,2025-02-27,CUST-02078,Small Business,North,Chandigarh,Home & Kitchen,Microwave Oven,1,10130,0.1,9117.0,6800.31,2316.69,Cash on Delivery
ORD101165,2025-02-27,CUST-02148,Consumer,East,Bhubaneswar,Electronics,Laptop,1,40590,0.05,38560.5,33261.19,5299.31,Credit Card
ORD101166,2025-02-27,CUST-00020,Consumer,North,Lucknow,Home & Kitchen,Mixer Grinder,3,3380,0.1,9126.0,6239.99,2886.01,EMI
ORD101167,2025-02-27,CUST-02208,Consumer,West,Mumbai,Electronics,Bluetooth Speaker,1,6060,0.05,5757.0,3550.66,2206.34,UPI
ORD101168,2025-02-27,CUST-00722,Corporate,North,Chandigarh,Fashion,Women's Kurti,3,880,0.1,2376.0,1231.19,1144.81,Cash on Delivery
ORD101169,2025-02-27,CUST-02859,Corporate,North,Delhi,Fashion,Running Shoes,3,1260,0.1,3402.0,1733.47,1668.53,Debit Card
ORD101170,2025-02-27,CUST-02662,Consumer,South,Coimbatore,Home & Kitchen,Washing Machine,3,30750,0.05,87637.5,56487.91,31149.59,Cash on Delivery
ORD101171,2025-02-27,CUST-02866,Small Business,East,Bhubaneswar,Electronics,Power Bank,3,910,0.05,2593.5,1397.18,1196.32,Credit Card
ORD101172,2025-02-27,CUST-02436,Corporate,South,Hyderabad,Fashion,Men's T-Shirt,2,2450,0.1,4410.0,2094.04,2315.96,Credit Card
ORD101173,2025-02-27,CUST-00529,Consumer,South,Chennai,Fashion,Formal Shirt,2,1940,0.1,3492.0,1626.54,1865.46,Credit Card
ORD101174,2025-02-27,CUST-01111,Consumer,South,Kochi,Home & Kitchen,Water Purifier,5,17670,0.05,83932.5,53632.43,30300.07,UPI
ORD101175,2025-02-27,CUST-02280,Consumer,East,Kolkata,Fashion,Formal Shirt,4,980,0.1,3528.0,1763.01,1764.99,EMI
ORD101176,2025-02-27,CUST-00988,Consumer,North,Dehradun,Electronics,Bluetooth Earbuds,2,2930,0.1,5274.0,3646.85,1627.15,Debit Card
ORD101177,2025-02-28,CUST-02283,Small Business,South,Coimbatore,Home & Kitchen,Ceiling Fan,4,1300,0.05,4940.0,3456.45,1483.55,Cash on Delivery
ORD101178,2025-02-28,CUST-01026,Consumer,South,Kochi,Home & Kitchen,Refrigerator,4,21350,0.05,81130.0,59127.8,22002.2,Debit Card
ORD101179,2025-02-28,CUST-00554,Small Business,Central,Bhopal,Fashion,Winter Jacket,3,4070,0.1,10989.0,6458.03,4530.97,UPI
ORD101180,2025-02-28,CUST-01621,Consumer,Central,Bhopal,Electronics,Bluetooth Earbuds,1,2980,0.05,2831.0,1642.84,1188.16,Net Banking
ORD101181,2025-02-28,CUST-02206,Consumer,South,Hyderabad,Fashion,Wrist Watch,3,2500,0.1,6750.0,3811.09,2938.91,Credit Card
ORD101182,2025-02-28,CUST-01618,Consumer,Central,Jabalpur,Fashion,Handbag,4,2990,0.1,10764.0,5554.68,5209.32,Net Banking
ORD101183,2025-02-28,CUST-02063,Consumer,West,Ahmedabad,Electronics,Bluetooth Earbuds,2,5910,0.05,11229.0,7265.65,3963.35,UPI
ORD101184,2025-02-28,CUST-01368,Small Business,West,Surat,Electronics,Tablet,2,14050,0.05,26695.0,20505.99,6189.01,UPI
ORD101185,2025-02-28,CUST-02494,Consumer,West,Ahmedabad,Electronics,Bluetooth Earbuds,2,1970,0.05,3743.0,2482.46,1260.54,Credit Card
ORD101186,2025-02-28,CUST-02087,Consumer,South,Chennai,Electronics,Power Bank,3,2320,0.05,6612.0,3584.66,3027.34,UPI
ORD101187,2025-02-28,CUST-01822,Consumer,North,Chandigarh,Home & Kitchen,Ceiling Fan,5,3980,0.1,17910.0,12666.09,5243.91,Credit Card
ORD101188,2025-02-28,CUST-01359,Consumer,Central,Gwalior,Office,Desk Lamp,3,900,0.05,2565.0,1375.1,1189.9,Net Banking
ORD101189,2025-02-28,CUST-01679,Small Business,South,Coimbatore,Home & Kitchen,Air Fryer,4,4990,0.05,18962.0,11443.76,7518.24,Cash on Delivery
ORD101190,2025-02-28,CUST-00156,Small Business,West,Surat,Fashion,Denim Jeans,3,980,0.1,2646.0,1216.84,1429.16,Debit Card
ORD101191,2025-02-28,CUST-02142,Small Business,North,Chandigarh,Home & Kitchen,Air Fryer,1,3950,0.1,3555.0,2703.53,851.47,Net Banking
ORD101192,2025-02-28,CUST-00665,Corporate,West,Surat,Office,Study Table,3,4610,0.05,13138.5,7853.25,5285.25,Debit Card
ORD101193,2025-02-28,CUST-02731,Small Business,North,Chandigarh,Electronics,Power Bank,2,3050,0.1,5490.0,3187.45,2302.55,UPI
ORD101194,2025-02-28,CUST-02587,Corporate,East,Patna,Fashion,Men's T-Shirt,4,1720,0.1,6192.0,3081.25,3110.75,UPI
ORD101195,2025-02-28,CUST-01655,Small Business,West,Mumbai,Electronics,Smartwatch,1,7130,0.05,6773.5,4737.33,2036.17,Net Banking
ORD101196,2025-03-01,CUST-02690,Consumer,West,Pune,Office,Desk Lamp,2,890,0.05,1691.0,821.44,869.56,Credit Card
ORD101197,2025-03-01,CUST-02158,Consumer,South,Chennai,Electronics,LED Television,1,21960,0.05,20862.0,16662.02,4199.98,EMI
ORD101198,2025-03-01,CUST-00453,Consumer,Central,Bhopal,Electronics,Smartwatch,1,13650,0.05,12967.5,8630.03,4337.47,UPI
ORD101199,2025-03-01,CUST-02382,Consumer,West,Ahmedabad,Electronics,Power Bank,1,1830,0.05,1738.5,863.89,874.61,UPI
ORD101200,2025-03-01,CUST-03193,Small Business,South,Bengaluru,Home & Kitchen,Washing Machine,5,37820,0.05,179645.0,129301.82,50343.18,UPI
ORD101201,2025-03-01,CUST-00125,Consumer,South,Bengaluru,Home & Kitchen,Refrigerator,2,46300,0.05,87970.0,64521.57,23448.43,Debit Card
ORD101202,2025-03-01,CUST-00790,Consumer,South,Coimbatore,Office,Study Table,2,13220,0.05,25118.0,16644.74,8473.26,UPI
ORD101203,2025-03-01,CUST-01894,Small Business,West,Nagpur,Home & Kitchen,Pressure Cooker,3,1000,0.1,2700.0,1812.03,887.97,Debit Card
ORD101204,2025-03-01,CUST-01291,Consumer,East,Ranchi,Home & Kitchen,Washing Machine,3,59700,0.1,161190.0,112393.09,48796.91,Credit Card
ORD101205,2025-03-01,CUST-02041,Consumer,North,Dehradun,Electronics,Bluetooth Earbuds,2,1330,0.1,2394.0,1579.43,814.57,Cash on Delivery
ORD101206,2025-03-01,CUST-01858,Consumer,West,Mumbai,Home & Kitchen,Ceiling Fan,5,3930,0.1,17685.0,12443.17,5241.83,Net Banking
ORD101207,2025-03-01,CUST-02516,Small Business,South,Hyderabad,Office,Laptop Bag,4,790,0.05,3002.0,1464.25,1537.75,Debit Card
ORD101208,2025-03-01,CUST-00241,Small Business,South,Coimbatore,Electronics,Smartphone,2,50740,0.05,96406.0,88363.15,8042.85,UPI
ORD101209,2025-03-02,CUST-01381,Consumer,North,Dehradun,Fashion,Wrist Watch,3,1020,0.1,2754.0,1522.66,1231.34,UPI
ORD101210,2025-03-02,CUST-02731,Small Business,North,Chandigarh,Home & Kitchen,Microwave Oven,2,7950,0.1,14310.0,10182.63,4127.37,UPI
ORD101211,2025-03-02,CUST-01117,Corporate,East,Guwahati,Fashion,Winter Jacket,5,3920,0.1,17640.0,7714.4,9925.6,Credit Card
ORD101212,2025-03-02,CUST-01602,Consumer,West,Pune,Home & Kitchen,Air Fryer,2,4070,0.1,7326.0,5115.09,2210.91,UPI
ORD101213,2025-03-02,CUST-00061,Consumer,East,Kolkata,Fashion,Wrist Watch,2,2490,0.1,4482.0,2499.7,1982.3,UPI
ORD101214,2025-03-02,CUST-00735,Consumer,West,Ahmedabad,Electronics,Bluetooth Earbuds,1,1260,0.05,1197.0,769.41,427.59,Net Banking
ORD101215,2025-03-02,CUST-01460,Small Business,West,Pune,Electronics,Bluetooth Earbuds,1,6150,0.05,5842.5,3914.21,1928.29,Cash on Delivery
ORD101216,2025-03-02,CUST-01229,Small Business,West,Ahmedabad,Fashion,Running Shoes,1,1270,0.1,1143.0,669.16,473.84,Credit Card
ORD101217,2025-03-02,CUST-02297,Corporate,North,Delhi,Fashion,Wrist Watch,3,970,0.1,2619.0,1074.09,1544.91,EMI
ORD101218,2025-03-02,CUST-01950,Consumer,North,Lucknow,Electronics,Smartwatch,1,5060,0.1,4554.0,3528.84,1025.16,UPI
ORD101219,2025-03-02,CUST-02801,Consumer,North,Delhi,Office,Laptop Bag,1,2950,0.05,2802.5,1413.77,1388.73,Cash on Delivery
ORD101220,2025-03-02,CUST-02718,Corporate,North,Lucknow,Fashion,Denim Jeans,2,1390,0.1,2502.0,1322.54,1179.46,Cash on Delivery
ORD101221,2025-03-02,CUST-00786,Corporate,West,Ahmedabad,Home & Kitchen,Refrigerator,3,28190,0.1,76113.0,58500.68,17612.32,UPI
ORD101222,2025-03-02,CUST-00047,Corporate,East,Kolkata,Fashion,Handbag,2,3060,0.1,5508.0,2738.51,2769.49,Net Banking
ORD101223,2025-03-02,CUST-02718,Corporate,North,Lucknow,Office,Printer,4,9720,0.05,36936.0,28479.46,8456.54,Net Banking
ORD101224,2025-03-02,CUST-01003,Small Business,West,Ahmedabad,Office,Whiteboard,4,1010,0.05,3838.0,1937.25,1900.75,Credit Card
ORD101225,2025-03-02,CUST-01066,Consumer,West,Pune,Fashion,Winter Jacket,2,4010,0.1,7218.0,3130.5,4087.5,Net Banking
ORD101226,2025-03-02,CUST-00507,Small Business,East,Ranchi,Electronics,Smartwatch,2,9710,0.05,18449.0,11715.89,6733.11,Debit Card
ORD101227,2025-03-02,CUST-02227,Consumer,West,Surat,Electronics,Power Bank,2,1280,0.05,2432.0,1153.51,1278.49,Net Banking
ORD101228,2025-03-02,CUST-00935,Consumer,North,Lucknow,Electronics,Smartphone,1,50130,0.1,45117.0,43838.3,1278.7,UPI
ORD101229,2025-03-02,CUST-00550,Small Business,East,Ranchi,Office,Office Chair,1,11040,0.05,10488.0,6903.96,3584.04,Not Specified
ORD101230,2025-03-02,CUST-01601,Small Business,North,Lucknow,Home & Kitchen,Water Purifier,4,6080,0.1,21888.0,13456.05,8431.95,UPI
ORD101231,2025-03-02,CUST-02406,Consumer,North,Chandigarh,Home & Kitchen,Washing Machine,5,60660,0.1,272970.0,215905.22,57064.78,Cash on Delivery
ORD101232,2025-03-02,CUST-00898,Consumer,West,Mumbai,Office,Stationery Kit,2,690,0.05,1311.0,512.31,798.69,Cash on Delivery
ORD101233,2025-03-02,CUST-02317,Consumer,East,Kolkata,Fashion,Handbag,2,4080,0.1,7344.0,2611.32,4732.68,EMI
ORD101234,2025-03-03,CUST-01454,Consumer,South,Coimbatore,Office,Laptop Bag,2,2330,0.05,4427.0,2169.52,2257.48,Cash on Delivery
ORD101235,2025-03-03,CUST-01247,Corporate,North,Delhi,Electronics,Smartphone,1,12890,0.1,11601.0,10924.38,676.62,Debit Card
ORD101236,2025-03-03,CUST-01107,Corporate,Central,Raipur,Electronics,Tablet,1,14270,0.05,13556.5,10805.95,2750.55,UPI
ORD101237,2025-03-03,CUST-00469,Consumer,South,Hyderabad,Home & Kitchen,Washing Machine,1,58300,0.05,55385.0,39635.1,15749.9,UPI
ORD101238,2025-03-03,CUST-01021,Corporate,North,Lucknow,Office,Study Table,2,13110,0.05,24909.0,13720.82,11188.18,Credit Card
ORD101239,2025-03-03,CUST-02797,Small Business,West,Mumbai,Electronics,Smartwatch,2,1960,0.05,3724.0,2577.67,1146.33,UPI
ORD101240,2025-03-03,CUST-00340,Small Business,West,Pune,Fashion,Women's Kurti,1,590,0.1,531.0,225.66,305.34,EMI
ORD101241,2025-03-03,CUST-03039,Corporate,East,Guwahati,Fashion,Formal Shirt,1,1400,0.1,1260.0,520.09,739.91,Cash on Delivery
ORD101242,2025-03-03,CUST-00358,Corporate,West,Nagpur,Electronics,Tablet,1,29280,0.05,27816.0,22624.13,5191.87,Credit Card
ORD101243,2025-03-03,CUST-01113,Corporate,West,Surat,Fashion,Women's Kurti,2,1310,0.1,2358.0,1124.02,1233.98,Credit Card
ORD101244,2025-03-03,CUST-01929,Corporate,North,Jaipur,Home & Kitchen,Refrigerator,3,68990,0.1,186273.0,134987.41,51285.59,UPI
ORD101245,2025-03-03,CUST-02662,Consumer,South,Coimbatore,Electronics,Smartwatch,1,2030,0.05,1928.5,1182.71,745.79,Debit Card
ORD101246,2025-03-04,CUST-00464,Corporate,South,Bengaluru,Electronics,Laptop,2,31670,0.05,60173.0,51818.0,8355.0,UPI
ORD101247,2025-03-04,CUST-00453,Consumer,Central,Bhopal,Fashion,Formal Shirt,2,990,0.1,1782.0,731.16,1050.84,Credit Card
ORD101248,2025-03-04,CUST-02008,Consumer,North,Jaipur,Electronics,Smartphone,1,13030,0.1,11727.0,11343.82,383.18,Cash on Delivery
ORD101249,2025-03-04,CUST-00950,Consumer,West,Pune,Electronics,LED Television,1,76740,0.05,72903.0,59970.42,12932.58,Credit Card
ORD101250,2025-03-04,CUST-02070,Consumer,West,Surat,Home & Kitchen,Mixer Grinder,3,3200,0.1,8640.0,5405.35,3234.65,UPI
ORD101251,2025-03-04,CUST-02614,Consumer,West,Nagpur,Electronics,Laptop,2,84520,0.05,160588.0,136356.98,24231.02,UPI
ORD101252,2025-03-04,CUST-00259,Consumer,East,Bhubaneswar,Office,Desk Lamp,2,590,0.05,1121.0,505.12,615.88,UPI
ORD101253,2025-03-04,CUST-02681,Small Business,West,Pune,Electronics,LED Television,3,55350,0.05,157747.5,133333.9,24413.6,Cash on Delivery
ORD101254,2025-03-04,CUST-00115,Consumer,South,Chennai,Home & Kitchen,Pressure Cooker,1,1500,0.05,1425.0,821.65,603.35,Net Banking
ORD101255,2025-03-04,CUST-02857,Corporate,South,Chennai,Electronics,Smartwatch,1,3470,0.05,3296.5,1945.55,1350.95,EMI
ORD101256,2025-03-04,CUST-03111,Small Business,South,Hyderabad,Fashion,Handbag,4,900,0.1,3240.0,1344.2,1895.8,Credit Card
ORD101257,2025-03-04,CUST-02143,Consumer,Central,Jabalpur,Home & Kitchen,Water Purifier,2,11060,0.05,21014.0,14259.48,6754.52,Net Banking
ORD101258,2025-03-04,CUST-03142,Consumer,South,Coimbatore,Office,Stationery Kit,1,980,0.05,931.0,442.29,488.71,Credit Card
ORD101259,2025-03-04,CUST-02614,Consumer,West,Nagpur,Office,Desk Lamp,4,610,0.05,2318.0,997.04,1320.96,UPI
ORD101260,2025-03-04,CUST-00137,Small Business,West,Nagpur,Office,Study Table,2,12830,0.05,24377.0,15179.06,9197.94,UPI
ORD101261,2025-03-04,CUST-00019,Consumer,East,Ranchi,Home & Kitchen,Mixer Grinder,5,3260,0.1,14670.0,10538.88,4131.12,Credit Card
ORD101262,2025-03-04,CUST-00059,Consumer,West,Nagpur,Electronics,Smartphone,3,18050,0.05,51442.5,45165.4,6277.1,Cash on Delivery
ORD101263,2025-03-04,CUST-01420,Small Business,West,Ahmedabad,Electronics,Power Bank,3,1300,0.05,3705.0,1984.21,1720.79,UPI
ORD101264,2025-03-04,CUST-01984,Corporate,South,Coimbatore,Electronics,Laptop,1,50280,0.05,47766.0,40520.88,7245.12,UPI
ORD101265,2025-03-04,CUST-01529,Consumer,East,Bhubaneswar,Fashion,Wrist Watch,4,2540,0.1,9144.0,3995.19,5148.81,UPI
ORD101266,2025-03-04,CUST-02185,Consumer,North,Chandigarh,Electronics,Smartwatch,2,6830,0.1,12294.0,9195.94,3098.06,Credit Card
ORD101267,2025-03-04,CUST-01410,Consumer,South,Coimbatore,Office,Study Table,3,7890,0.05,22486.5,11861.88,10624.62,Credit Card
ORD101268,2025-03-04,CUST-00130,Small Business,South,Hyderabad,Home & Kitchen,Washing Machine,4,30730,0.05,116774.0,83344.72,33429.28,UPI
ORD101269,2025-03-05,CUST-00742,Small Business,North,Dehradun,Fashion,Wrist Watch,3,3940,0.1,10638.0,6117.21,4520.79,Credit Card
ORD101270,2025-03-05,CUST-03185,Corporate,West,Pune,Electronics,Smartwatch,3,10060,0.05,28671.0,19010.74,9660.26,Debit Card
ORD101271,2025-03-05,CUST-01058,Consumer,East,Guwahati,Fashion,Women's Kurti,2,910,0.1,1638.0,771.15,866.85,UPI
ORD101272,2025-03-05,CUST-00989,Corporate,South,Coimbatore,Electronics,Power Bank,1,2260,0.05,2147.0,1072.19,1074.81,Net Banking
ORD101273,2025-03-05,CUST-00486,Consumer,South,Coimbatore,Office,Whiteboard,2,1510,0.05,2869.0,1400.5,1468.5,Debit Card
ORD101274,2025-03-05,CUST-03155,Consumer,South,Kochi,Office,File Organizer,2,1190,0.05,2261.0,1128.1,1132.9,UPI
ORD101275,2025-03-05,CUST-00754,Consumer,North,Chandigarh,Office,Desk Lamp,1,620,0.05,589.0,328.37,260.63,Credit Card
ORD101276,2025-03-05,CUST-02078,Small Business,North,Chandigarh,Fashion,Winter Jacket,5,4870,0.1,21915.0,11268.72,10646.28,Credit Card
ORD101277,2025-03-05,CUST-00128,Small Business,South,Chennai,Electronics,Smartwatch,1,7200,0.05,6840.0,4832.59,2007.41,Cash on Delivery
ORD101278,2025-03-05,CUST-00220,Consumer,North,Lucknow,Fashion,Men's T-Shirt,2,1200,0.1,2160.0,1030.85,1129.15,UPI
ORD101279,2025-03-05,CUST-02300,Small Business,Central,Bhopal,Office,File Organizer,4,400,0.05,1520.0,794.44,725.56,Cash on Delivery
ORD101280,2025-03-05,CUST-02036,Consumer,Central,Jabalpur,Electronics,LED Television,1,16200,0.05,15390.0,12552.87,2837.13,Credit Card
ORD101281,2025-03-05,CUST-02192,Small Business,North,Lucknow,Fashion,Wrist Watch,3,970,0.1,2619.0,1145.9,1473.1,Net Banking
ORD101282,2025-03-05,CUST-00755,Consumer,South,Hyderabad,Electronics,Smartwatch,2,7060,0.05,13414.0,9857.42,3556.58,EMI
ORD101283,2025-03-05,CUST-03145,Consumer,North,Dehradun,Fashion,Winter Jacket,1,3950,0.1,3555.0,1820.3,1734.7,UPI
ORD101284,2025-03-05,CUST-01767,Consumer,East,Ranchi,Electronics,Smartwatch,1,3480,0.05,3306.0,2400.95,905.05,Credit Card
ORD101285,2025-03-06,CUST-03081,Consumer,West,Mumbai,Electronics,LED Television,2,54530,0.05,103607.0,91622.44,11984.56,Credit Card
ORD101286,2025-03-06,CUST-00526,Consumer,West,Nagpur,Fashion,Handbag,5,3000,0.1,13500.0,4910.58,8589.42,Credit Card
ORD101287,2025-03-06,CUST-01250,Consumer,South,Chennai,Electronics,LED Television,2,39390,0.05,74841.0,60034.42,14806.58,Debit Card
ORD101288,2025-03-06,CUST-01026,Consumer,South,Kochi,Fashion,Women's Kurti,4,920,0.1,3312.0,1717.64,1594.36,UPI
ORD101289,2025-03-06,CUST-02427,Consumer,East,Patna,Fashion,Handbag,2,2980,0.1,5364.0,1839.24,3524.76,UPI
ORD101290,2025-03-06,CUST-02394,Corporate,South,Hyderabad,Office,Stationery Kit,1,980,0.05,931.0,358.0,573.0,Debit Card
ORD101291,2025-03-06,CUST-01544,Consumer,North,Dehradun,Electronics,Smartphone,2,48520,0.1,87336.0,82637.06,4698.94,Cash on Delivery
ORD101292,2025-03-06,CUST-00047,Corporate,East,Kolkata,Electronics,Bluetooth Speaker,1,6150,0.05,5842.5,3337.48,2505.02,Debit Card
ORD101293,2025-03-06,CUST-00549,Consumer,West,Ahmedabad,Fashion,Denim Jeans,5,1900,0.1,8550.0,4463.15,4086.85,Debit Card
ORD101294,2025-03-06,CUST-00151,Consumer,West,Mumbai,Electronics,Power Bank,1,1840,0.05,1748.0,922.21,825.79,EMI
ORD101295,2025-03-06,CUST-02690,Consumer,West,Pune,Fashion,Formal Shirt,5,980,0.1,4410.0,2188.71,2221.29,Debit Card
ORD101296,2025-03-06,CUST-00950,Consumer,West,Pune,Electronics,Bluetooth Speaker,1,1280,0.05,1216.0,709.14,506.86,UPI
ORD101297,2025-03-06,CUST-00384,Consumer,South,Kochi,Home & Kitchen,Ceiling Fan,5,2740,0.05,13015.0,8683.0,4332.0,Cash on Delivery
ORD101298,2025-03-06,CUST-01087,Small Business,West,Pune,Fashion,Women's Kurti,1,2310,0.1,2079.0,1022.01,1056.99,UPI
ORD101299,2025-03-06,CUST-00261,Corporate,South,Kochi,Fashion,Handbag,3,1370,0.1,3699.0,1569.99,2129.01,Net Banking
ORD101300,2025-03-06,CUST-03127,Corporate,South,Bengaluru,Electronics,Bluetooth Earbuds,2,2940,0.05,5586.0,3686.09,1899.91,UPI
ORD101301,2025-03-07,CUST-00970,Small Business,West,Mumbai,Fashion,Women's Kurti,1,1330,0.1,1197.0,610.38,586.62,UPI
ORD101302,2025-03-07,CUST-02948,Small Business,Central,Bhopal,Electronics,Laptop,3,38870,0.05,110779.5,99980.18,10799.32,Credit Card
ORD101303,2025-03-07,CUST-02194,Small Business,South,Bengaluru,Office,File Organizer,3,790,0.05,2251.5,1046.47,1205.03,Credit Card
ORD101304,2025-03-07,CUST-01787,Corporate,West,Ahmedabad,Home & Kitchen,Mixer Grinder,2,1780,0.1,3204.0,2035.5,1168.5,Credit Card
ORD101305,2025-03-07,CUST-01499,Small Business,North,Lucknow,Home & Kitchen,Mixer Grinder,2,2570,0.1,4626.0,3028.86,1597.14,EMI
ORD101306,2025-03-07,CUST-02207,Consumer,Central,Jabalpur,Electronics,Tablet,1,13720,0.05,13034.0,10158.62,2875.38,Debit Card
ORD101307,2025-03-07,CUST-02207,Consumer,Central,Jabalpur,Electronics,Laptop,1,31550,0.05,29972.5,27380.35,2592.15,Credit Card
ORD101308,2025-03-07,CUST-00035,Consumer,West,Surat,Electronics,Smartwatch,1,2030,0.05,1928.5,1257.03,671.47,Credit Card
ORD101309,2025-03-07,CUST-02873,Corporate,West,Nagpur,Electronics,Tablet,1,10140,0.05,9633.0,8317.83,1315.17,Credit Card
ORD101310,2025-03-07,CUST-01138,Consumer,West,Ahmedabad,Home & Kitchen,Washing Machine,2,30430,0.1,54774.0,43366.01,11407.99,UPI
ORD101311,2025-03-07,CUST-01086,Small Business,West,Pune,Fashion,Handbag,2,3990,0.1,7182.0,3061.8,4120.2,Debit Card
ORD101312,2025-03-07,CUST-01257,Small Business,South,Hyderabad,Fashion,Running Shoes,3,2520,0.1,6804.0,3163.42,3640.58,UPI
ORD101313,2025-03-07,CUST-02202,Small Business,North,Jaipur,Home & Kitchen,Mixer Grinder,1,4450,0.1,4005.0,2609.64,1395.36,Debit Card
ORD101314,2025-03-07,CUST-01153,Consumer,West,Mumbai,Office,Office Chair,2,19530,0.05,37107.0,19747.94,17359.06,Net Banking
ORD101315,2025-03-07,CUST-01149,Consumer,North,Dehradun,Fashion,Denim Jeans,2,1000,0.1,1800.0,830.53,969.47,EMI
ORD101316,2025-03-07,CUST-00204,Consumer,South,Chennai,Electronics,Bluetooth Speaker,1,5900,0.05,5605.0,3606.51,1998.49,Credit Card
ORD101317,2025-03-07,CUST-01294,Consumer,West,Mumbai,Office,Study Table,2,6000,0.05,11400.0,6371.09,5028.91,EMI
ORD101318,2025-03-07,CUST-00476,Corporate,West,Pune,Home & Kitchen,Pressure Cooker,4,2850,0.1,10260.0,6885.25,3374.75,Credit Card
ORD101319,2025-03-07,CUST-02718,Corporate,North,Lucknow,Home & Kitchen,Refrigerator,3,34900,0.1,94230.0,75390.52,18839.48,Net Banking
ORD101320,2025-03-07,CUST-01026,Consumer,South,Kochi,Electronics,Power Bank,1,2300,0.05,2185.0,1314.33,870.67,UPI
ORD101321,2025-03-07,CUST-03058,Corporate,North,Dehradun,Electronics,Power Bank,1,2330,0.1,2097.0,1353.04,743.96,Debit Card
ORD101322,2025-03-07,CUST-02197,Consumer,South,Coimbatore,Office,Desk Lamp,2,1300,0.05,2470.0,1071.43,1398.57,Credit Card
ORD101323,2025-03-07,CUST-02431,Consumer,South,Kochi,Electronics,Bluetooth Speaker,1,1310,0.05,1244.5,706.73,537.77,Credit Card
ORD101324,2025-03-07,CUST-03007,Corporate,South,Bengaluru,Electronics,Bluetooth Speaker,1,1960,0.05,1862.0,1133.58,728.42,Net Banking
ORD101325,2025-03-08,CUST-00782,Small Business,Central,Bhopal,Fashion,Winter Jacket,1,2330,0.1,2097.0,904.34,1192.66,Credit Card
ORD101326,2025-03-08,CUST-01794,Small Business,West,Surat,Fashion,Denim Jeans,2,2560,0.1,4608.0,2301.62,2306.38,Credit Card
ORD101327,2025-03-08,CUST-00124,Consumer,West,Pune,Home & Kitchen,Washing Machine,5,38070,0.1,171315.0,122398.03,48916.97,Net Banking
ORD101328,2025-03-08,CUST-00340,Small Business,West,Pune,Fashion,Denim Jeans,1,3010,0.1,2709.0,1061.42,1647.58,Net Banking
ORD101329,2025-03-08,CUST-01128,Small Business,South,Chennai,Fashion,Winter Jacket,3,2360,0.1,6372.0,3477.45,2894.55,Net Banking
ORD101330,2025-03-08,CUST-02192,Small Business,North,Lucknow,Electronics,Tablet,1,10040,0.1,9036.0,7373.87,1662.13,Net Banking
ORD101331,2025-03-08,CUST-02649,Consumer,East,Patna,Home & Kitchen,Air Fryer,1,3890,0.1,3501.0,2360.54,1140.46,Debit Card
ORD101332,2025-03-08,CUST-00836,Consumer,North,Lucknow,Office,Laptop Bag,4,1660,0.05,6308.0,2780.4,3527.6,Debit Card
ORD101333,2025-03-08,CUST-02402,Consumer,West,Mumbai,Fashion,Wrist Watch,5,1010,0.1,4545.0,1767.64,2777.36,Credit Card
ORD101334,2025-03-08,CUST-00736,Corporate,East,Kolkata,Electronics,Tablet,1,13910,0.05,13214.5,11458.91,1755.59,UPI
ORD101335,2025-03-08,CUST-00026,Corporate,East,Bhubaneswar,Fashion,Denim Jeans,4,990,0.1,3564.0,1694.46,1869.54,Net Banking
ORD101336,2025-03-08,CUST-00171,Small Business,East,Ranchi,Home & Kitchen,Washing Machine,2,39060,0.1,70308.0,47510.75,22797.25,Credit Card
ORD101337,2025-03-08,CUST-01858,Consumer,West,Mumbai,Electronics,Smartphone,1,8810,0.05,8369.5,7481.78,887.72,Credit Card
ORD101338,2025-03-08,CUST-01580,Consumer,East,Patna,Office,Whiteboard,2,1510,0.05,2869.0,1364.69,1504.31,Debit Card
ORD101339,2025-03-08,CUST-00903,Corporate,South,Bengaluru,Electronics,Laptop,2,32370,0.05,61503.0,56117.56,5385.44,Debit Card
ORD101340,2025-03-08,CUST-00027,Consumer,North,Delhi,Office,Desk Lamp,1,610,0.05,579.5,289.32,290.18,Cash on Delivery
ORD101341,2025-03-08,CUST-01799,Consumer,South,Coimbatore,Electronics,Smartphone,3,33180,0.05,94563.0,86213.44,8349.56,UPI
ORD101342,2025-03-08,CUST-02607,Corporate,South,Kochi,Fashion,Formal Shirt,2,680,0.1,1224.0,598.33,625.67,Net Banking
ORD101343,2025-03-08,CUST-00229,Consumer,South,Coimbatore,Home & Kitchen,Ceiling Fan,4,2790,0.05,10602.0,6642.26,3959.74,Net Banking
ORD101344,2025-03-08,CUST-02368,Consumer,East,Guwahati,Home & Kitchen,Washing Machine,5,23910,0.1,107595.0,85697.68,21897.32,UPI
ORD101345,2025-03-08,CUST-02034,Small Business,West,Ahmedabad,Home & Kitchen,Washing Machine,4,39120,0.1,140832.0,104054.72,36777.28,Cash on Delivery
ORD101346,2025-03-08,CUST-01517,Consumer,West,Surat,Home & Kitchen,Mixer Grinder,3,1790,0.1,4833.0,3037.01,1795.99,Credit Card
ORD101347,2025-03-08,CUST-00147,Corporate,South,Coimbatore,Electronics,Smartwatch,3,3470,0.05,9889.5,6011.44,3878.06,Debit Card
ORD101348,2025-03-08,CUST-02917,Small Business,South,Chennai,Office,Whiteboard,1,3380,0.05,3211.0,1673.93,1537.07,Credit Card
ORD101349,2025-03-08,CUST-01510,Corporate,East,Ranchi,Fashion,Winter Jacket,5,2240,0.1,10080.0,5311.42,4768.58,UPI
ORD101350,2025-03-08,CUST-01231,Consumer,Central,Jabalpur,Office,Office Chair,3,8170,0.05,23284.5,12887.24,10397.26,Net Banking
ORD101351,2025-03-08,CUST-02736,Small Business,Central,Bhopal,Fashion,Winter Jacket,2,3940,0.1,7092.0,3820.49,3271.51,Credit Card
ORD101352,2025-03-09,CUST-02684,Consumer,North,Delhi,Home & Kitchen,Mixer Grinder,1,4470,0.1,4023.0,2496.9,1526.1,UPI
ORD101353,2025-03-09,CUST-02331,Consumer,West,Ahmedabad,Office,Office Chair,2,8120,0.05,15428.0,10400.29,5027.71,Credit Card
ORD101354,2025-03-09,CUST-02640,Consumer,West,Pune,Fashion,Denim Jeans,3,3020,0.1,8154.0,4216.86,3937.14,Cash on Delivery
ORD101355,2025-03-09,CUST-00395,Consumer,Central,Jabalpur,Home & Kitchen,Refrigerator,4,21320,0.05,81016.0,59664.45,21351.55,UPI
ORD101356,2025-03-09,CUST-02448,Consumer,East,Patna,Office,Office Chair,2,4590,0.05,8721.0,5517.85,3203.15,Net Banking
ORD101357,2025-03-09,CUST-01003,Small Business,West,Ahmedabad,Home & Kitchen,Mixer Grinder,2,6040,0.1,10872.0,6980.95,3891.05,UPI
ORD101358,2025-03-09,CUST-02753,Consumer,West,Nagpur,Fashion,Denim Jeans,4,3090,0.1,11124.0,5757.61,5366.39,UPI
ORD101359,2025-03-09,CUST-01144,Consumer,North,Chandigarh,Electronics,LED Television,2,22380,0.1,40284.0,36890.46,3393.54,UPI
ORD101360,2025-03-09,CUST-00171,Small Business,East,Ranchi,Fashion,Wrist Watch,2,1020,0.1,1836.0,889.33,946.67,Debit Card
ORD101361,2025-03-09,CUST-01287,Consumer,North,Lucknow,Electronics,Bluetooth Earbuds,1,2030,0.1,1827.0,1203.61,623.39,Debit Card
ORD101362,2025-03-09,CUST-02431,Consumer,South,Kochi,Office,Office Chair,1,4440,0.05,4218.0,2618.52,1599.48,EMI
ORD101363,2025-03-09,CUST-01588,Consumer,South,Hyderabad,Electronics,Tablet,3,17990,0.05,51271.5,40450.35,10821.15,Credit Card
ORD101364,2025-03-09,CUST-02448,Consumer,East,Patna,Fashion,Running Shoes,3,1280,0.1,3456.0,1819.68,1636.32,UPI
ORD101365,2025-03-09,CUST-00110,Corporate,North,Delhi,Electronics,Bluetooth Earbuds,1,2020,0.1,1818.0,1407.43,410.57,UPI
ORD101366,2025-03-09,CUST-00552,Consumer,North,Chandigarh,Office,Desk Lamp,3,1330,0.05,3790.5,1873.07,1917.43,Net Banking
ORD101367,2025-03-09,CUST-01783,Consumer,South,Kochi,Fashion,Denim Jeans,5,2560,0.1,11520.0,5498.47,6021.53,Debit Card
ORD101368,2025-03-09,CUST-01186,Consumer,North,Dehradun,Fashion,Women's Kurti,5,1820,0.1,8190.0,2832.13,5357.87,EMI
ORD101369,2025-03-09,CUST-02192,Small Business,North,Lucknow,Fashion,Handbag,2,3930,0.1,7074.0,2456.02,4617.98,Credit Card
ORD101370,2025-03-09,CUST-03065,Corporate,South,Bengaluru,Electronics,Bluetooth Earbuds,3,1260,0.05,3591.0,2643.3,947.7,Credit Card
ORD101371,2025-03-09,CUST-02114,Consumer,South,Chennai,Electronics,Laptop,2,59360,0.05,112784.0,101478.61,11305.39,UPI
ORD101372,2025-03-09,CUST-01298,Consumer,South,Hyderabad,Home & Kitchen,Ceiling Fan,5,1280,0.05,6080.0,3865.77,2214.23,UPI
ORD101373,2025-03-09,CUST-01702,Small Business,South,Bengaluru,Electronics,Bluetooth Speaker,2,2930,0.05,5567.0,3241.15,2325.85,UPI
ORD101374,2025-03-09,CUST-02889,Consumer,West,Ahmedabad,Electronics,Bluetooth Earbuds,1,2930,0.05,2783.5,1625.84,1157.66,EMI
ORD101375,2025-03-09,CUST-02166,Corporate,West,Surat,Home & Kitchen,Air Fryer,1,3920,0.1,3528.0,2589.03,938.97,Net Banking
ORD101376,2025-03-09,CUST-02553,Corporate,North,Delhi,Fashion,Running Shoes,2,1300,0.1,2340.0,1030.79,1309.21,Credit Card
ORD101377,2025-03-10,CUST-00950,Consumer,West,Pune,Home & Kitchen,Mixer Grinder,2,2430,0.1,4374.0,2749.07,1624.93,Debit Card
ORD101378,2025-03-10,CUST-02390,Small Business,Central,Bhopal,Fashion,Handbag,3,3010,0.1,8127.0,3481.26,4645.74,EMI
ORD101379,2025-03-10,CUST-00447,Corporate,West,Nagpur,Office,Laptop Bag,2,3030,0.05,5757.0,2442.57,3314.43,UPI
ORD101380,2025-03-10,CUST-02403,Small Business,South,Kochi,Fashion,Men's T-Shirt,3,1740,0.1,4698.0,2119.1,2578.9,UPI
ORD101381,2025-03-10,CUST-02805,Consumer,West,Nagpur,Office,File Organizer,1,410,0.05,389.5,152.21,237.29,UPI
ORD101382,2025-03-10,CUST-02859,Corporate,North,Delhi,Fashion,Winter Jacket,3,1650,0.1,4455.0,2502.24,1952.76,UPI
ORD101383,2025-03-10,CUST-00383,Consumer,East,Kolkata,Fashion,Handbag,3,3920,0.1,10584.0,4459.53,6124.47,Debit Card
ORD101384,2025-03-10,CUST-02641,Consumer,West,Nagpur,Office,Stationery Kit,4,500,0.05,1900.0,912.13,987.87,Net Banking
ORD101385,2025-03-10,CUST-00362,Small Business,South,Chennai,Fashion,Denim Jeans,1,2560,0.1,2304.0,1126.78,1177.22,Debit Card
ORD101386,2025-03-10,CUST-01515,Consumer,Central,Bhopal,Fashion,Wrist Watch,5,1000,0.1,4500.0,2133.77,2366.23,UPI
ORD101387,2025-03-10,CUST-02193,Consumer,West,Mumbai,Home & Kitchen,Pressure Cooker,3,1010,0.1,2727.0,1532.08,1194.92,Credit Card
ORD101388,2025-03-10,CUST-01537,Corporate,North,Dehradun,Electronics,Tablet,3,23110,0.1,62397.0,58685.73,3711.27,UPI
ORD101389,2025-03-10,CUST-01028,Small Business,North,Delhi,Fashion,Formal Shirt,4,1400,0.1,5040.0,2382.03,2657.97,EMI
ORD101390,2025-03-10,CUST-02197,Consumer,South,Coimbatore,Home & Kitchen,Refrigerator,4,20630,0.05,78394.0,51677.05,26716.95,Credit Card
ORD101391,2025-03-10,CUST-02118,Corporate,North,Jaipur,Office,Desk Lamp,3,1760,0.05,5016.0,2698.45,2317.55,Credit Card
ORD101392,2025-03-11,CUST-01848,Consumer,South,Bengaluru,Office,Office Chair,2,11030,0.05,20957.0,11856.11,9100.89,Credit Card
ORD101393,2025-03-11,CUST-01655,Small Business,West,Mumbai,Home & Kitchen,Refrigerator,3,35740,0.1,96498.0,66955.19,29542.81,UPI
ORD101394,2025-03-11,CUST-02271,Consumer,Central,Raipur,Home & Kitchen,Water Purifier,2,14000,0.05,26600.0,15700.53,10899.47,Debit Card
ORD101395,2025-03-11,CUST-01243,Corporate,North,Jaipur,Office,Laptop Bag,3,2330,0.05,6640.5,3460.92,3179.58,Net Banking
ORD101396,2025-03-11,CUST-00230,Small Business,East,Ranchi,Home & Kitchen,Microwave Oven,3,5950,0.1,16065.0,13041.24,3023.76,Debit Card
ORD101397,2025-03-11,CUST-01689,Consumer,West,Pune,Fashion,Wrist Watch,4,3930,0.1,14148.0,6206.57,7941.43,Credit Card
ORD101398,2025-03-11,CUST-02323,Small Business,North,Dehradun,Fashion,Men's T-Shirt,3,800,0.1,2160.0,784.88,1375.12,UPI
ORD101399,2025-03-11,CUST-00950,Consumer,West,Pune,Home & Kitchen,Ceiling Fan,5,4090,0.1,18405.0,11592.17,6812.83,Debit Card
ORD101400,2025-03-11,CUST-00451,Corporate,North,Lucknow,Home & Kitchen,Microwave Oven,1,8070,0.1,7263.0,5698.67,1564.33,UPI
ORD101401,2025-03-11,CUST-02883,Consumer,South,Kochi,Fashion,Formal Shirt,2,700,0.1,1260.0,473.66,786.34,Credit Card
ORD101402,2025-03-11,CUST-02745,Consumer,West,Nagpur,Fashion,Denim Jeans,4,990,0.1,3564.0,1963.46,1600.54,UPI
ORD101403,2025-03-12,CUST-01972,Consumer,North,Lucknow,Home & Kitchen,Washing Machine,2,37510,0.1,67518.0,54622.91,12895.09,Debit Card
ORD101404,2025-03-12,CUST-02510,Consumer,West,Pune,Home & Kitchen,Refrigerator,2,20700,0.1,37260.0,28005.83,9254.17,Cash on Delivery
ORD101405,2025-03-12,CUST-03080,Consumer,West,Pune,Fashion,Running Shoes,2,2430,0.1,4374.0,2164.85,2209.15,UPI
ORD101406,2025-03-12,CUST-01805,Small Business,North,Chandigarh,Fashion,Men's T-Shirt,2,2410,0.1,4338.0,1662.34,2675.66,Debit Card
ORD101407,2025-03-12,CUST-00790,Consumer,South,Coimbatore,Electronics,Laptop,3,32150,0.05,91627.5,81908.08,9719.42,Debit Card
ORD101408,2025-03-12,CUST-02047,Corporate,Central,Bhopal,Electronics,Power Bank,3,910,0.05,2593.5,1233.51,1359.99,Cash on Delivery
ORD101409,2025-03-12,CUST-02898,Consumer,East,Patna,Home & Kitchen,Washing Machine,1,60400,0.1,54360.0,36852.22,17507.78,Net Banking
ORD101410,2025-03-12,CUST-02215,Consumer,North,Jaipur,Fashion,Running Shoes,5,2520,0.1,11340.0,6732.41,4607.59,UPI
ORD101411,2025-03-12,CUST-00085,Consumer,North,Chandigarh,Office,Office Chair,1,4410,0.05,4189.5,2243.07,1946.43,Credit Card
ORD101412,2025-03-12,CUST-02902,Consumer,North,Jaipur,Home & Kitchen,Water Purifier,1,14270,0.1,12843.0,8940.39,3902.61,UPI
ORD101413,2025-03-12,CUST-02423,Consumer,West,Nagpur,Home & Kitchen,Pressure Cooker,5,3470,0.1,15615.0,9416.93,6198.07,Credit Card
ORD101414,2025-03-12,CUST-01242,Corporate,East,Kolkata,Electronics,Bluetooth Earbuds,2,3900,0.05,7410.0,4451.17,2958.83,UPI
ORD101415,2025-03-12,CUST-03158,Consumer,West,Nagpur,Electronics,Power Bank,1,1830,0.05,1738.5,1073.32,665.18,Credit Card
ORD101416,2025-03-12,CUST-02314,Consumer,East,Ranchi,Electronics,Power Bank,1,2320,0.05,2204.0,1198.31,1005.69,Debit Card
ORD101417,2025-03-12,CUST-02624,Consumer,East,Ranchi,Electronics,Tablet,1,14360,0.05,13642.0,10417.19,3224.81,UPI
ORD101418,2025-03-13,CUST-02991,Consumer,South,Bengaluru,Electronics,Smartphone,2,9230,0.05,17537.0,15302.18,2234.82,Cash on Delivery
ORD101419,2025-03-13,CUST-00118,Small Business,West,Mumbai,Electronics,Laptop,1,69330,0.05,65863.5,56486.72,9376.78,UPI
ORD101420,2025-03-13,CUST-02479,Consumer,South,Hyderabad,Home & Kitchen,Washing Machine,4,24200,0.05,91960.0,61411.3,30548.7,UPI
ORD101421,2025-03-13,CUST-01189,Consumer,South,Bengaluru,Electronics,Bluetooth Speaker,1,2980,0.05,2831.0,1708.6,1122.4,UPI
ORD101422,2025-03-13,CUST-02760,Small Business,North,Dehradun,Fashion,Winter Jacket,2,1720,0.1,3096.0,1736.64,1359.36,Credit Card
ORD101423,2025-03-13,CUST-02796,Consumer,West,Ahmedabad,Fashion,Formal Shirt,3,1360,0.1,3672.0,1756.27,1915.73,Credit Card
ORD101424,2025-03-13,CUST-02635,Small Business,West,Ahmedabad,Fashion,Winter Jacket,1,3010,0.1,2709.0,1200.42,1508.58,Credit Card
ORD101425,2025-03-13,CUST-02494,Consumer,West,Ahmedabad,Electronics,Tablet,1,22570,0.05,21441.5,18007.07,3434.43,Debit Card
ORD101426,2025-03-13,CUST-02532,Consumer,South,Coimbatore,Office,File Organizer,3,810,0.05,2308.5,899.17,1409.33,Net Banking
ORD101427,2025-03-13,CUST-00950,Consumer,West,Pune,Fashion,Winter Jacket,2,5140,0.1,9252.0,4267.2,4984.8,Cash on Delivery
ORD101428,2025-03-13,CUST-01257,Small Business,South,Hyderabad,Office,Stationery Kit,1,1000,0.05,950.0,410.39,539.61,Credit Card
ORD101429,2025-03-13,CUST-00373,Consumer,South,Coimbatore,Office,Stationery Kit,2,500,0.05,950.0,499.46,450.54,Credit Card
ORD101430,2025-03-13,CUST-02647,Small Business,West,Pune,Office,Stationery Kit,4,480,0.05,1824.0,810.05,1013.95,Net Banking
ORD101431,2025-03-14,CUST-02075,Consumer,East,Patna,Electronics,LED Television,1,30650,0.05,29117.5,24461.25,4656.25,Credit Card
ORD101432,2025-03-14,CUST-01952,Consumer,South,Chennai,Electronics,Power Bank,1,3070,0.05,2916.5,1481.81,1434.69,EMI
ORD101433,2025-03-14,CUST-00794,Consumer,West,Pune,Office,Stationery Kit,2,300,0.05,570.0,249.57,320.43,UPI
ORD101434,2025-03-14,CUST-01963,Consumer,North,Lucknow,Home & Kitchen,Mixer Grinder,3,4510,0.1,12177.0,8236.24,3940.76,Cash on Delivery
ORD101435,2025-03-14,CUST-01426,Small Business,West,Ahmedabad,Electronics,Power Bank,3,880,0.05,2508.0,1251.41,1256.59,Debit Card
ORD101436,2025-03-14,CUST-03191,Small Business,Central,Gwalior,Electronics,Tablet,1,10140,0.05,9633.0,8355.52,1277.48,UPI
ORD101437,2025-03-14,CUST-02742,Consumer,South,Chennai,Fashion,Running Shoes,2,1300,0.1,2340.0,1169.39,1170.61,Credit Card
ORD101438,2025-03-14,CUST-01646,Corporate,South,Coimbatore,Fashion,Men's T-Shirt,1,400,0.1,360.0,142.4,217.6,UPI
ORD101439,2025-03-14,CUST-02571,Consumer,West,Pune,Office,Laptop Bag,1,2360,0.05,2242.0,1020.91,1221.09,EMI
ORD101440,2025-03-14,CUST-00526,Consumer,West,Nagpur,Fashion,Formal Shirt,3,1380,0.1,3726.0,1511.97,2214.03,Net Banking
ORD101441,2025-03-14,CUST-00340,Small Business,West,Pune,Electronics,Bluetooth Speaker,2,3040,0.05,5776.0,3469.44,2306.56,Debit Card
ORD101442,2025-03-14,CUST-02013,Consumer,West,Nagpur,Home & Kitchen,Air Fryer,5,6390,0.1,28755.0,21074.76,7680.24,UPI
ORD101443,2025-03-14,CUST-02331,Consumer,West,Ahmedabad,Home & Kitchen,Air Fryer,2,11280,0.1,20304.0,14448.49,5855.51,Credit Card
ORD101444,2025-03-14,CUST-00162,Small Business,West,Nagpur,Home & Kitchen,Pressure Cooker,5,2730,0.1,12285.0,7576.15,4708.85,Credit Card
ORD101445,2025-03-14,CUST-00648,Consumer,Central,Bhopal,Fashion,Running Shoes,2,3420,0.1,6156.0,2738.06,3417.94,UPI
ORD101446,2025-03-14,CUST-01688,Corporate,Central,Jabalpur,Electronics,Smartwatch,2,6850,0.05,13015.0,9255.33,3759.67,Debit Card
ORD101447,2025-03-14,CUST-00200,Consumer,South,Hyderabad,Office,Office Chair,4,4520,0.05,17176.0,11198.69,5977.31,UPI
ORD101448,2025-03-14,CUST-01321,Consumer,Central,Raipur,Home & Kitchen,Pressure Cooker,5,2020,0.05,9595.0,6184.21,3410.79,Credit Card
ORD101449,2025-03-14,CUST-01529,Consumer,East,Bhubaneswar,Home & Kitchen,Refrigerator,5,60320,0.1,271440.0,199213.35,72226.65,Credit Card
ORD101450,2025-03-14,CUST-02911,Corporate,North,Delhi,Home & Kitchen,Refrigerator,3,44760,0.1,120852.0,99130.69,21721.31,UPI
ORD101451,2025-03-14,CUST-00972,Corporate,North,Delhi,Electronics,Tablet,2,14070,0.1,25326.0,23573.62,1752.38,Net Banking
ORD101452,2025-03-15,CUST-00541,Consumer,East,Patna,Fashion,Men's T-Shirt,5,1230,0.1,5535.0,1857.75,3677.25,Debit Card
ORD101453,2025-03-15,CUST-00029,Small Business,West,Pune,Electronics,Bluetooth Earbuds,3,1960,0.05,5586.0,3564.1,2021.9,EMI
ORD101454,2025-03-15,CUST-00388,Consumer,North,Dehradun,Electronics,Bluetooth Speaker,1,1270,0.1,1143.0,820.11,322.89,Credit Card
ORD101455,2025-03-15,CUST-02409,Consumer,Central,Raipur,Home & Kitchen,Microwave Oven,4,7810,0.05,29678.0,20323.67,9354.33,Cash on Delivery
ORD101456,2025-03-15,CUST-01395,Corporate,North,Lucknow,Electronics,LED Television,2,39380,0.1,70884.0,60617.88,10266.12,UPI
ORD101457,2025-03-15,CUST-00639,Consumer,North,Chandigarh,Electronics,LED Television,3,15630,0.1,42201.0,37116.34,5084.66,Credit Card
ORD101458,2025-03-15,CUST-02948,Small Business,Central,Bhopal,Fashion,Winter Jacket,3,3960,0.1,10692.0,5611.04,5080.96,Cash on Delivery
ORD101459,2025-03-15,CUST-02516,Small Business,South,Hyderabad,Home & Kitchen,Ceiling Fan,2,4060,0.05,7714.0,5302.64,2411.36,Cash on Delivery
ORD101460,2025-03-15,CUST-00370,Consumer,North,Dehradun,Office,Study Table,1,9970,0.05,9471.5,6278.1,3193.4,Cash on Delivery
ORD101461,2025-03-15,CUST-00894,Corporate,Central,Jabalpur,Electronics,Bluetooth Earbuds,2,5870,0.05,11153.0,6900.03,4252.97,Credit Card
ORD101462,2025-03-15,CUST-02701,Corporate,West,Ahmedabad,Fashion,Handbag,2,2920,0.1,5256.0,2363.18,2892.82,Net Banking
ORD101463,2025-03-15,CUST-02223,Consumer,East,Ranchi,Electronics,LED Television,1,55650,0.05,52867.5,45698.04,7169.46,Credit Card
ORD101464,2025-03-15,CUST-02997,Corporate,Central,Raipur,Fashion,Wrist Watch,5,5940,0.1,26730.0,16054.88,10675.12,Net Banking
ORD101465,2025-03-15,CUST-00258,Corporate,West,Nagpur,Electronics,Laptop,3,31520,0.05,89832.0,83472.34,6359.66,Debit Card
ORD101466,2025-03-15,CUST-02483,Consumer,North,Lucknow,Fashion,Winter Jacket,4,5090,0.1,18324.0,10178.92,8145.08,Net Banking
ORD101467,2025-03-15,CUST-00258,Corporate,West,Nagpur,Fashion,Women's Kurti,2,590,0.1,1062.0,560.91,501.09,Credit Card
ORD101468,2025-03-15,CUST-01026,Consumer,South,Kochi,Fashion,Formal Shirt,2,1370,0.1,2466.0,963.66,1502.34,UPI
ORD101469,2025-03-15,CUST-02409,Consumer,Central,Raipur,Office,Office Chair,1,19670,0.05,18686.5,11420.33,7266.17,Cash on Delivery
ORD101470,2025-03-15,CUST-02284,Consumer,West,Nagpur,Electronics,Bluetooth Earbuds,3,2030,0.05,5785.5,3892.59,1892.91,UPI
ORD101471,2025-03-16,CUST-00010,Corporate,Central,Indore,Office,Stationery Kit,2,300,0.05,570.0,296.74,273.26,Net Banking
ORD101472,2025-03-16,CUST-00655,Small Business,South,Kochi,Electronics,Power Bank,2,2310,0.05,4389.0,2266.41,2122.59,UPI
ORD101473,2025-03-16,CUST-02494,Consumer,West,Ahmedabad,Office,Office Chair,3,8100,0.05,23085.0,14932.3,8152.7,Debit Card
ORD101474,2025-03-16,CUST-00396,Corporate,South,Chennai,Office,Printer,3,6890,0.05,19636.5,16065.06,3571.44,Cash on Delivery
ORD101475,2025-03-16,CUST-00996,Consumer,West,Surat,Office,Stationery Kit,3,690,0.05,1966.5,796.12,1170.38,Credit Card
ORD101476,2025-03-16,CUST-00584,Consumer,Central,Indore,Home & Kitchen,Pressure Cooker,4,1950,0.05,7410.0,4664.8,2745.2,UPI
ORD101477,2025-03-16,CUST-00366,Small Business,Central,Gwalior,Home & Kitchen,Air Fryer,2,4010,0.05,7619.0,5254.28,2364.72,UPI
ORD101478,2025-03-16,CUST-02662,Consumer,South,Coimbatore,Home & Kitchen,Pressure Cooker,4,2770,0.05,10526.0,6577.77,3948.23,Credit Card
ORD101479,2025-03-16,CUST-00196,Consumer,North,Jaipur,Electronics,Bluetooth Speaker,1,1980,0.1,1782.0,1067.95,714.05,Debit Card
ORD101480,2025-03-16,CUST-01679,Small Business,South,Coimbatore,Office,Desk Lamp,4,610,0.05,2318.0,1220.13,1097.87,Cash on Delivery
ORD101481,2025-03-16,CUST-02225,Consumer,Central,Indore,Fashion,Denim Jeans,3,1870,0.1,5049.0,2202.66,2846.34,Credit Card
ORD101482,2025-03-16,CUST-00181,Corporate,West,Pune,Electronics,Power Bank,1,1270,0.05,1206.5,644.77,561.73,UPI
ORD101483,2025-03-16,CUST-02030,Small Business,South,Chennai,Electronics,Smartphone,2,33300,0.05,63270.0,58241.82,5028.18,Cash on Delivery
ORD101484,2025-03-16,CUST-01026,Consumer,South,Kochi,Office,Study Table,3,9860,0.05,28101.0,19002.57,9098.43,EMI
ORD101485,2025-03-16,CUST-02655,Corporate,West,Ahmedabad,Fashion,Women's Kurti,3,870,0.1,2349.0,852.81,1496.19,Credit Card
ORD101486,2025-03-16,CUST-02534,Corporate,South,Coimbatore,Electronics,Smartphone,2,25440,0.05,48336.0,44070.52,4265.48,UPI
ORD101487,2025-03-16,CUST-02532,Consumer,South,Coimbatore,Fashion,Wrist Watch,3,1710,0.1,4617.0,2820.55,1796.45,UPI
ORD101488,2025-03-16,CUST-01228,Consumer,North,Jaipur,Electronics,Power Bank,1,1300,0.1,1170.0,647.28,522.72,UPI
ORD101489,2025-03-16,CUST-02617,Small Business,Central,Bhopal,Fashion,Formal Shirt,3,680,0.1,1836.0,935.31,900.69,Debit Card
ORD101490,2025-03-16,CUST-02011,Consumer,North,Chandigarh,Electronics,Tablet,1,9730,0.1,8757.0,7819.61,937.39,EMI
ORD101491,2025-03-16,CUST-01165,Consumer,North,Dehradun,Electronics,Smartphone,1,51100,0.1,45990.0,42441.99,3548.01,Credit Card
ORD101492,2025-03-16,CUST-00276,Consumer,North,Jaipur,Fashion,Women's Kurti,4,590,0.1,2124.0,981.33,1142.67,UPI
ORD101493,2025-03-16,CUST-00222,Consumer,Central,Bhopal,Office,Whiteboard,2,980,0.05,1862.0,1127.96,734.04,Debit Card
ORD101494,2025-03-16,CUST-00819,Consumer,West,Pune,Home & Kitchen,Air Fryer,5,3950,0.1,17775.0,11323.24,6451.76,Cash on Delivery
ORD101495,2025-03-16,CUST-00950,Consumer,West,Pune,Home & Kitchen,Microwave Oven,2,10230,0.1,18414.0,15139.42,3274.58,Cash on Delivery
ORD101496,2025-03-16,CUST-02929,Consumer,West,Surat,Fashion,Men's T-Shirt,2,1190,0.1,2142.0,1036.05,1105.95,EMI
ORD101497,2025-03-16,CUST-03200,Small Business,West,Mumbai,Electronics,Laptop,2,32860,0.05,62434.0,56571.24,5862.76,UPI
ORD101498,2025-03-17,CUST-00465,Small Business,West,Pune,Electronics,Power Bank,1,1850,0.05,1757.5,929.72,827.78,Net Banking
ORD101499,2025-03-17,CUST-02989,Consumer,West,Nagpur,Home & Kitchen,Mixer Grinder,5,1840,0.1,8280.0,5770.33,2509.67,Cash on Delivery
ORD101500,2025-03-17,CUST-02274,Consumer,North,Lucknow,Home & Kitchen,Refrigerator,5,43690,0.1,196605.0,136658.75,59946.25,Cash on Delivery
ORD101501,2025-03-17,CUST-01581,Small Business,South,Chennai,Electronics,Smartwatch,1,14410,0.05,13689.5,9644.03,4045.47,Net Banking
ORD101502,2025-03-17,CUST-03029,Consumer,North,Delhi,Home & Kitchen,Ceiling Fan,2,1280,0.1,2304.0,1706.04,597.96,Credit Card
ORD101503,2025-03-17,CUST-02294,Consumer,Central,Gwalior,Electronics,Power Bank,1,2310,0.05,2194.5,1140.5,1054.0,UPI
ORD101504,2025-03-17,CUST-01884,Consumer,West,Mumbai,Fashion,Men's T-Shirt,1,1210,0.1,1089.0,419.97,669.03,UPI
ORD101505,2025-03-17,CUST-00687,Consumer,East,Patna,Home & Kitchen,Mixer Grinder,2,3380,0.1,6084.0,3965.55,2118.45,Net Banking
ORD101506,2025-03-17,CUST-00790,Consumer,South,Coimbatore,Fashion,Formal Shirt,5,1420,0.1,6390.0,2703.64,3686.36,UPI
ORD101507,2025-03-17,CUST-02881,Consumer,South,Chennai,Fashion,Women's Kurti,5,900,0.1,4050.0,1918.34,2131.66,UPI
ORD101508,2025-03-17,CUST-00706,Consumer,West,Mumbai,Fashion,Running Shoes,1,3420,0.1,3078.0,1430.09,1647.91,UPI
ORD101509,2025-03-17,CUST-00099,Consumer,East,Guwahati,Office,Office Chair,1,19530,0.05,18553.5,10168.34,8385.16,UPI
ORD101510,2025-03-17,CUST-00881,Small Business,West,Pune,Fashion,Denim Jeans,1,970,0.1,873.0,454.4,418.6,Credit Card
ORD101511,2025-03-17,CUST-01523,Corporate,West,Ahmedabad,Home & Kitchen,Washing Machine,2,37550,0.1,67590.0,56125.67,11464.33,UPI
ORD101512,2025-03-18,CUST-01174,Corporate,East,Patna,Fashion,Formal Shirt,3,970,0.1,2619.0,1187.28,1431.72,UPI
ORD101513,2025-03-18,CUST-02960,Corporate,Central,Indore,Fashion,Denim Jeans,2,2990,0.1,5382.0,2853.7,2528.3,Debit Card
ORD101514,2025-03-18,CUST-01303,Consumer,East,Kolkata,Electronics,Smartwatch,3,3550,0.05,10117.5,7307.37,2810.13,Cash on Delivery
ORD101515,2025-03-18,CUST-02830,Corporate,South,Chennai,Electronics,Laptop,2,31410,0.05,59679.0,50412.18,9266.82,EMI
ORD101516,2025-03-18,CUST-01886,Consumer,Central,Indore,Home & Kitchen,Refrigerator,3,35720,0.05,101802.0,76743.57,25058.43,EMI
ORD101517,2025-03-18,CUST-01641,Consumer,South,Hyderabad,Home & Kitchen,Refrigerator,3,58450,0.05,166582.5,129060.07,37522.43,UPI
ORD101518,2025-03-18,CUST-00513,Consumer,South,Kochi,Office,Study Table,4,5860,0.05,22268.0,13546.5,8721.5,UPI
ORD101519,2025-03-18,CUST-00904,Consumer,West,Nagpur,Fashion,Women's Kurti,5,880,0.1,3960.0,1806.72,2153.28,Credit Card
ORD101520,2025-03-18,CUST-02752,Consumer,North,Delhi,Home & Kitchen,Pressure Cooker,2,2040,0.1,3672.0,2288.93,1383.07,UPI
ORD101521,2025-03-18,CUST-02494,Consumer,West,Ahmedabad,Fashion,Formal Shirt,1,1910,0.1,1719.0,741.81,977.19,Net Banking
ORD101522,2025-03-18,CUST-01402,Corporate,North,Jaipur,Fashion,Wrist Watch,3,3890,0.1,10503.0,6319.15,4183.85,Credit Card
ORD101523,2025-03-18,CUST-02876,Corporate,West,Pune,Electronics,Tablet,2,9790,0.05,18601.0,15288.77,3312.23,UPI
ORD101524,2025-03-18,CUST-02609,Consumer,Central,Indore,Fashion,Men's T-Shirt,1,2350,0.1,2115.0,794.49,1320.51,UPI
ORD101525,2025-03-18,CUST-00366,Small Business,Central,Gwalior,Home & Kitchen,Air Fryer,4,8690,0.05,33022.0,20568.78,12453.22,UPI
ORD101526,2025-03-18,CUST-01927,Consumer,West,Pune,Fashion,Handbag,3,2030,0.1,5481.0,2773.7,2707.3,UPI
ORD101527,2025-03-18,CUST-02540,Corporate,South,Coimbatore,Office,Desk Lamp,4,580,0.05,2204.0,1037.03,1166.97,Net Banking
ORD101528,2025-03-18,CUST-02571,Consumer,West,Pune,Fashion,Men's T-Shirt,5,400,0.1,1800.0,863.87,936.13,Cash on Delivery
ORD101529,2025-03-18,CUST-00318,Consumer,West,Ahmedabad,Office,Stationery Kit,2,710,0.05,1349.0,518.46,830.54,Credit Card
ORD101530,2025-03-18,CUST-00738,Consumer,Central,Raipur,Office,Office Chair,1,20190,0.05,19180.5,10646.43,8534.07,Debit Card
ORD101531,2025-03-18,CUST-01278,Corporate,North,Delhi,Fashion,Women's Kurti,2,1840,0.1,3312.0,1117.56,2194.44,Credit Card
ORD101532,2025-03-18,CUST-00820,Consumer,West,Ahmedabad,Electronics,Bluetooth Earbuds,1,1280,0.05,1216.0,800.86,415.14,Credit Card
ORD101533,2025-03-18,CUST-00361,Consumer,South,Hyderabad,Fashion,Women's Kurti,5,1300,0.1,5850.0,2697.64,3152.36,Debit Card
ORD101534,2025-03-18,CUST-02008,Consumer,North,Jaipur,Fashion,Wrist Watch,2,1740,0.1,3132.0,1615.51,1516.49,Credit Card
ORD101535,2025-03-18,CUST-01604,Consumer,West,Ahmedabad,Office,Laptop Bag,2,2990,0.05,5681.0,2804.67,2876.33,Net Banking
ORD101536,2025-03-19,CUST-00493,Consumer,West,Ahmedabad,Fashion,Denim Jeans,3,3060,0.1,8262.0,3649.84,4612.16,Cash on Delivery
ORD101537,2025-03-19,CUST-01858,Consumer,West,Mumbai,Electronics,Laptop,1,58000,0.05,55100.0,46715.49,8384.51,Credit Card
ORD101538,2025-03-19,CUST-00198,Corporate,South,Kochi,Home & Kitchen,Washing Machine,1,36920,0.05,35074.0,23981.14,11092.86,Debit Card
ORD101539,2025-03-19,CUST-01176,Consumer,West,Pune,Fashion,Denim Jeans,5,1020,0.1,4590.0,2320.78,2269.22,Credit Card
ORD101540,2025-03-19,CUST-02528,Consumer,South,Hyderabad,Home & Kitchen,Pressure Cooker,2,2030,0.05,3857.0,2516.76,1340.24,Debit Card
ORD101541,2025-03-19,CUST-02834,Corporate,West,Nagpur,Home & Kitchen,Microwave Oven,2,9700,0.1,17460.0,13801.56,3658.44,Cash on Delivery
ORD101542,2025-03-19,CUST-00791,Small Business,West,Surat,Office,Office Chair,1,19880,0.05,18886.0,11843.8,7042.2,Credit Card
ORD101543,2025-03-19,CUST-02730,Consumer,West,Nagpur,Electronics,Tablet,2,9880,0.05,18772.0,16034.58,2737.42,EMI
ORD101544,2025-03-19,CUST-02840,Consumer,West,Ahmedabad,Home & Kitchen,Refrigerator,1,27940,0.1,25146.0,19960.33,5185.67,UPI
ORD101545,2025-03-19,CUST-01932,Small Business,East,Kolkata,Fashion,Denim Jeans,5,1360,0.1,6120.0,3122.13,2997.87,Cash on Delivery
ORD101546,2025-03-19,CUST-03139,Consumer,West,Mumbai,Home & Kitchen,Air Fryer,4,11190,0.1,40284.0,27820.14,12463.86,UPI
ORD101547,2025-03-19,CUST-00794,Consumer,West,Pune,Electronics,LED Television,2,39460,0.05,74974.0,61613.6,13360.4,Net Banking
ORD101548,2025-03-19,CUST-00232,Consumer,East,Ranchi,Electronics,Power Bank,2,1310,0.05,2489.0,1383.28,1105.72,UPI
ORD101549,2025-03-19,CUST-02677,Small Business,South,Kochi,Home & Kitchen,Refrigerator,3,59380,0.05,169233.0,115571.36,53661.64,Net Banking
ORD101550,2025-03-19,CUST-01556,Consumer,Central,Gwalior,Fashion,Formal Shirt,5,1360,0.1,6120.0,2387.06,3732.94,UPI
ORD101551,2025-03-19,CUST-01062,Consumer,North,Jaipur,Electronics,Smartphone,1,9200,0.1,8280.0,7686.26,593.74,Debit Card
ORD101552,2025-03-19,CUST-00177,Corporate,East,Bhubaneswar,Electronics,LED Television,3,16450,0.05,46882.5,41072.16,5810.34,Debit Card
ORD101553,2025-03-19,CUST-00209,Consumer,East,Bhubaneswar,Fashion,Men's T-Shirt,4,610,0.1,2196.0,1053.45,1142.55,Credit Card
ORD101554,2025-03-19,CUST-00315,Consumer,South,Kochi,Electronics,Tablet,2,17570,0.05,33383.0,28089.08,5293.92,UPI
ORD101555,2025-03-20,CUST-00582,Consumer,Central,Jabalpur,Office,Laptop Bag,4,2920,0.05,11096.0,5032.72,6063.28,Credit Card
ORD101556,2025-03-20,CUST-03084,Corporate,South,Bengaluru,Electronics,Tablet,1,10240,0.05,9728.0,7702.25,2025.75,Credit Card
ORD101557,2025-03-20,CUST-00941,Consumer,West,Ahmedabad,Electronics,Smartphone,2,50990,0.05,96881.0,83569.25,13311.75,UPI
ORD101558,2025-03-20,CUST-02605,Consumer,East,Kolkata,Office,File Organizer,2,800,0.05,1520.0,689.43,830.57,UPI
ORD101559,2025-03-20,CUST-00051,Consumer,South,Bengaluru,Fashion,Formal Shirt,3,700,0.1,1890.0,902.14,987.86,Net Banking
ORD101560,2025-03-20,CUST-00988,Consumer,North,Dehradun,Home & Kitchen,Mixer Grinder,1,3240,0.1,2916.0,2127.08,788.92,UPI
ORD101561,2025-03-20,CUST-02867,Consumer,South,Chennai,Office,File Organizer,4,400,0.05,1520.0,586.66,933.34,Debit Card
ORD101562,2025-03-20,CUST-00585,Consumer,East,Kolkata,Fashion,Wrist Watch,5,1650,0.1,7425.0,3822.52,3602.48,Credit Card
ORD101563,2025-03-20,CUST-00950,Consumer,West,Pune,Fashion,Handbag,2,3990,0.1,7182.0,3079.86,4102.14,UPI
ORD101564,2025-03-20,CUST-02629,Corporate,North,Delhi,Fashion,Formal Shirt,3,710,0.1,1917.0,954.07,962.93,Credit Card
ORD101565,2025-03-20,CUST-00387,Consumer,South,Coimbatore,Electronics,LED Television,1,54120,0.05,51414.0,42970.76,8443.24,Net Banking
ORD101566,2025-03-20,CUST-00163,Small Business,East,Guwahati,Electronics,Laptop,1,47800,0.05,45410.0,41024.46,4385.54,UPI
ORD101567,2025-03-20,CUST-03074,Consumer,East,Guwahati,Electronics,Smartwatch,2,6960,0.05,13224.0,8389.69,4834.31,Debit Card
ORD101568,2025-03-20,CUST-01249,Consumer,West,Nagpur,Electronics,Smartwatch,1,14230,0.05,13518.5,8826.96,4691.54,Credit Card
ORD101569,2025-03-21,CUST-02105,Consumer,North,Lucknow,Home & Kitchen,Air Fryer,1,11110,0.1,9999.0,6614.7,3384.3,Net Banking
ORD101570,2025-03-21,CUST-00397,Corporate,North,Delhi,Office,File Organizer,2,600,0.05,1140.0,519.19,620.81,UPI
ORD101571,2025-03-21,CUST-00721,Consumer,North,Delhi,Home & Kitchen,Pressure Cooker,4,2050,0.1,7380.0,4813.77,2566.23,Debit Card
ORD101572,2025-03-21,CUST-01445,Consumer,North,Lucknow,Electronics,Smartwatch,1,2020,0.1,1818.0,1365.33,452.67,Credit Card
ORD101573,2025-03-21,CUST-02180,Consumer,South,Coimbatore,Electronics,Tablet,1,17970,0.05,17071.5,13667.39,3404.11,UPI
ORD101574,2025-03-21,CUST-00950,Consumer,West,Pune,Electronics,Smartwatch,2,4950,0.05,9405.0,6716.77,2688.23,UPI
ORD101575,2025-03-21,CUST-02815,Corporate,North,Delhi,Home & Kitchen,Microwave Oven,3,6150,0.1,16605.0,12897.78,3707.22,UPI
ORD101576,2025-03-21,CUST-02494,Consumer,West,Ahmedabad,Electronics,Tablet,1,29730,0.05,28243.5,23585.17,4658.33,Credit Card
ORD101577,2025-03-21,CUST-01744,Corporate,South,Coimbatore,Home & Kitchen,Air Fryer,3,10750,0.05,30637.5,19306.22,11331.28,Debit Card
ORD101578,2025-03-21,CUST-01442,Small Business,West,Mumbai,Fashion,Formal Shirt,1,1950,0.1,1755.0,901.41,853.59,Debit Card
ORD101579,2025-03-21,CUST-01974,Corporate,West,Surat,Home & Kitchen,Washing Machine,1,23870,0.1,21483.0,17885.86,3597.14,Debit Card
ORD101580,2025-03-21,CUST-02347,Corporate,South,Chennai,Home & Kitchen,Ceiling Fan,3,1290,0.05,3676.5,2451.32,1225.18,Cash on Delivery
ORD101581,2025-03-21,CUST-00432,Consumer,North,Jaipur,Fashion,Formal Shirt,2,1870,0.1,3366.0,1279.27,2086.73,UPI
ORD101582,2025-03-21,CUST-02711,Consumer,South,Coimbatore,Fashion,Wrist Watch,3,3980,0.1,10746.0,6445.58,4300.42,UPI
ORD101583,2025-03-21,CUST-01550,Small Business,West,Pune,Home & Kitchen,Water Purifier,1,5840,0.1,5256.0,3453.57,1802.43,UPI
ORD101584,2025-03-21,CUST-02958,Small Business,North,Delhi,Home & Kitchen,Mixer Grinder,3,4540,0.1,12258.0,8874.26,3383.74,Net Banking
ORD101585,2025-03-21,CUST-03034,Consumer,East,Ranchi,Office,Stationery Kit,3,490,0.05,1396.5,630.19,766.31,Not Specified
ORD101586,2025-03-21,CUST-00098,Consumer,South,Kochi,Electronics,Bluetooth Speaker,2,6150,0.05,11685.0,6607.5,5077.5,UPI
ORD101587,2025-03-21,CUST-01181,Consumer,West,Mumbai,Electronics,Bluetooth Speaker,2,4030,0.05,7657.0,4944.15,2712.85,Cash on Delivery
ORD101588,2025-03-21,CUST-01646,Corporate,South,Coimbatore,Electronics,Bluetooth Earbuds,1,3050,0.05,2897.5,1909.01,988.49,Credit Card
ORD101589,2025-03-21,CUST-01693,Corporate,Central,Jabalpur,Home & Kitchen,Mixer Grinder,5,5860,0.05,27835.0,17961.0,9874.0,EMI
ORD101590,2025-03-21,CUST-02616,Corporate,South,Bengaluru,Fashion,Winter Jacket,2,4100,0.1,7380.0,3229.44,4150.56,UPI
ORD101591,2025-03-22,CUST-00453,Consumer,Central,Bhopal,Electronics,Laptop,1,39100,0.05,37145.0,32863.65,4281.35,Net Banking
ORD101592,2025-03-22,CUST-01981,Consumer,West,Pune,Electronics,Smartwatch,3,4890,0.05,13936.5,8767.54,5168.96,UPI
ORD101593,2025-03-22,CUST-02989,Consumer,West,Nagpur,Office,File Organizer,3,400,0.05,1140.0,550.14,589.86,Credit Card
ORD101594,2025-03-22,CUST-03195,Small Business,West,Nagpur,Electronics,Bluetooth Speaker,2,3060,0.05,5814.0,3615.65,2198.35,Credit Card
ORD101595,2025-03-22,CUST-00035,Consumer,West,Surat,Home & Kitchen,Microwave Oven,3,12800,0.1,34560.0,25982.09,8577.91,UPI
ORD101596,2025-03-22,CUST-03095,Consumer,South,Hyderabad,Fashion,Winter Jacket,3,3950,0.1,10665.0,5163.05,5501.95,UPI
ORD101597,2025-03-22,CUST-00390,Consumer,Central,Bhopal,Home & Kitchen,Ceiling Fan,3,4080,0.05,11628.0,7812.35,3815.65,Net Banking
ORD101598,2025-03-22,CUST-01685,Consumer,North,Lucknow,Electronics,Smartphone,1,32740,0.1,29466.0,27436.4,2029.6,UPI
ORD101599,2025-03-22,CUST-00795,Corporate,Central,Bhopal,Fashion,Handbag,4,1380,0.1,4968.0,2306.34,2661.66,Cash on Delivery
ORD101600,2025-03-22,CUST-01929,Corporate,North,Jaipur,Electronics,Power Bank,1,1840,0.1,1656.0,902.31,753.69,Debit Card
ORD101601,2025-03-22,CUST-00115,Consumer,South,Chennai,Home & Kitchen,Washing Machine,4,38290,0.05,145502.0,105125.46,40376.54,Credit Card
ORD101602,2025-03-22,CUST-00782,Small Business,Central,Bhopal,Electronics,Laptop,2,57780,0.05,109782.0,93355.15,16426.85,UPI
ORD101603,2025-03-22,CUST-00950,Consumer,West,Pune,Home & Kitchen,Microwave Oven,1,5960,0.1,5364.0,4413.83,950.17,Net Banking
ORD101604,2025-03-22,CUST-02902,Consumer,North,Jaipur,Electronics,Bluetooth Speaker,2,2010,0.1,3618.0,2080.4,1537.6,UPI
ORD101605,2025-03-22,CUST-01850,Consumer,Central,Gwalior,Home & Kitchen,Air Fryer,2,5090,0.05,9671.0,5888.87,3782.13,Debit Card
ORD101606,2025-03-22,CUST-02280,Consumer,East,Kolkata,Fashion,Handbag,3,1410,0.1,3807.0,1921.12,1885.88,Net Banking
ORD101607,2025-03-22,CUST-02183,Corporate,South,Bengaluru,Electronics,Smartphone,2,13310,0.05,25289.0,21887.78,3401.22,Credit Card
ORD101608,2025-03-22,CUST-01208,Consumer,South,Coimbatore,Home & Kitchen,Water Purifier,2,6070,0.05,11533.0,7941.22,3591.78,Credit Card
ORD101609,2025-03-22,CUST-00041,Consumer,Central,Raipur,Electronics,Laptop,3,59160,0.05,168606.0,147549.79,21056.21,Debit Card
ORD101610,2025-03-22,CUST-00355,Consumer,South,Chennai,Fashion,Denim Jeans,3,1010,0.1,2727.0,1161.39,1565.61,Cash on Delivery
ORD101611,2025-03-22,CUST-01441,Consumer,South,Chennai,Home & Kitchen,Microwave Oven,1,8110,0.05,7704.5,5493.66,2210.84,Net Banking
ORD101612,2025-03-22,CUST-02985,Consumer,South,Bengaluru,Home & Kitchen,Pressure Cooker,4,980,0.05,3724.0,2186.66,1537.34,Cash on Delivery
ORD101613,2025-03-22,CUST-00807,Consumer,South,Chennai,Office,Printer,3,7020,0.05,20007.0,14555.49,5451.51,Net Banking
ORD101614,2025-03-22,CUST-02245,Consumer,West,Ahmedabad,Electronics,Tablet,2,9850,0.05,18715.0,16104.54,2610.46,UPI
ORD101615,2025-03-22,CUST-02630,Consumer,North,Jaipur,Office,Whiteboard,3,1010,0.05,2878.5,1413.51,1464.99,UPI
ORD101616,2025-03-22,CUST-02867,Consumer,South,Chennai,Fashion,Formal Shirt,2,1410,0.1,2538.0,1042.77,1495.23,Credit Card
ORD101617,2025-03-23,CUST-00950,Consumer,West,Pune,Office,Printer,1,7090,0.05,6735.5,5668.32,1067.18,Net Banking
ORD101618,2025-03-23,CUST-02941,Small Business,West,Surat,Fashion,Running Shoes,2,3570,0.1,6426.0,2728.69,3697.31,UPI
ORD101619,2025-03-23,CUST-01939,Corporate,South,Hyderabad,Electronics,Power Bank,1,1820,0.05,1729.0,891.99,837.01,Net Banking
ORD101620,2025-03-23,CUST-01604,Consumer,West,Ahmedabad,Home & Kitchen,Ceiling Fan,4,2140,0.1,7704.0,4738.17,2965.83,Cash on Delivery
ORD101621,2025-03-23,CUST-02494,Consumer,West,Ahmedabad,Fashion,Running Shoes,1,1260,0.1,1134.0,609.79,524.21,Debit Card
ORD101622,2025-03-23,CUST-00782,Small Business,Central,Bhopal,Office,Whiteboard,1,1460,0.05,1387.0,714.81,672.19,UPI
ORD101623,2025-03-23,CUST-02588,Small Business,Central,Indore,Office,Desk Lamp,2,1290,0.05,2451.0,1399.87,1051.13,UPI
ORD101624,2025-03-23,CUST-02087,Consumer,South,Chennai,Electronics,Power Bank,2,1260,0.05,2394.0,1448.14,945.86,EMI
ORD101625,2025-03-23,CUST-02542,Consumer,South,Coimbatore,Home & Kitchen,Air Fryer,5,6460,0.05,30685.0,19231.63,11453.37,UPI
ORD101626,2025-03-23,CUST-02718,Corporate,North,Lucknow,Fashion,Winter Jacket,4,2240,0.1,8064.0,3593.23,4470.77,Net Banking
ORD101627,2025-03-23,CUST-01971,Consumer,South,Coimbatore,Electronics,Bluetooth Speaker,2,6060,0.05,11514.0,6486.38,5027.62,UPI
ORD101628,2025-03-23,CUST-00115,Consumer,South,Chennai,Home & Kitchen,Microwave Oven,1,12850,0.05,12207.5,8043.18,4164.32,UPI
ORD101629,2025-03-23,CUST-00950,Consumer,West,Pune,Office,Laptop Bag,1,2290,0.05,2175.5,1148.49,1027.01,Net Banking
ORD101630,2025-03-23,CUST-02792,Corporate,East,Ranchi,Electronics,LED Television,1,40300,0.05,38285.0,30349.32,7935.68,Cash on Delivery
ORD101631,2025-03-23,CUST-02002,Consumer,West,Surat,Fashion,Women's Kurti,1,900,0.1,810.0,331.06,478.94,UPI
ORD101632,2025-03-23,CUST-02834,Corporate,West,Nagpur,Electronics,Bluetooth Speaker,1,2010,0.05,1909.5,1037.26,872.24,Debit Card
ORD101633,2025-03-23,CUST-01181,Consumer,West,Mumbai,Home & Kitchen,Air Fryer,3,10710,0.1,28917.0,18168.99,10748.01,EMI
ORD101634,2025-03-23,CUST-01602,Consumer,West,Pune,Electronics,Bluetooth Speaker,1,2020,0.05,1919.0,1286.04,632.96,Credit Card
ORD101635,2025-03-23,CUST-02740,Small Business,West,Pune,Office,Desk Lamp,1,1830,0.05,1738.5,806.69,931.81,Cash on Delivery
ORD101636,2025-03-23,CUST-02448,Consumer,East,Patna,Office,Laptop Bag,2,2310,0.05,4389.0,2168.11,2220.89,UPI
ORD101637,2025-03-24,CUST-01163,Consumer,North,Lucknow,Home & Kitchen,Washing Machine,1,58140,0.1,52326.0,37021.08,15304.92,Net Banking
ORD101638,2025-03-24,CUST-00067,Small Business,South,Chennai,Fashion,Women's Kurti,3,1280,0.1,3456.0,1505.82,1950.18,UPI
ORD101639,2025-03-24,CUST-02801,Consumer,North,Delhi,Home & Kitchen,Mixer Grinder,3,6170,0.1,16659.0,10773.73,5885.27,Credit Card
ORD101640,2025-03-24,CUST-02509,Consumer,South,Bengaluru,Office,Office Chair,3,19980,0.05,56943.0,33645.35,23297.65,Debit Card
ORD101641,2025-03-24,CUST-01408,Corporate,North,Chandigarh,Electronics,Smartphone,1,33060,0.1,29754.0,26368.74,3385.26,Cash on Delivery
ORD101642,2025-03-24,CUST-01723,Consumer,West,Pune,Electronics,Laptop,1,85190,0.05,80930.5,74554.17,6376.33,UPI
ORD101643,2025-03-24,CUST-00665,Corporate,West,Surat,Electronics,Bluetooth Speaker,1,3040,0.05,2888.0,1596.91,1291.09,Debit Card
ORD101644,2025-03-24,CUST-01278,Corporate,North,Delhi,Office,Whiteboard,1,1510,0.05,1434.5,827.34,607.16,UPI
ORD101645,2025-03-24,CUST-00522,Small Business,West,Ahmedabad,Electronics,Bluetooth Speaker,2,5910,0.05,11229.0,6807.0,4422.0,EMI
ORD101646,2025-03-24,CUST-00695,Consumer,North,Chandigarh,Fashion,Running Shoes,1,1760,0.1,1584.0,737.55,846.45,UPI
ORD101647,2025-03-24,CUST-02686,Corporate,North,Dehradun,Fashion,Winter Jacket,3,1690,0.1,4563.0,2425.34,2137.66,Debit Card
ORD101648,2025-03-24,CUST-01116,Consumer,Central,Jabalpur,Electronics,Smartwatch,2,5070,0.05,9633.0,7094.44,2538.56,UPI
ORD101649,2025-03-25,CUST-02598,Small Business,West,Surat,Fashion,Formal Shirt,3,1400,0.1,3780.0,1370.26,2409.74,Credit Card
ORD101650,2025-03-25,CUST-01494,Consumer,North,Dehradun,Office,File Organizer,2,590,0.05,1121.0,485.97,635.03,UPI
ORD101651,2025-03-25,CUST-00240,Corporate,Central,Jabalpur,Office,Office Chair,4,11290,0.05,42902.0,25117.06,17784.94,Credit Card
ORD101652,2025-03-25,CUST-01113,Corporate,West,Surat,Fashion,Denim Jeans,5,1000,0.1,4500.0,1794.56,2705.44,Cash on Delivery
ORD101653,2025-03-25,CUST-00506,Consumer,Central,Raipur,Home & Kitchen,Washing Machine,5,29690,0.05,141027.5,108458.77,32568.73,Credit Card
ORD101654,2025-03-25,CUST-02231,Corporate,West,Mumbai,Electronics,Laptop,1,49160,0.05,46702.0,43189.2,3512.8,Credit Card
ORD101655,2025-03-25,CUST-02881,Consumer,South,Chennai,Office,Laptop Bag,1,1720,0.05,1634.0,927.68,706.32,Credit Card
ORD101656,2025-03-25,CUST-02448,Consumer,East,Patna,Office,Laptop Bag,2,2230,0.05,4237.0,2223.24,2013.76,UPI
ORD101657,2025-03-25,CUST-02494,Consumer,West,Ahmedabad,Fashion,Handbag,1,1380,0.1,1242.0,659.07,582.93,EMI
ORD101658,2025-03-25,CUST-02737,Corporate,North,Jaipur,Home & Kitchen,Refrigerator,2,34780,0.1,62604.0,46186.24,16417.76,Net Banking
ORD101659,2025-03-25,CUST-02489,Consumer,South,Coimbatore,Fashion,Men's T-Shirt,3,2340,0.1,6318.0,3073.71,3244.29,UPI
ORD101660,2025-03-25,CUST-01802,Consumer,South,Hyderabad,Fashion,Wrist Watch,2,1680,0.1,3024.0,1597.37,1426.63,Debit Card
ORD101661,2025-03-25,CUST-02297,Corporate,North,Delhi,Electronics,LED Television,3,22280,0.1,60156.0,56030.16,4125.84,UPI
ORD101662,2025-03-25,CUST-01293,Consumer,South,Chennai,Office,Whiteboard,1,2200,0.05,2090.0,1062.41,1027.59,Cash on Delivery
ORD101663,2025-03-25,CUST-00240,Corporate,Central,Jabalpur,Fashion,Men's T-Shirt,3,1720,0.1,4644.0,2148.35,2495.65,Credit Card
ORD101664,2025-03-25,CUST-02270,Consumer,North,Dehradun,Office,Study Table,4,6120,0.05,23256.0,13100.09,10155.91,Not Specified
ORD101665,2025-03-25,CUST-02314,Consumer,East,Ranchi,Home & Kitchen,Air Fryer,3,6360,0.1,17172.0,10848.79,6323.21,Debit Card
ORD101666,2025-03-25,CUST-00732,Consumer,Central,Raipur,Electronics,Tablet,1,14210,0.05,13499.5,10357.38,3142.12,Credit Card
ORD101667,2025-03-25,CUST-03028,Small Business,Central,Bhopal,Fashion,Running Shoes,3,1260,0.1,3402.0,1727.86,1674.14,Credit Card
ORD101668,2025-03-25,CUST-00161,Corporate,South,Hyderabad,Fashion,Formal Shirt,2,690,0.1,1242.0,469.4,772.6,EMI
ORD101669,2025-03-25,CUST-02366,Consumer,West,Mumbai,Office,File Organizer,2,610,0.05,1159.0,543.27,615.73,UPI
ORD101670,2025-03-25,CUST-03080,Consumer,West,Pune,Fashion,Denim Jeans,3,2930,0.1,7911.0,3866.52,4044.48,UPI
ORD101671,2025-03-25,CUST-00955,Consumer,East,Kolkata,Fashion,Denim Jeans,5,2930,0.1,13185.0,5544.46,7640.54,UPI
ORD101672,2025-03-25,CUST-02887,Corporate,West,Nagpur,Home & Kitchen,Mixer Grinder,2,3300,0.1,5940.0,4469.35,1470.65,UPI
ORD101673,2025-03-25,CUST-02628,Small Business,North,Jaipur,Home & Kitchen,Water Purifier,2,17620,0.1,31716.0,20737.97,10978.03,Credit Card
ORD101674,2025-03-25,CUST-02390,Small Business,Central,Bhopal,Office,Stationery Kit,2,500,0.05,950.0,359.6,590.4,Cash on Delivery
ORD101675,2025-03-26,CUST-03027,Corporate,East,Ranchi,Office,Office Chair,2,7860,0.05,14934.0,7954.73,6979.27,EMI
ORD101676,2025-03-26,CUST-02100,Small Business,West,Ahmedabad,Electronics,Bluetooth Speaker,1,2020,0.05,1919.0,1045.47,873.53,Net Banking
ORD101677,2025-03-26,CUST-01572,Small Business,West,Ahmedabad,Fashion,Winter Jacket,3,2240,0.1,6048.0,3541.57,2506.43,Debit Card
ORD101678,2025-03-26,CUST-02180,Consumer,South,Coimbatore,Office,Stationery Kit,1,720,0.05,684.0,307.38,376.62,UPI
ORD101679,2025-03-26,CUST-01276,Consumer,West,Surat,Home & Kitchen,Pressure Cooker,2,2820,0.1,5076.0,3260.39,1815.61,Net Banking
ORD101680,2025-03-26,CUST-00990,Consumer,South,Coimbatore,Fashion,Men's T-Shirt,3,1200,0.1,3240.0,1319.88,1920.12,Net Banking
ORD101681,2025-03-26,CUST-00285,Small Business,Central,Raipur,Home & Kitchen,Pressure Cooker,3,2740,0.05,7809.0,4478.42,3330.58,Cash on Delivery
ORD101682,2025-03-26,CUST-01165,Consumer,North,Dehradun,Office,Desk Lamp,4,920,0.05,3496.0,1979.22,1516.78,Cash on Delivery
ORD101683,2025-03-26,CUST-02553,Corporate,North,Delhi,Fashion,Running Shoes,5,2510,0.1,11295.0,5577.36,5717.64,Net Banking
ORD101684,2025-03-26,CUST-02997,Corporate,Central,Raipur,Electronics,Smartphone,3,12780,0.05,36423.0,32623.02,3799.98,Cash on Delivery
ORD101685,2025-03-26,CUST-03108,Corporate,Central,Jabalpur,Office,Stationery Kit,4,1010,0.05,3838.0,1968.38,1869.62,UPI
ORD101686,2025-03-26,CUST-00670,Corporate,West,Surat,Home & Kitchen,Microwave Oven,3,5860,0.1,15822.0,11134.26,4687.74,EMI
ORD101687,2025-03-26,CUST-01815,Small Business,West,Mumbai,Fashion,Women's Kurti,5,900,0.1,4050.0,1916.74,2133.26,UPI
ORD101688,2025-03-26,CUST-01827,Consumer,North,Dehradun,Office,Study Table,2,4550,0.05,8645.0,5625.82,3019.18,Cash on Delivery
ORD101689,2025-03-26,CUST-00549,Consumer,West,Ahmedabad,Electronics,Bluetooth Speaker,1,1960,0.05,1862.0,1090.66,771.34,UPI
ORD101690,2025-03-26,CUST-01843,Consumer,South,Coimbatore,Home & Kitchen,Washing Machine,4,59710,0.05,226898.0,161699.57,65198.43,UPI
ORD101691,2025-03-26,CUST-01117,Corporate,East,Guwahati,Home & Kitchen,Water Purifier,2,7980,0.1,14364.0,10934.2,3429.8,Credit Card
ORD101692,2025-03-26,CUST-02987,Consumer,West,Surat,Electronics,Smartphone,1,9110,0.05,8654.5,7688.31,966.19,Credit Card
ORD101693,2025-03-26,CUST-00833,Corporate,South,Hyderabad,Home & Kitchen,Washing Machine,5,23620,0.05,112195.0,84895.79,27299.21,Not Specified
ORD101694,2025-03-26,CUST-02657,Consumer,West,Surat,Electronics,Smartwatch,2,4950,0.05,9405.0,6638.91,2766.09,Cash on Delivery
ORD101695,2025-03-27,CUST-02854,Consumer,South,Kochi,Electronics,Bluetooth Speaker,2,6040,0.05,11476.0,6219.82,5256.18,Net Banking
ORD101696,2025-03-27,CUST-02366,Consumer,West,Mumbai,Office,Desk Lamp,2,1850,0.05,3515.0,1969.61,1545.39,EMI
ORD101697,2025-03-27,CUST-00705,Consumer,South,Coimbatore,Home & Kitchen,Refrigerator,2,20870,0.05,39653.0,26367.76,13285.24,UPI
ORD101698,2025-03-27,CUST-00853,Small Business,West,Pune,Office,Desk Lamp,2,1840,0.05,3496.0,1814.85,1681.15,Credit Card
ORD101699,2025-03-27,CUST-03087,Small Business,West,Mumbai,Fashion,Running Shoes,2,5130,0.1,9234.0,5278.27,3955.73,Cash on Delivery
ORD101700,2025-03-27,CUST-00257,Consumer,North,Lucknow,Electronics,Bluetooth Earbuds,3,3020,0.1,8154.0,6199.14,1954.86,UPI
ORD101701,2025-03-27,CUST-00383,Consumer,East,Kolkata,Electronics,Tablet,3,23010,0.05,65578.5,54540.47,11038.03,Cash on Delivery
ORD101702,2025-03-27,CUST-03124,Consumer,Central,Jabalpur,Home & Kitchen,Ceiling Fan,1,2750,0.05,2612.5,1673.4,939.1,Debit Card
ORD101703,2025-03-27,CUST-02490,Consumer,West,Pune,Fashion,Denim Jeans,1,2480,0.1,2232.0,1038.3,1193.7,Credit Card
ORD101704,2025-03-27,CUST-02390,Small Business,Central,Bhopal,Electronics,LED Television,1,74250,0.05,70537.5,60615.68,9921.82,Debit Card
ORD101705,2025-03-27,CUST-00513,Consumer,South,Kochi,Fashion,Formal Shirt,1,980,0.1,882.0,339.48,542.52,UPI
ORD101706,2025-03-27,CUST-01547,Consumer,South,Chennai,Home & Kitchen,Air Fryer,1,6370,0.05,6051.5,3564.37,2487.13,Cash on Delivery
ORD101707,2025-03-27,CUST-02666,Consumer,East,Ranchi,Fashion,Handbag,3,1380,0.1,3726.0,1623.27,2102.73,Credit Card
ORD101708,2025-03-27,CUST-01003,Small Business,West,Ahmedabad,Office,Desk Lamp,2,600,0.05,1140.0,578.02,561.98,Debit Card
ORD101709,2025-03-27,CUST-00617,Consumer,East,Patna,Office,Desk Lamp,2,580,0.05,1102.0,625.07,476.93,UPI
ORD101710,2025-03-27,CUST-00035,Consumer,West,Surat,Home & Kitchen,Microwave Oven,1,5830,0.1,5247.0,4269.47,977.53,UPI
ORD101711,2025-03-27,CUST-01981,Consumer,West,Pune,Electronics,Bluetooth Earbuds,1,4880,0.05,4636.0,2751.75,1884.25,Cash on Delivery
ORD101712,2025-03-27,CUST-00950,Consumer,West,Pune,Home & Kitchen,Mixer Grinder,5,2460,0.1,11070.0,7338.7,3731.3,UPI
ORD101713,2025-03-27,CUST-02745,Consumer,West,Nagpur,Office,Office Chair,1,14910,0.05,14164.5,8980.32,5184.18,UPI
ORD101714,2025-03-27,CUST-00945,Consumer,East,Ranchi,Home & Kitchen,Air Fryer,2,8260,0.1,14868.0,9987.74,4880.26,UPI
ORD101715,2025-03-27,CUST-00479,Corporate,West,Surat,Home & Kitchen,Water Purifier,4,5840,0.1,21024.0,14088.14,6935.86,Cash on Delivery
ORD101716,2025-03-28,CUST-03055,Small Business,West,Surat,Home & Kitchen,Washing Machine,4,38010,0.1,136836.0,106116.8,30719.2,UPI
ORD101717,2025-03-28,CUST-03070,Consumer,South,Bengaluru,Fashion,Denim Jeans,3,1010,0.1,2727.0,1398.09,1328.91,Debit Card
ORD101718,2025-03-28,CUST-02201,Consumer,West,Surat,Home & Kitchen,Ceiling Fan,5,1730,0.1,7785.0,5709.18,2075.82,Cash on Delivery
ORD101719,2025-03-28,CUST-02933,Consumer,West,Mumbai,Office,Whiteboard,1,1000,0.05,950.0,519.49,430.51,Credit Card
ORD101720,2025-03-28,CUST-00517,Consumer,South,Chennai,Office,Study Table,1,5880,0.05,5586.0,3066.24,2519.76,Credit Card
ORD101721,2025-03-28,CUST-01446,Consumer,Central,Indore,Electronics,Bluetooth Earbuds,1,2990,0.05,2840.5,1914.11,926.39,Debit Card
ORD101722,2025-03-28,CUST-00663,Small Business,South,Coimbatore,Electronics,Tablet,1,28340,0.05,26923.0,23678.73,3244.27,Cash on Delivery
ORD101723,2025-03-28,CUST-01516,Corporate,South,Coimbatore,Fashion,Handbag,2,3060,0.1,5508.0,2510.83,2997.17,Net Banking
ORD101724,2025-03-28,CUST-02525,Small Business,West,Pune,Fashion,Running Shoes,5,5130,0.1,23085.0,13857.06,9227.94,Credit Card
ORD101725,2025-03-28,CUST-02681,Small Business,West,Pune,Electronics,Tablet,2,18160,0.05,34504.0,28470.23,6033.77,UPI
ORD101726,2025-03-28,CUST-00021,Corporate,West,Nagpur,Home & Kitchen,Ceiling Fan,3,1320,0.1,3564.0,2263.78,1300.22,Cash on Delivery
ORD101727,2025-03-28,CUST-01198,Consumer,North,Dehradun,Electronics,Bluetooth Speaker,2,1330,0.1,2394.0,1363.0,1031.0,UPI
ORD101728,2025-03-28,CUST-03187,Small Business,East,Guwahati,Office,Printer,4,4950,0.05,18810.0,13479.91,5330.09,UPI
ORD101729,2025-03-28,CUST-01867,Consumer,South,Kochi,Office,Laptop Bag,2,2280,0.05,4332.0,2290.47,2041.53,UPI
ORD101730,2025-03-28,CUST-00950,Consumer,West,Pune,Fashion,Women's Kurti,2,2340,0.1,4212.0,1847.73,2364.27,Cash on Delivery
ORD101731,2025-03-28,CUST-01198,Consumer,North,Dehradun,Home & Kitchen,Pressure Cooker,2,1490,0.1,2682.0,1555.58,1126.42,EMI
ORD101732,2025-03-28,CUST-00988,Consumer,North,Dehradun,Home & Kitchen,Mixer Grinder,4,2480,0.1,8928.0,5920.66,3007.34,Net Banking
ORD101733,2025-03-29,CUST-01402,Corporate,North,Jaipur,Office,Whiteboard,4,2180,0.05,8284.0,4791.57,3492.43,UPI
ORD101734,2025-03-29,CUST-01394,Corporate,North,Chandigarh,Office,Laptop Bag,2,800,0.05,1520.0,850.63,669.37,UPI
ORD101735,2025-03-29,CUST-01604,Consumer,West,Ahmedabad,Electronics,LED Television,3,15860,0.05,45201.0,37230.97,7970.03,UPI
ORD101736,2025-03-29,CUST-01460,Small Business,West,Pune,Office,Whiteboard,2,2220,0.05,4218.0,2485.07,1732.93,Credit Card
ORD101737,2025-03-29,CUST-01614,Consumer,North,Lucknow,Electronics,Bluetooth Speaker,2,3030,0.1,5454.0,3072.8,2381.2,Cash on Delivery
ORD101738,2025-03-29,CUST-00097,Consumer,East,Patna,Fashion,Handbag,3,2000,0.1,5400.0,1984.13,3415.87,Credit Card
ORD101739,2025-03-29,CUST-00171,Small Business,East,Ranchi,Fashion,Winter Jacket,5,1690,0.1,7605.0,3783.5,3821.5,Cash on Delivery
ORD101740,2025-03-29,CUST-01147,Consumer,West,Nagpur,Home & Kitchen,Microwave Oven,2,5880,0.1,10584.0,8005.23,2578.77,UPI
ORD101741,2025-03-29,CUST-02816,Small Business,East,Kolkata,Fashion,Handbag,5,910,0.1,4095.0,1822.5,2272.5,UPI
ORD101742,2025-03-29,CUST-02523,Small Business,West,Mumbai,Fashion,Winter Jacket,4,5050,0.1,18180.0,10210.26,7969.74,UPI
ORD101743,2025-03-29,CUST-00362,Small Business,South,Chennai,Fashion,Running Shoes,2,2560,0.1,4608.0,2585.47,2022.53,Credit Card
ORD101744,2025-03-29,CUST-01572,Small Business,West,Ahmedabad,Fashion,Denim Jeans,5,2940,0.1,13230.0,7023.15,6206.85,Cash on Delivery
ORD101745,2025-03-29,CUST-01924,Consumer,South,Hyderabad,Electronics,Smartphone,1,43570,0.05,41391.5,34609.33,6782.17,Debit Card
ORD101746,2025-03-29,CUST-01527,Consumer,South,Coimbatore,Home & Kitchen,Ceiling Fan,5,2790,0.05,13252.5,9359.03,3893.47,Debit Card
ORD101747,2025-03-29,CUST-02239,Consumer,North,Chandigarh,Fashion,Wrist Watch,5,1000,0.1,4500.0,1866.26,2633.74,UPI
ORD101748,2025-03-29,CUST-03195,Small Business,West,Nagpur,Fashion,Denim Jeans,2,1020,0.1,1836.0,838.2,997.8,Cash on Delivery
ORD101749,2025-03-29,CUST-00331,Consumer,West,Mumbai,Electronics,Smartphone,2,18470,0.05,35093.0,29077.68,6015.32,Credit Card
ORD101750,2025-03-29,CUST-01614,Consumer,North,Lucknow,Electronics,Smartphone,1,32840,0.1,29556.0,27885.4,1670.6,Not Specified
ORD101751,2025-03-29,CUST-01607,Consumer,North,Chandigarh,Office,Whiteboard,1,2240,0.05,2128.0,1220.52,907.48,Debit Card
ORD101752,2025-03-29,CUST-01778,Consumer,Central,Indore,Home & Kitchen,Mixer Grinder,4,1830,0.05,6954.0,4760.13,2193.87,Cash on Delivery
ORD101753,2025-03-29,CUST-00535,Consumer,East,Ranchi,Fashion,Handbag,5,1950,0.1,8775.0,2932.09,5842.91,UPI
ORD101754,2025-03-29,CUST-02045,Corporate,West,Ahmedabad,Electronics,Laptop,1,58220,0.05,55309.0,52079.7,3229.3,Net Banking
ORD101755,2025-03-29,CUST-00136,Small Business,West,Mumbai,Fashion,Handbag,5,4060,0.1,18270.0,9052.96,9217.04,UPI
ORD101756,2025-03-29,CUST-02382,Consumer,West,Ahmedabad,Home & Kitchen,Microwave Oven,3,5900,0.1,15930.0,12596.75,3333.25,UPI
ORD101757,2025-03-29,CUST-02127,Small Business,South,Hyderabad,Fashion,Men's T-Shirt,3,1680,0.1,4536.0,1789.66,2746.34,Cash on Delivery
ORD101758,2025-03-30,CUST-01010,Small Business,North,Jaipur,Office,Printer,4,20300,0.05,77140.0,55943.65,21196.35,Credit Card
ORD101759,2025-03-30,CUST-03163,Small Business,West,Pune,Office,Printer,1,19650,0.05,18667.5,15200.41,3467.09,Debit Card
ORD101760,2025-03-30,CUST-02636,Consumer,East,Kolkata,Fashion,Denim Jeans,3,3010,0.1,8127.0,3659.16,4467.84,Credit Card
ORD101761,2025-03-30,CUST-01693,Corporate,Central,Jabalpur,Electronics,Bluetooth Speaker,1,1960,0.05,1862.0,989.65,872.35,UPI
ORD101762,2025-03-30,CUST-03170,Small Business,North,Lucknow,Fashion,Running Shoes,3,1760,0.1,4752.0,2139.11,2612.89,UPI
ORD101763,2025-03-30,CUST-02643,Consumer,West,Surat,Office,Laptop Bag,2,810,0.05,1539.0,689.5,849.5,Credit Card
ORD101764,2025-03-30,CUST-00443,Consumer,East,Guwahati,Electronics,Smartwatch,1,5100,0.05,4845.0,3202.04,1642.96,UPI
ORD101765,2025-03-30,CUST-01875,Consumer,South,Bengaluru,Home & Kitchen,Microwave Oven,3,7980,0.05,22743.0,16322.23,6420.77,Credit Card
ORD101766,2025-03-30,CUST-01843,Consumer,South,Coimbatore,Fashion,Women's Kurti,2,1260,0.1,2268.0,981.08,1286.92,Credit Card
ORD101767,2025-03-30,CUST-02099,Consumer,North,Delhi,Fashion,Denim Jeans,3,1000,0.1,2700.0,1095.38,1604.62,Credit Card
ORD101768,2025-03-30,CUST-02983,Small Business,South,Hyderabad,Electronics,Smartwatch,2,5010,0.05,9519.0,6024.47,3494.53,UPI
ORD101769,2025-03-30,CUST-01558,Small Business,South,Kochi,Fashion,Formal Shirt,1,1440,0.1,1296.0,588.75,707.25,Debit Card
ORD101770,2025-03-30,CUST-00262,Small Business,West,Nagpur,Electronics,Bluetooth Earbuds,2,6020,0.05,11438.0,7910.06,3527.94,UPI
ORD101771,2025-03-30,CUST-01517,Consumer,West,Surat,Office,Laptop Bag,1,810,0.05,769.5,441.44,328.06,Credit Card
ORD101772,2025-03-30,CUST-02516,Small Business,South,Hyderabad,Office,File Organizer,2,400,0.05,760.0,323.72,436.28,Credit Card
ORD101773,2025-03-30,CUST-01104,Consumer,North,Dehradun,Home & Kitchen,Mixer Grinder,3,2470,0.1,6669.0,4445.36,2223.64,UPI
ORD101774,2025-03-30,CUST-00091,Consumer,Central,Raipur,Home & Kitchen,Air Fryer,3,3980,0.05,11343.0,8337.9,3005.1,Credit Card
ORD101775,2025-03-30,CUST-00950,Consumer,West,Pune,Electronics,Bluetooth Speaker,2,2000,0.05,3800.0,2025.49,1774.51,EMI
ORD101776,2025-03-31,CUST-02192,Small Business,North,Lucknow,Fashion,Winter Jacket,3,2300,0.1,6210.0,3559.37,2650.63,UPI
ORD101777,2025-03-31,CUST-00294,Consumer,South,Bengaluru,Home & Kitchen,Microwave Oven,5,13170,0.05,62557.5,42018.49,20539.01,Credit Card
ORD101778,2025-03-31,CUST-01152,Consumer,South,Chennai,Office,Desk Lamp,4,600,0.05,2280.0,1188.73,1091.27,UPI
ORD101779,2025-03-31,CUST-00421,Consumer,North,Delhi,Electronics,Tablet,2,22600,0.1,40680.0,34504.89,6175.11,Credit Card
ORD101780,2025-03-31,CUST-01502,Consumer,North,Jaipur,Electronics,Bluetooth Earbuds,1,4120,0.1,3708.0,2435.52,1272.48,UPI
ORD101781,2025-03-31,CUST-00454,Small Business,North,Jaipur,Fashion,Formal Shirt,3,1430,0.1,3861.0,1811.58,2049.42,Credit Card
ORD101782,2025-03-31,CUST-00361,Consumer,South,Hyderabad,Fashion,Denim Jeans,2,1870,0.1,3366.0,1468.91,1897.09,Credit Card
ORD101783,2025-03-31,CUST-02241,Small Business,South,Hyderabad,Fashion,Formal Shirt,4,980,0.1,3528.0,1821.84,1706.16,Credit Card
ORD101784,2025-03-31,CUST-00505,Consumer,West,Pune,Home & Kitchen,Air Fryer,1,8670,0.1,7803.0,4782.9,3020.1,Credit Card
ORD101785,2025-03-31,CUST-00492,Consumer,Central,Raipur,Office,File Organizer,2,410,0.05,779.0,393.88,385.12,UPI
ORD101786,2025-03-31,CUST-01881,Not Specified,Central,Gwalior,Office,File Organizer,1,580,0.05,551.0,274.37,276.63,Credit Card
ORD101787,2025-03-31,CUST-00136,Small Business,West,Mumbai,Electronics,Tablet,2,14200,0.05,26980.0,22865.58,4114.42,Credit Card
ORD101788,2025-03-31,CUST-00102,Consumer,West,Nagpur,Fashion,Winter Jacket,1,2940,0.1,2646.0,1168.34,1477.66,Credit Card
ORD101789,2025-03-31,CUST-01348,Consumer,West,Surat,Office,Desk Lamp,2,610,0.05,1159.0,531.84,627.16,Credit Card
ORD101790,2025-03-31,CUST-01125,Corporate,West,Pune,Home & Kitchen,Microwave Oven,4,16140,0.1,58104.0,41255.01,16848.99,Cash on Delivery
ORD101791,2025-03-31,CUST-01713,Consumer,West,Nagpur,Fashion,Women's Kurti,2,600,0.1,1080.0,387.29,692.71,UPI
ORD101792,2025-03-31,CUST-03186,Consumer,North,Lucknow,Office,File Organizer,4,790,0.05,3002.0,1579.47,1422.53,Cash on Delivery
ORD101793,2025-04-01,CUST-01356,Consumer,South,Hyderabad,Home & Kitchen,Microwave Oven,5,7850,0.05,37287.5,28813.43,8474.07,Credit Card
ORD101794,2025-04-01,CUST-01828,Consumer,North,Chandigarh,Electronics,Smartphone,1,8830,0.1,7947.0,7679.16,267.84,UPI
ORD101795,2025-04-01,CUST-02909,Consumer,East,Bhubaneswar,Office,Desk Lamp,3,580,0.05,1653.0,886.89,766.11,UPI
ORD101796,2025-04-01,CUST-01535,Consumer,South,Kochi,Electronics,Bluetooth Speaker,2,3070,0.05,5833.0,3390.79,2442.21,Debit Card
ORD101797,2025-04-01,CUST-02494,Consumer,West,Ahmedabad,Home & Kitchen,Refrigerator,5,27950,0.1,125775.0,101922.04,23852.96,Debit Card
ORD101798,2025-04-01,CUST-01735,Consumer,West,Pune,Electronics,Bluetooth Earbuds,2,3950,0.05,7505.0,4682.18,2822.82,UPI
ORD101799,2025-04-01,CUST-02040,Small Business,East,Guwahati,Office,File Organizer,4,600,0.05,2280.0,1115.57,1164.43,EMI
ORD101800,2025-04-01,CUST-02946,Consumer,East,Guwahati,Electronics,Bluetooth Speaker,2,3940,0.05,7486.0,4059.87,3426.13,Net Banking
ORD101801,2025-04-01,CUST-00004,Consumer,West,Surat,Electronics,Power Bank,1,1320,0.05,1254.0,607.36,646.64,Cash on Delivery
ORD101802,2025-04-01,CUST-02859,Corporate,North,Delhi,Electronics,Bluetooth Speaker,1,3040,0.1,2736.0,1797.59,938.41,Credit Card
ORD101803,2025-04-01,CUST-01581,Small Business,South,Chennai,Home & Kitchen,Refrigerator,3,20900,0.05,59565.0,41309.27,18255.73,UPI
ORD101804,2025-04-01,CUST-01931,Consumer,South,Coimbatore,Office,Stationery Kit,1,490,0.05,465.5,226.71,238.79,Credit Card
ORD101805,2025-04-01,CUST-01413,Consumer,West,Nagpur,Electronics,Smartphone,3,13340,0.05,38019.0,34740.07,3278.93,Debit Card
ORD101806,2025-04-01,CUST-00855,Corporate,South,Coimbatore,Fashion,Running Shoes,1,1290,0.1,1161.0,539.88,621.12,Credit Card
ORD101807,2025-04-01,CUST-00219,Consumer,South,Coimbatore,Fashion,Denim Jeans,4,2930,0.1,10548.0,5626.18,4921.82,Credit Card
ORD101808,2025-04-01,CUST-02996,Consumer,West,Pune,Home & Kitchen,Washing Machine,2,57820,0.1,104076.0,83337.65,20738.35,EMI
ORD101809,2025-04-01,CUST-01986,Consumer,West,Mumbai,Fashion,Winter Jacket,1,4850,0.1,4365.0,2496.5,1868.5,UPI
ORD101810,2025-04-01,CUST-02774,Corporate,North,Chandigarh,Fashion,Women's Kurti,5,2290,0.1,10305.0,4987.41,5317.59,UPI
ORD101811,2025-04-01,CUST-00950,Consumer,West,Pune,Fashion,Women's Kurti,2,1790,0.1,3222.0,1143.99,2078.01,Net Banking
ORD101812,2025-04-01,CUST-00926,Consumer,West,Mumbai,Fashion,Women's Kurti,2,930,0.1,1674.0,743.45,930.55,EMI
ORD101813,2025-04-01,CUST-01026,Consumer,South,Kochi,Electronics,Power Bank,2,1330,0.05,2527.0,1424.31,1102.69,UPI
ORD101814,2025-04-01,CUST-00756,Consumer,East,Kolkata,Home & Kitchen,Washing Machine,3,18600,0.1,50220.0,34060.31,16159.69,UPI
ORD101815,2025-04-01,CUST-01581,Small Business,South,Chennai,Fashion,Handbag,2,2990,0.1,5382.0,2591.32,2790.68,Debit Card
ORD101816,2025-04-02,CUST-02961,Consumer,South,Chennai,Home & Kitchen,Mixer Grinder,5,1780,0.05,8455.0,5389.92,3065.08,UPI
ORD101817,2025-04-02,CUST-02781,Consumer,North,Chandigarh,Office,Whiteboard,2,2200,0.05,4180.0,2108.01,2071.99,Debit Card
ORD101818,2025-04-02,CUST-01573,Consumer,South,Kochi,Electronics,Power Bank,1,2330,0.05,2213.5,1080.09,1133.41,UPI
ORD101819,2025-04-02,CUST-01071,Small Business,South,Bengaluru,Office,File Organizer,4,590,0.05,2242.0,958.91,1283.09,Debit Card
ORD101820,2025-04-02,CUST-01949,Corporate,South,Hyderabad,Office,Printer,1,20240,0.05,19228.0,15629.37,3598.63,Cash on Delivery
ORD101821,2025-04-02,CUST-01951,Corporate,North,Chandigarh,Fashion,Women's Kurti,3,880,0.1,2376.0,936.71,1439.29,Cash on Delivery
ORD101822,2025-04-02,CUST-02197,Consumer,South,Coimbatore,Electronics,LED Television,2,53670,0.05,101973.0,86756.61,15216.39,UPI
ORD101823,2025-04-02,CUST-01679,Small Business,South,Coimbatore,Home & Kitchen,Mixer Grinder,2,2540,0.05,4826.0,3438.05,1387.95,Credit Card
ORD101824,2025-04-02,CUST-00089,Corporate,South,Bengaluru,Electronics,Bluetooth Earbuds,1,5920,0.05,5624.0,4036.74,1587.26,UPI
ORD101825,2025-04-02,CUST-00258,Corporate,West,Nagpur,Home & Kitchen,Washing Machine,2,24300,0.1,43740.0,33889.36,9850.64,Credit Card
ORD101826,2025-04-02,CUST-03102,Consumer,East,Patna,Fashion,Denim Jeans,3,1360,0.1,3672.0,1972.25,1699.75,Net Banking
ORD101827,2025-04-02,CUST-02390,Small Business,Central,Bhopal,Home & Kitchen,Water Purifier,3,14070,0.05,40099.5,27594.54,12504.96,UPI
ORD101828,2025-04-02,CUST-03008,Consumer,South,Coimbatore,Fashion,Men's T-Shirt,1,590,0.1,531.0,209.16,321.84,Net Banking
ORD101829,2025-04-02,CUST-01026,Consumer,South,Kochi,Office,File Organizer,4,410,0.05,1558.0,783.84,774.16,Credit Card
ORD101830,2025-04-02,CUST-01677,Consumer,West,Ahmedabad,Home & Kitchen,Pressure Cooker,1,2880,0.1,2592.0,1588.53,1003.47,Cash on Delivery
ORD101831,2025-04-02,CUST-00988,Consumer,North,Dehradun,Home & Kitchen,Pressure Cooker,1,3520,0.1,3168.0,2010.19,1157.81,Debit Card
ORD101832,2025-04-03,CUST-02876,Corporate,West,Pune,Office,Printer,2,14310,0.05,27189.0,19658.66,7530.34,Credit Card
ORD101833,2025-04-03,CUST-00950,Consumer,West,Pune,Fashion,Running Shoes,4,3530,0.1,12708.0,6427.06,6280.94,Credit Card
ORD101834,2025-04-03,CUST-02232,Corporate,East,Ranchi,Office,Office Chair,1,4420,0.05,4199.0,2675.03,1523.97,Credit Card
ORD101835,2025-04-03,CUST-00549,Consumer,West,Ahmedabad,Electronics,Tablet,2,17610,0.05,33459.0,25615.02,7843.98,Credit Card
ORD101836,2025-04-03,CUST-00350,Corporate,South,Bengaluru,Electronics,Bluetooth Earbuds,3,3050,0.05,8692.5,5718.6,2973.9,Credit Card
ORD101837,2025-04-03,CUST-00496,Consumer,West,Pune,Electronics,Smartphone,2,48770,0.05,92663.0,85172.47,7490.53,Debit Card
ORD101838,2025-04-03,CUST-01659,Corporate,West,Mumbai,Electronics,Power Bank,2,2980,0.05,5662.0,3025.74,2636.26,Debit Card
ORD101839,2025-04-03,CUST-02681,Small Business,West,Pune,Home & Kitchen,Mixer Grinder,3,2560,0.1,6912.0,5178.64,1733.36,UPI
ORD101840,2025-04-03,CUST-03199,Consumer,South,Chennai,Office,Laptop Bag,2,820,0.05,1558.0,721.38,836.62,Credit Card
ORD101841,2025-04-03,CUST-01981,Consumer,West,Pune,Electronics,Bluetooth Earbuds,2,1270,0.05,2413.0,1564.37,848.63,Cash on Delivery
ORD101842,2025-04-03,CUST-01671,Small Business,North,Lucknow,Home & Kitchen,Ceiling Fan,3,2880,0.1,7776.0,5111.19,2664.81,UPI
ORD101843,2025-04-03,CUST-02512,Consumer,North,Lucknow,Electronics,Smartphone,1,50380,0.1,45342.0,40667.28,4674.72,Debit Card
ORD101844,2025-04-03,CUST-00205,Consumer,West,Nagpur,Home & Kitchen,Mixer Grinder,4,3310,0.1,11916.0,8577.44,3338.56,Credit Card
ORD101845,2025-04-03,CUST-02576,Consumer,East,Bhubaneswar,Office,Study Table,2,10120,0.05,19228.0,11208.66,8019.34,Credit Card
ORD101846,2025-04-03,CUST-02441,Small Business,North,Chandigarh,Fashion,Denim Jeans,2,2500,0.1,4500.0,1791.1,2708.9,Cash on Delivery
ORD101847,2025-04-03,CUST-01659,Corporate,West,Mumbai,Office,Desk Lamp,1,880,0.05,836.0,427.49,408.51,UPI
ORD101848,2025-04-03,CUST-00069,Consumer,South,Kochi,Electronics,Laptop,1,59400,0.05,56430.0,53060.46,3369.54,UPI
ORD101849,2025-04-03,CUST-00656,Corporate,West,Ahmedabad,Electronics,Laptop,1,32820,0.05,31179.0,29140.13,2038.87,UPI
ORD101850,2025-04-04,CUST-01142,Corporate,South,Hyderabad,Home & Kitchen,Ceiling Fan,1,1270,0.05,1206.5,835.47,371.03,Credit Card
ORD101851,2025-04-04,CUST-02984,Corporate,West,Surat,Fashion,Men's T-Shirt,1,610,0.1,549.0,272.86,276.14,UPI
ORD101852,2025-04-04,CUST-02045,Corporate,West,Ahmedabad,Home & Kitchen,Washing Machine,2,50370,0.1,90666.0,64039.13,26626.87,Credit Card
ORD101853,2025-04-04,CUST-01604,Consumer,West,Ahmedabad,Home & Kitchen,Air Fryer,3,10720,0.1,28944.0,21582.73,7361.27,Cash on Delivery
ORD101854,2025-04-04,CUST-01545,Corporate,South,Coimbatore,Fashion,Men's T-Shirt,3,1200,0.1,3240.0,1135.42,2104.58,Credit Card
ORD101855,2025-04-04,CUST-02494,Consumer,West,Ahmedabad,Fashion,Denim Jeans,5,2430,0.1,10935.0,4821.37,6113.63,Credit Card
ORD101856,2025-04-04,CUST-00988,Consumer,North,Dehradun,Office,File Organizer,1,590,0.05,560.5,232.79,327.71,Credit Card
ORD101857,2025-04-04,CUST-00327,Consumer,Central,Bhopal,Home & Kitchen,Pressure Cooker,3,1510,0.05,4303.5,2286.05,2017.45,Debit Card
ORD101858,2025-04-04,CUST-02185,Consumer,North,Chandigarh,Office,Study Table,1,8140,0.05,7733.0,4929.58,2803.42,UPI
ORD101859,2025-04-04,CUST-01003,Small Business,West,Ahmedabad,Office,Stationery Kit,1,490,0.05,465.5,174.85,290.65,Credit Card
ORD101860,2025-04-04,CUST-00993,Consumer,South,Coimbatore,Home & Kitchen,Washing Machine,3,37250,0.05,106162.5,69817.6,36344.9,Net Banking
ORD101861,2025-04-04,CUST-01426,Small Business,West,Ahmedabad,Electronics,Tablet,1,22820,0.05,21679.0,17521.29,4157.71,Net Banking
ORD101862,2025-04-04,CUST-00786,Corporate,West,Ahmedabad,Office,Office Chair,1,10930,0.05,10383.5,6488.83,3894.67,Credit Card
ORD101863,2025-04-04,CUST-02911,Corporate,North,Delhi,Home & Kitchen,Mixer Grinder,3,5970,0.1,16119.0,12069.4,4049.6,UPI
ORD101864,2025-04-04,CUST-02689,Consumer,South,Bengaluru,Home & Kitchen,Washing Machine,2,29320,0.05,55708.0,40895.41,14812.59,UPI
ORD101865,2025-04-04,CUST-03174,Corporate,West,Ahmedabad,Office,Office Chair,1,10900,0.05,10355.0,6529.3,3825.7,UPI
ORD101866,2025-04-04,CUST-03069,Small Business,Central,Indore,Electronics,Smartwatch,2,5010,0.05,9519.0,6199.36,3319.64,Debit Card
ORD101867,2025-04-05,CUST-00970,Small Business,West,Mumbai,Office,Laptop Bag,2,2340,0.05,4446.0,1916.0,2530.0,Credit Card
ORD101868,2025-04-05,CUST-01169,Consumer,Central,Raipur,Fashion,Wrist Watch,4,2440,0.1,8784.0,3988.87,4795.13,UPI
ORD101869,2025-04-05,CUST-02245,Consumer,West,Ahmedabad,Fashion,Women's Kurti,3,590,0.1,1593.0,728.28,864.72,Credit Card
ORD101870,2025-04-05,CUST-00047,Corporate,East,Kolkata,Electronics,Smartwatch,1,3510,0.05,3334.5,2351.52,982.98,UPI
ORD101871,2025-04-05,CUST-03186,Consumer,North,Lucknow,Fashion,Denim Jeans,3,1940,0.1,5238.0,2674.28,2563.72,UPI
ORD101872,2025-04-05,CUST-00035,Consumer,West,Surat,Office,Study Table,2,6160,0.05,11704.0,7026.6,4677.4,Credit Card
ORD101873,2025-04-05,CUST-01661,Consumer,West,Ahmedabad,Electronics,Bluetooth Earbuds,2,1270,0.05,2413.0,1459.55,953.45,UPI
ORD101874,2025-04-05,CUST-02152,Small Business,West,Pune,Office,Office Chair,3,19990,0.05,56971.5,31890.63,25080.87,Credit Card
ORD101875,2025-04-05,CUST-02896,Small Business,South,Chennai,Office,Stationery Kit,3,1010,0.05,2878.5,1187.04,1691.46,Net Banking
ORD101876,2025-04-05,CUST-02070,Consumer,West,Surat,Office,File Organizer,2,1210,0.05,2299.0,1196.96,1102.04,Credit Card
ORD101877,2025-04-05,CUST-01892,Consumer,North,Dehradun,Electronics,Laptop,1,59270,0.1,53343.0,52366.79,976.21,EMI
ORD101878,2025-04-05,CUST-00950,Consumer,West,Pune,Office,Study Table,4,8230,0.05,31274.0,16927.47,14346.53,UPI
ORD101879,2025-04-05,CUST-01875,Consumer,South,Bengaluru,Home & Kitchen,Washing Machine,5,19390,0.05,92102.5,71834.66,20267.84,Credit Card
ORD101880,2025-04-05,CUST-02402,Consumer,West,Mumbai,Home & Kitchen,Refrigerator,1,35560,0.1,32004.0,24060.9,7943.1,UPI
ORD101881,2025-04-05,CUST-01614,Consumer,North,Lucknow,Electronics,Power Bank,3,3010,0.1,8127.0,4612.2,3514.8,EMI
ORD101882,2025-04-05,CUST-02494,Consumer,West,Ahmedabad,Fashion,Men's T-Shirt,3,610,0.1,1647.0,671.49,975.51,Net Banking
ORD101883,2025-04-05,CUST-00237,Consumer,Central,Jabalpur,Fashion,Running Shoes,2,3400,0.1,6120.0,3578.82,2541.18,Credit Card
ORD101884,2025-04-06,CUST-01026,Consumer,South,Kochi,Office,Laptop Bag,3,2260,0.05,6441.0,3136.35,3304.65,Net Banking
ORD101885,2025-04-06,CUST-03050,Consumer,West,Surat,Fashion,Running Shoes,3,3550,0.1,9585.0,4542.83,5042.17,Cash on Delivery
ORD101886,2025-04-06,CUST-00988,Consumer,North,Dehradun,Fashion,Wrist Watch,5,3930,0.1,17685.0,9766.01,7918.99,Not Specified
ORD101887,2025-04-06,CUST-01981,Consumer,West,Pune,Office,Study Table,2,4540,0.05,8626.0,5057.92,3568.08,Cash on Delivery
ORD101888,2025-04-06,CUST-01628,Consumer,Central,Indore,Office,Stationery Kit,2,500,0.05,950.0,365.19,584.81,UPI
ORD101889,2025-04-06,CUST-02961,Consumer,South,Chennai,Office,Whiteboard,2,3390,0.05,6441.0,3386.08,3054.92,Credit Card
ORD101890,2025-04-06,CUST-00518,Consumer,South,Kochi,Fashion,Men's T-Shirt,4,820,0.1,2952.0,1449.3,1502.7,UPI
ORD101891,2025-04-06,CUST-00950,Consumer,West,Pune,Office,File Organizer,3,1170,0.05,3334.5,1445.91,1888.59,UPI
ORD101892,2025-04-06,CUST-02738,Consumer,South,Coimbatore,Electronics,Tablet,2,29800,0.05,56620.0,43981.51,12638.49,UPI
ORD101893,2025-04-06,CUST-02139,Corporate,West,Surat,Office,Office Chair,2,11040,0.05,20976.0,13021.48,7954.52,EMI
ORD101894,2025-04-06,CUST-01705,Consumer,Central,Jabalpur,Electronics,Tablet,1,10060,0.05,9557.0,8171.74,1385.26,Cash on Delivery
ORD101895,2025-04-06,CUST-01216,Corporate,West,Surat,Office,Whiteboard,1,3340,0.05,3173.0,1877.38,1295.62,UPI
ORD101896,2025-04-06,CUST-01273,Consumer,Central,Jabalpur,Home & Kitchen,Water Purifier,4,8150,0.05,30970.0,19756.03,11213.97,Debit Card
ORD101897,2025-04-07,CUST-02957,Consumer,West,Pune,Fashion,Women's Kurti,1,2260,0.1,2034.0,1038.36,995.64,EMI
ORD101898,2025-04-07,CUST-02158,Consumer,South,Chennai,Home & Kitchen,Air Fryer,1,4060,0.05,3857.0,2483.8,1373.2,UPI
ORD101899,2025-04-07,CUST-02935,Consumer,Central,Bhopal,Electronics,Tablet,1,10080,0.05,9576.0,7699.56,1876.44,Credit Card
ORD101900,2025-04-07,CUST-03094,Small Business,West,Ahmedabad,Fashion,Handbag,4,3020,0.1,10872.0,3961.29,6910.71,UPI
ORD101901,2025-04-07,CUST-01728,Consumer,East,Ranchi,Fashion,Denim Jeans,2,1390,0.1,2502.0,1152.34,1349.66,UPI
ORD101902,2025-04-07,CUST-01942,Consumer,West,Surat,Electronics,Bluetooth Earbuds,1,4000,0.05,3800.0,2277.6,1522.4,Net Banking
ORD101903,2025-04-07,CUST-02103,Consumer,East,Ranchi,Fashion,Denim Jeans,3,2490,0.1,6723.0,3139.26,3583.74,Net Banking
ORD101904,2025-04-07,CUST-02662,Consumer,South,Coimbatore,Electronics,Smartphone,2,8780,0.05,16682.0,15324.87,1357.13,Debit Card
ORD101905,2025-04-07,CUST-02114,Consumer,South,Chennai,Fashion,Winter Jacket,1,4080,0.1,3672.0,1681.8,1990.2,UPI
ORD101906,2025-04-07,CUST-00371,Small Business,West,Ahmedabad,Office,Stationery Kit,2,510,0.05,969.0,485.11,483.89,Debit Card
ORD101907,2025-04-07,CUST-02988,Consumer,East,Patna,Fashion,Wrist Watch,3,4080,0.1,11016.0,6118.58,4897.42,Cash on Delivery
ORD101908,2025-04-07,CUST-02118,Corporate,North,Jaipur,Office,Desk Lamp,3,1330,0.05,3790.5,2178.63,1611.87,Cash on Delivery
ORD101909,2025-04-07,CUST-02762,Consumer,South,Hyderabad,Electronics,Bluetooth Earbuds,2,5000,0.05,9500.0,6723.41,2776.59,UPI
ORD101910,2025-04-07,CUST-01324,Consumer,North,Delhi,Fashion,Formal Shirt,4,1390,0.1,5004.0,2259.18,2744.82,Credit Card
ORD101911,2025-04-07,CUST-01499,Small Business,North,Lucknow,Office,Whiteboard,1,3260,0.05,3097.0,1585.19,1511.81,Cash on Delivery
ORD101912,2025-04-07,CUST-02208,Consumer,West,Mumbai,Office,Stationery Kit,2,690,0.05,1311.0,601.23,709.77,Credit Card
ORD101913,2025-04-07,CUST-02487,Corporate,West,Surat,Electronics,Smartwatch,1,10240,0.05,9728.0,6616.34,3111.66,UPI
ORD101914,2025-04-08,CUST-00267,Small Business,North,Jaipur,Office,Laptop Bag,1,1720,0.05,1634.0,928.65,705.35,UPI
ORD101915,2025-04-08,CUST-01261,Consumer,West,Mumbai,Office,Study Table,3,9840,0.05,28044.0,15561.05,12482.95,Cash on Delivery
ORD101916,2025-04-08,CUST-02467,Consumer,North,Chandigarh,Electronics,Smartwatch,1,2020,0.1,1818.0,1275.0,543.0,Debit Card
ORD101917,2025-04-08,CUST-03182,Small Business,West,Surat,Electronics,Smartphone,1,41780,0.05,39691.0,36628.05,3062.95,UPI
ORD101918,2025-04-08,CUST-00035,Consumer,West,Surat,Home & Kitchen,Water Purifier,4,14230,0.1,51228.0,32880.39,18347.61,Credit Card
ORD101919,2025-04-08,CUST-00875,Consumer,West,Pune,Home & Kitchen,Mixer Grinder,4,1750,0.1,6300.0,4534.92,1765.08,UPI
ORD101920,2025-04-08,CUST-01460,Small Business,West,Pune,Fashion,Formal Shirt,3,1370,0.1,3699.0,1734.76,1964.24,UPI
ORD101921,2025-04-09,CUST-00727,Consumer,North,Delhi,Electronics,Bluetooth Speaker,2,1330,0.1,2394.0,1366.16,1027.84,UPI
ORD101922,2025-04-09,CUST-00090,Consumer,Central,Raipur,Home & Kitchen,Microwave Oven,4,9900,0.05,37620.0,27153.31,10466.69,UPI
ORD101923,2025-04-09,CUST-01693,Corporate,Central,Jabalpur,Fashion,Formal Shirt,1,680,0.1,612.0,323.7,288.3,UPI
ORD101924,2025-04-09,CUST-02086,Consumer,Central,Indore,Electronics,Bluetooth Earbuds,2,6170,0.05,11723.0,7045.31,4677.69,Debit Card
ORD101925,2025-04-09,CUST-01293,Consumer,South,Chennai,Home & Kitchen,Water Purifier,4,10740,0.05,40812.0,26146.01,14665.99,Not Specified
ORD101926,2025-04-09,CUST-01142,Corporate,South,Hyderabad,Home & Kitchen,Refrigerator,4,35020,0.05,133076.0,102616.36,30459.64,Cash on Delivery
ORD101927,2025-04-09,CUST-03147,Consumer,South,Chennai,Home & Kitchen,Ceiling Fan,2,1330,0.05,2527.0,1533.72,993.28,UPI
ORD101928,2025-04-09,CUST-01510,Corporate,East,Ranchi,Fashion,Wrist Watch,2,3910,0.1,7038.0,2862.21,4175.79,Debit Card
ORD101929,2025-04-09,CUST-02536,Corporate,West,Ahmedabad,Home & Kitchen,Mixer Grinder,3,2490,0.1,6723.0,4931.7,1791.3,Credit Card
ORD101930,2025-04-09,CUST-00950,Consumer,West,Pune,Fashion,Wrist Watch,5,2530,0.1,11385.0,4530.77,6854.23,Cash on Delivery
ORD101931,2025-04-09,CUST-02644,Consumer,West,Nagpur,Fashion,Wrist Watch,5,4010,0.1,18045.0,8925.59,9119.41,UPI
ORD101932,2025-04-09,CUST-02620,Consumer,North,Delhi,Fashion,Denim Jeans,4,1940,0.1,6984.0,3282.19,3701.81,Cash on Delivery
ORD101933,2025-04-09,CUST-00888,Consumer,Central,Bhopal,Office,Whiteboard,4,3270,0.05,12426.0,6246.87,6179.13,EMI
ORD101934,2025-04-09,CUST-02103,Consumer,East,Ranchi,Home & Kitchen,Pressure Cooker,3,1990,0.1,5373.0,3131.21,2241.79,UPI
ORD101935,2025-04-09,CUST-02192,Small Business,North,Lucknow,Fashion,Men's T-Shirt,3,400,0.1,1080.0,373.76,706.24,UPI
ORD101936,2025-04-09,CUST-01385,Consumer,South,Hyderabad,Fashion,Wrist Watch,1,1020,0.1,918.0,428.81,489.19,Credit Card
ORD101937,2025-04-09,CUST-02477,Consumer,East,Patna,Home & Kitchen,Air Fryer,1,5070,0.1,4563.0,2893.13,1669.87,Credit Card
ORD101938,2025-04-09,CUST-00955,Consumer,East,Kolkata,Fashion,Formal Shirt,3,1410,0.1,3807.0,1710.37,2096.63,UPI
ORD101939,2025-04-09,CUST-01537,Corporate,North,Dehradun,Home & Kitchen,Water Purifier,3,8040,0.1,21708.0,14871.33,6836.67,Credit Card
ORD101940,2025-04-10,CUST-03167,Consumer,Central,Jabalpur,Home & Kitchen,Pressure Cooker,4,2040,0.05,7752.0,4546.4,3205.6,UPI
ORD101941,2025-04-10,CUST-00558,Small Business,West,Nagpur,Electronics,Tablet,1,17760,0.05,16872.0,13059.9,3812.1,Debit Card
ORD101942,2025-04-10,CUST-00474,Consumer,West,Mumbai,Fashion,Handbag,4,900,0.1,3240.0,1300.16,1939.84,Cash on Delivery
ORD101943,2025-04-10,CUST-00454,Small Business,North,Jaipur,Office,Desk Lamp,4,910,0.05,3458.0,1896.4,1561.6,Credit Card
ORD101944,2025-04-10,CUST-03198,Consumer,East,Ranchi,Home & Kitchen,Pressure Cooker,1,1470,0.1,1323.0,831.81,491.19,UPI
ORD101945,2025-04-10,CUST-00513,Consumer,South,Kochi,Electronics,Bluetooth Speaker,1,3060,0.05,2907.0,1941.24,965.76,UPI
ORD101946,2025-04-10,CUST-00608,Consumer,West,Mumbai,Electronics,Bluetooth Speaker,1,1310,0.05,1244.5,800.0,444.5,Debit Card
ORD101947,2025-04-10,CUST-02233,Consumer,North,Jaipur,Electronics,LED Television,1,54440,0.1,48996.0,44682.7,4313.3,Debit Card
ORD101948,2025-04-10,CUST-02446,Consumer,Central,Indore,Office,Laptop Bag,1,820,0.05,779.0,370.25,408.75,UPI
ORD101949,2025-04-10,CUST-01651,Consumer,West,Mumbai,Electronics,Laptop,1,39320,0.05,37354.0,33705.91,3648.09,Net Banking
ORD101950,2025-04-10,CUST-03139,Consumer,West,Mumbai,Home & Kitchen,Air Fryer,1,11150,0.1,10035.0,6163.4,3871.6,EMI
ORD101951,2025-04-10,CUST-00116,Consumer,South,Bengaluru,Fashion,Winter Jacket,3,5020,0.1,13554.0,5744.62,7809.38,UPI
ORD101952,2025-04-10,CUST-01977,Consumer,East,Patna,Fashion,Wrist Watch,3,4090,0.1,11043.0,4939.87,6103.13,Debit Card
ORD101953,2025-04-10,CUST-01929,Corporate,North,Jaipur,Fashion,Women's Kurti,2,890,0.1,1602.0,758.79,843.21,UPI
ORD101954,2025-04-10,CUST-00987,Consumer,North,Dehradun,Electronics,Smartwatch,1,2000,0.1,1800.0,1268.49,531.51,Cash on Delivery
ORD101955,2025-04-10,CUST-02859,Corporate,North,Delhi,Electronics,Bluetooth Earbuds,1,3880,0.1,3492.0,2705.15,786.85,Credit Card
ORD101956,2025-04-10,CUST-01748,Consumer,West,Ahmedabad,Home & Kitchen,Air Fryer,1,11330,0.1,10197.0,6731.25,3465.75,Debit Card
ORD101957,2025-04-10,CUST-00795,Corporate,Central,Bhopal,Office,Desk Lamp,2,1320,0.05,2508.0,1415.04,1092.96,Debit Card
ORD101958,2025-04-10,CUST-00308,Corporate,West,Mumbai,Home & Kitchen,Mixer Grinder,5,3270,0.1,14715.0,10339.08,4375.92,EMI
ORD101959,2025-04-10,CUST-00356,Corporate,West,Pune,Office,Study Table,1,13270,0.05,12606.5,6677.01,5929.49,Debit Card
ORD101960,2025-04-11,CUST-02855,Consumer,North,Jaipur,Office,Office Chair,2,20120,0.05,38228.0,22473.48,15754.52,Net Banking
ORD101961,2025-04-11,CUST-00813,Consumer,West,Surat,Electronics,Tablet,1,14280,0.05,13566.0,10393.66,3172.34,Debit Card
ORD101962,2025-04-11,CUST-02868,Consumer,South,Kochi,Fashion,Winter Jacket,4,1660,0.1,5976.0,2765.22,3210.78,Debit Card
ORD101963,2025-04-11,CUST-00384,Consumer,South,Kochi,Fashion,Men's T-Shirt,3,610,0.1,1647.0,755.72,891.28,Debit Card
ORD101964,2025-04-11,CUST-03141,Consumer,North,Chandigarh,Home & Kitchen,Water Purifier,5,13770,0.1,61965.0,40946.29,21018.71,Net Banking
ORD101965,2025-04-11,CUST-02654,Corporate,North,Delhi,Fashion,Running Shoes,5,3400,0.1,15300.0,7567.35,7732.65,UPI
ORD101966,2025-04-11,CUST-00380,Consumer,East,Guwahati,Home & Kitchen,Washing Machine,4,30220,0.1,108792.0,73961.63,34830.37,Net Banking
ORD101967,2025-04-11,CUST-00294,Consumer,South,Bengaluru,Office,Stationery Kit,2,990,0.05,1881.0,908.06,972.94,Debit Card
ORD101968,2025-04-11,CUST-02554,Consumer,North,Dehradun,Office,File Organizer,1,410,0.05,389.5,161.8,227.7,Debit Card
ORD101969,2025-04-11,CUST-00265,Consumer,West,Ahmedabad,Electronics,Bluetooth Speaker,1,6050,0.05,5747.5,3070.41,2677.09,UPI
ORD101970,2025-04-11,CUST-00863,Consumer,East,Patna,Home & Kitchen,Ceiling Fan,3,3890,0.1,10503.0,6531.94,3971.06,UPI
ORD101971,2025-04-11,CUST-02544,Consumer,South,Chennai,Office,Office Chair,2,6070,0.05,11533.0,6828.24,4704.76,EMI
ORD101972,2025-04-11,CUST-02872,Consumer,Central,Bhopal,Fashion,Running Shoes,2,5040,0.1,9072.0,4678.87,4393.13,Cash on Delivery
ORD101973,2025-04-11,CUST-02457,Consumer,West,Surat,Fashion,Winter Jacket,3,1710,0.1,4617.0,2373.97,2243.03,Credit Card
ORD101974,2025-04-11,CUST-02834,Corporate,West,Nagpur,Electronics,Power Bank,1,2990,0.05,2840.5,1661.39,1179.11,Net Banking
ORD101975,2025-04-11,CUST-01773,Small Business,South,Coimbatore,Electronics,Laptop,1,40200,0.05,38190.0,35462.76,2727.24,UPI
ORD101976,2025-04-11,CUST-02494,Consumer,West,Ahmedabad,Electronics,Smartphone,1,42270,0.05,40156.5,36311.69,3844.81,Cash on Delivery
ORD101977,2025-04-11,CUST-01048,Small Business,East,Kolkata,Fashion,Winter Jacket,2,3010,0.1,5418.0,2482.01,2935.99,UPI
ORD101978,2025-04-11,CUST-02504,Consumer,South,Kochi,Fashion,Winter Jacket,3,2970,0.1,8019.0,3759.52,4259.48,Debit Card
ORD101979,2025-04-12,CUST-02192,Small Business,North,Lucknow,Fashion,Running Shoes,3,1830,0.1,4941.0,2752.79,2188.21,Cash on Delivery
ORD101980,2025-04-12,CUST-01822,Consumer,North,Chandigarh,Office,Printer,1,4950,0.05,4702.5,3830.39,872.11,UPI
ORD101981,2025-04-12,CUST-03182,Small Business,West,Surat,Office,Desk Lamp,4,1330,0.05,5054.0,2291.1,2762.9,Credit Card
ORD101982,2025-04-12,CUST-01484,Corporate,South,Chennai,Fashion,Wrist Watch,2,1670,0.1,3006.0,1750.5,1255.5,Credit Card
ORD101983,2025-04-12,CUST-01974,Corporate,West,Surat,Home & Kitchen,Washing Machine,2,38990,0.1,70182.0,57740.8,12441.2,Debit Card
ORD101984,2025-04-12,CUST-01604,Consumer,West,Ahmedabad,Fashion,Formal Shirt,5,700,0.1,3150.0,1661.51,1488.49,UPI
ORD101985,2025-04-12,CUST-00854,Consumer,Central,Jabalpur,Fashion,Wrist Watch,2,2480,0.1,4464.0,2398.43,2065.57,Credit Card
ORD101986,2025-04-12,CUST-01009,Consumer,West,Pune,Office,Printer,2,6960,0.05,13224.0,10829.98,2394.02,Cash on Delivery
ORD101987,2025-04-12,CUST-03126,Consumer,West,Ahmedabad,Office,Stationery Kit,2,290,0.05,551.0,266.18,284.82,EMI
ORD101988,2025-04-12,CUST-01208,Consumer,South,Coimbatore,Electronics,Laptop,1,38850,0.05,36907.5,33197.38,3710.12,UPI
ORD101989,2025-04-12,CUST-02192,Small Business,North,Lucknow,Electronics,Tablet,2,13950,0.1,25110.0,20933.93,4176.07,Debit Card
ORD101990,2025-04-12,CUST-01793,Corporate,South,Coimbatore,Electronics,Laptop,2,31540,0.05,59926.0,51122.36,8803.64,UPI
ORD101991,2025-04-12,CUST-02833,Corporate,East,Patna,Electronics,Bluetooth Earbuds,2,6110,0.05,11609.0,7053.88,4555.12,Debit Card
ORD101992,2025-04-12,CUST-02437,Consumer,West,Mumbai,Electronics,Power Bank,1,2960,0.05,2812.0,1526.98,1285.02,UPI
ORD101993,2025-04-12,CUST-00276,Consumer,North,Jaipur,Electronics,Laptop,1,85820,0.1,77238.0,69658.84,7579.16,UPI
ORD101994,2025-04-12,CUST-01089,Consumer,South,Coimbatore,Office,Whiteboard,1,1470,0.05,1396.5,667.87,728.63,Net Banking
ORD101995,2025-04-12,CUST-02288,Consumer,West,Nagpur,Electronics,LED Television,1,16290,0.05,15475.5,13590.35,1885.15,Net Banking
ORD101996,2025-04-12,CUST-00516,Consumer,South,Chennai,Electronics,Bluetooth Earbuds,3,4110,0.05,11713.5,8537.86,3175.64,Debit Card
ORD101997,2025-04-12,CUST-01601,Small Business,North,Lucknow,Office,Laptop Bag,1,3080,0.05,2926.0,1626.25,1299.75,Net Banking
ORD101998,2025-04-12,CUST-00983,Consumer,South,Bengaluru,Office,Study Table,2,10050,0.05,19095.0,12525.0,6570.0,Net Banking
ORD101999,2025-04-12,CUST-00210,Consumer,North,Lucknow,Home & Kitchen,Ceiling Fan,3,1740,0.1,4698.0,2877.73,1820.27,Debit Card
ORD102000,2025-04-12,CUST-03195,Small Business,West,Nagpur,Fashion,Men's T-Shirt,1,2360,0.1,2124.0,753.19,1370.81,Debit Card
ORD102001,2025-04-12,CUST-02936,Small Business,West,Surat,Home & Kitchen,Pressure Cooker,3,1500,0.1,4050.0,2435.42,1614.58,Debit Card
ORD102002,2025-04-13,CUST-02394,Corporate,South,Hyderabad,Office,Laptop Bag,2,2230,0.05,4237.0,2276.66,1960.34,Credit Card
ORD102003,2025-04-13,CUST-00649,Small Business,West,Nagpur,Home & Kitchen,Pressure Cooker,5,3580,0.1,16110.0,9124.66,6985.34,Credit Card
ORD102004,2025-04-13,CUST-03162,Small Business,North,Chandigarh,Home & Kitchen,Air Fryer,3,10840,0.1,29268.0,20798.92,8469.08,Credit Card
ORD102005,2025-04-13,CUST-02014,Consumer,South,Coimbatore,Electronics,Laptop,3,31650,0.05,90202.5,76484.94,13717.56,UPI
ORD102006,2025-04-13,CUST-03074,Consumer,East,Guwahati,Electronics,Smartphone,1,8940,0.05,8493.0,7474.88,1018.12,Credit Card
ORD102007,2025-04-13,CUST-00131,Consumer,North,Lucknow,Home & Kitchen,Refrigerator,5,21620,0.1,97290.0,72882.51,24407.49,Credit Card
ORD102008,2025-04-13,CUST-00547,Consumer,South,Coimbatore,Home & Kitchen,Pressure Cooker,2,1520,0.05,2888.0,1592.77,1295.23,Credit Card
ORD102009,2025-04-13,CUST-02186,Consumer,North,Delhi,Office,Stationery Kit,2,710,0.05,1349.0,648.2,700.8,Credit Card
ORD102010,2025-04-13,CUST-02869,Corporate,South,Chennai,Electronics,Bluetooth Earbuds,2,3910,0.05,7429.0,4421.51,3007.49,Cash on Delivery
ORD102011,2025-04-13,CUST-00549,Consumer,West,Ahmedabad,Home & Kitchen,Pressure Cooker,2,1520,0.1,2736.0,1784.79,951.21,Net Banking
ORD102012,2025-04-13,CUST-00980,Consumer,North,Delhi,Fashion,Women's Kurti,2,1310,0.1,2358.0,1050.28,1307.72,UPI
ORD102013,2025-04-13,CUST-01862,Consumer,West,Nagpur,Office,Laptop Bag,4,790,0.05,3002.0,1426.3,1575.7,UPI
ORD102014,2025-04-13,CUST-03200,Small Business,West,Mumbai,Office,Office Chair,1,4580,0.05,4351.0,2507.24,1843.76,Net Banking
ORD102015,2025-04-13,CUST-02542,Consumer,South,Coimbatore,Fashion,Wrist Watch,2,1740,0.1,3132.0,1533.66,1598.34,UPI
ORD102016,2025-04-13,CUST-02917,Small Business,South,Chennai,Home & Kitchen,Pressure Cooker,5,2820,0.05,13395.0,8198.22,5196.78,UPI
ORD102017,2025-04-13,CUST-02179,Consumer,West,Pune,Fashion,Running Shoes,2,1310,0.1,2358.0,1356.6,1001.4,UPI
ORD102018,2025-04-13,CUST-02789,Consumer,East,Ranchi,Electronics,Laptop,1,69260,0.05,65797.0,59319.39,6477.61,Credit Card
ORD102019,2025-04-13,CUST-01604,Consumer,West,Ahmedabad,Electronics,Bluetooth Earbuds,2,1270,0.05,2413.0,1711.72,701.28,Net Banking
ORD102020,2025-04-13,CUST-00395,Consumer,Central,Jabalpur,Electronics,Bluetooth Earbuds,1,5050,0.05,4797.5,3316.71,1480.79,Credit Card
ORD102021,2025-04-13,CUST-02280,Consumer,East,Kolkata,Home & Kitchen,Microwave Oven,3,10150,0.1,27405.0,20734.06,6670.94,Not Specified
ORD102022,2025-04-13,CUST-01907,Consumer,West,Ahmedabad,Electronics,Bluetooth Earbuds,2,5930,0.05,11267.0,6879.04,4387.96,Cash on Delivery
ORD102023,2025-04-13,CUST-01544,Consumer,North,Dehradun,Home & Kitchen,Refrigerator,3,35850,0.1,96795.0,70129.3,26665.7,UPI
ORD102024,2025-04-13,CUST-00921,Consumer,Central,Indore,Electronics,Bluetooth Speaker,1,3000,0.05,2850.0,1551.57,1298.43,Credit Card
ORD102025,2025-04-13,CUST-02500,Consumer,North,Dehradun,Electronics,Laptop,2,59090,0.1,106362.0,96464.23,9897.77,UPI
ORD102026,2025-04-13,CUST-02614,Consumer,West,Nagpur,Home & Kitchen,Water Purifier,5,13990,0.1,62955.0,48563.26,14391.74,Net Banking
ORD102027,2025-04-13,CUST-01121,Consumer,Central,Bhopal,Fashion,Denim Jeans,4,3010,0.1,10836.0,5156.61,5679.39,Debit Card
ORD102028,2025-04-13,CUST-02930,Corporate,Central,Bhopal,Fashion,Men's T-Shirt,4,2350,0.1,8460.0,2911.46,5548.54,Debit Card
ORD102029,2025-04-14,CUST-01142,Corporate,South,Hyderabad,Electronics,Smartwatch,1,5110,0.05,4854.5,2953.29,1901.21,UPI
ORD102030,2025-04-14,CUST-00358,Corporate,West,Nagpur,Fashion,Winter Jacket,4,2920,0.1,10512.0,4913.17,5598.83,UPI
ORD102031,2025-04-14,CUST-00533,Consumer,East,Kolkata,Home & Kitchen,Mixer Grinder,2,4500,0.1,8100.0,5260.66,2839.34,EMI
ORD102032,2025-04-14,CUST-01570,Consumer,Central,Gwalior,Home & Kitchen,Ceiling Fan,3,2230,0.05,6355.5,3751.02,2604.48,Credit Card
ORD102033,2025-04-14,CUST-00274,Corporate,South,Chennai,Fashion,Running Shoes,2,4970,0.1,8946.0,4984.44,3961.56,Cash on Delivery
ORD102034,2025-04-14,CUST-02305,Corporate,West,Pune,Office,Whiteboard,2,2220,0.05,4218.0,2212.28,2005.72,Net Banking
ORD102035,2025-04-14,CUST-02532,Consumer,South,Coimbatore,Electronics,LED Television,3,15790,0.05,45001.5,36564.06,8437.44,UPI
ORD102036,2025-04-14,CUST-01735,Consumer,West,Pune,Home & Kitchen,Ceiling Fan,4,1710,0.1,6156.0,4345.67,1810.33,Debit Card
ORD102037,2025-04-14,CUST-02842,Consumer,West,Pune,Office,Printer,1,19820,0.05,18829.0,13950.35,4878.65,Credit Card
ORD102038,2025-04-14,CUST-03028,Small Business,Central,Bhopal,Office,Stationery Kit,1,310,0.05,294.5,145.94,148.56,Debit Card
ORD102039,2025-04-14,CUST-01402,Corporate,North,Jaipur,Office,Office Chair,2,8090,0.05,15371.0,8209.95,7161.05,Credit Card
ORD102040,2025-04-14,CUST-00309,Consumer,West,Mumbai,Home & Kitchen,Ceiling Fan,3,1320,0.1,3564.0,2359.72,1204.28,Debit Card
ORD102041,2025-04-14,CUST-00756,Consumer,East,Kolkata,Electronics,Bluetooth Earbuds,2,2050,0.05,3895.0,2312.67,1582.33,UPI
ORD102042,2025-04-14,CUST-02105,Consumer,North,Lucknow,Electronics,Smartwatch,1,7100,0.1,6390.0,4296.95,2093.05,UPI
ORD102043,2025-04-14,CUST-01252,Small Business,North,Jaipur,Electronics,Bluetooth Speaker,1,3000,0.1,2700.0,1905.35,794.65,UPI
ORD102044,2025-04-14,CUST-02201,Consumer,West,Surat,Home & Kitchen,Washing Machine,1,30660,0.1,27594.0,22340.54,5253.46,Credit Card
ORD102045,2025-04-14,CUST-02142,Small Business,North,Chandigarh,Fashion,Wrist Watch,2,3930,0.1,7074.0,3719.71,3354.29,EMI
ORD102046,2025-04-15,CUST-01924,Consumer,South,Hyderabad,Home & Kitchen,Ceiling Fan,2,2170,0.05,4123.0,2506.02,1616.98,UPI
ORD102047,2025-04-15,CUST-00504,Small Business,South,Kochi,Electronics,Tablet,3,13900,0.05,39615.0,35121.58,4493.42,Credit Card
ORD102048,2025-04-15,CUST-00950,Consumer,West,Pune,Home & Kitchen,Water Purifier,3,18400,0.1,49680.0,32154.06,17525.94,Not Specified
ORD102049,2025-04-15,CUST-01165,Consumer,North,Dehradun,Fashion,Women's Kurti,2,1310,0.1,2358.0,957.11,1400.89,EMI
ORD102050,2025-04-15,CUST-02623,Consumer,South,Hyderabad,Home & Kitchen,Ceiling Fan,4,2830,0.05,10754.0,6349.15,4404.85,Credit Card
ORD102051,2025-04-15,CUST-02192,Small Business,North,Lucknow,Office,Office Chair,1,7960,0.05,7562.0,4927.93,2634.07,UPI
ORD102052,2025-04-15,CUST-02070,Consumer,West,Surat,Office,Printer,1,19470,0.05,18496.5,13579.71,4916.79,Credit Card
ORD102053,2025-04-15,CUST-02162,Consumer,West,Pune,Office,Stationery Kit,1,1030,0.05,978.5,514.14,464.36,Debit Card
ORD102054,2025-04-15,CUST-01600,Consumer,South,Bengaluru,Fashion,Formal Shirt,2,990,0.1,1782.0,639.95,1142.05,UPI
ORD102055,2025-04-15,CUST-00118,Small Business,West,Mumbai,Home & Kitchen,Washing Machine,1,37550,0.1,33795.0,26339.76,7455.24,UPI
ORD102056,2025-04-15,CUST-00650,Consumer,West,Ahmedabad,Fashion,Men's T-Shirt,3,390,0.1,1053.0,373.14,679.86,Credit Card
ORD102057,2025-04-15,CUST-00449,Small Business,North,Jaipur,Electronics,Laptop,1,86140,0.1,77526.0,74544.29,2981.71,Credit Card
ORD102058,2025-04-15,CUST-00206,Consumer,South,Coimbatore,Office,Stationery Kit,1,1010,0.05,959.5,362.6,596.9,Credit Card
ORD102059,2025-04-15,CUST-00984,Consumer,West,Surat,Fashion,Formal Shirt,5,1950,0.1,8775.0,3295.05,5479.95,EMI
ORD102060,2025-04-15,CUST-02516,Small Business,South,Hyderabad,Home & Kitchen,Air Fryer,1,8700,0.05,8265.0,5306.09,2958.91,Cash on Delivery
ORD102061,2025-04-15,CUST-00373,Consumer,South,Coimbatore,Electronics,Bluetooth Earbuds,2,3050,0.05,5795.0,4164.83,1630.17,UPI
ORD102062,2025-04-15,CUST-00366,Small Business,Central,Gwalior,Home & Kitchen,Microwave Oven,1,6130,0.05,5823.5,4298.0,1525.5,Cash on Delivery
ORD102063,2025-04-15,CUST-00395,Consumer,Central,Jabalpur,Fashion,Formal Shirt,3,1400,0.1,3780.0,1747.67,2032.33,Debit Card
ORD102064,2025-04-15,CUST-00899,Corporate,West,Surat,Home & Kitchen,Refrigerator,5,20810,0.1,93645.0,65845.98,27799.02,Net Banking
ORD102065,2025-04-15,CUST-00656,Corporate,West,Ahmedabad,Fashion,Formal Shirt,1,1410,0.1,1269.0,527.68,741.32,Net Banking
ORD102066,2025-04-15,CUST-00041,Consumer,Central,Raipur,Electronics,Power Bank,2,880,0.05,1672.0,989.47,682.53,Debit Card
ORD102067,2025-04-15,CUST-00926,Consumer,West,Mumbai,Electronics,Smartwatch,2,9990,0.05,18981.0,13376.25,5604.75,UPI
ORD102068,2025-04-15,CUST-03194,Corporate,Central,Gwalior,Home & Kitchen,Water Purifier,3,14100,0.05,40185.0,23346.52,16838.48,UPI
ORD102069,2025-04-15,CUST-01026,Consumer,South,Kochi,Office,Laptop Bag,2,1710,0.05,3249.0,1637.68,1611.32,UPI
ORD102070,2025-04-15,CUST-00697,Consumer,West,Surat,Fashion,Men's T-Shirt,2,1170,0.1,2106.0,727.5,1378.5,Debit Card
ORD102071,2025-04-16,CUST-01575,Corporate,West,Ahmedabad,Fashion,Winter Jacket,5,5100,0.1,22950.0,11134.47,11815.53,Credit Card
ORD102072,2025-04-16,CUST-00752,Consumer,North,Lucknow,Office,Office Chair,1,10670,0.05,10136.5,5913.28,4223.22,UPI
ORD102073,2025-04-16,CUST-01772,Consumer,West,Mumbai,Office,Desk Lamp,4,1260,0.05,4788.0,2311.11,2476.89,UPI
ORD102074,2025-04-16,CUST-01238,Consumer,Central,Gwalior,Office,Office Chair,3,20480,0.05,58368.0,31181.81,27186.19,Credit Card
ORD102075,2025-04-16,CUST-02854,Consumer,South,Kochi,Electronics,Smartphone,1,24640,0.05,23408.0,20967.16,2440.84,Debit Card
ORD102076,2025-04-16,CUST-02930,Corporate,Central,Bhopal,Home & Kitchen,Ceiling Fan,3,1320,0.05,3762.0,2339.13,1422.87,Debit Card
ORD102077,2025-04-16,CUST-02292,Consumer,Central,Jabalpur,Home & Kitchen,Air Fryer,1,4070,0.05,3866.5,2586.14,1280.36,Debit Card
ORD102078,2025-04-16,CUST-00708,Small Business,West,Nagpur,Office,Whiteboard,2,2210,0.05,4199.0,2282.22,1916.78,Cash on Delivery
ORD102079,2025-04-16,CUST-01494,Consumer,North,Dehradun,Office,Printer,3,10170,0.05,28984.5,23307.51,5676.99,Net Banking
ORD102080,2025-04-16,CUST-00951,Consumer,West,Nagpur,Electronics,Bluetooth Earbuds,1,3010,0.05,2859.5,1925.17,934.33,EMI
ORD102081,2025-04-16,CUST-02538,Consumer,South,Coimbatore,Office,Stationery Kit,3,510,0.05,1453.5,717.57,735.93,Not Specified
ORD102082,2025-04-16,CUST-00098,Consumer,South,Kochi,Electronics,Power Bank,1,2960,0.05,2812.0,1381.28,1430.72,Credit Card
ORD102083,2025-04-16,CUST-02127,Small Business,South,Hyderabad,Fashion,Handbag,3,1430,0.1,3861.0,1298.99,2562.01,UPI
ORD102084,2025-04-16,CUST-00988,Consumer,North,Dehradun,Office,Stationery Kit,3,300,0.05,855.0,414.97,440.03,UPI
ORD102085,2025-04-16,CUST-01526,Consumer,West,Mumbai,Home & Kitchen,Water Purifier,5,10910,0.1,49095.0,35814.16,13280.84,UPI
ORD102086,2025-04-16,CUST-00988,Consumer,North,Dehradun,Office,Study Table,1,5930,0.05,5633.5,3814.63,1818.87,Debit Card
ORD102087,2025-04-16,CUST-01124,Consumer,West,Pune,Electronics,Laptop,1,60330,0.05,57313.5,48642.03,8671.47,Debit Card
ORD102088,2025-04-16,CUST-02174,Corporate,South,Hyderabad,Home & Kitchen,Air Fryer,5,8590,0.05,40802.5,23867.52,16934.98,Credit Card
ORD102089,2025-04-16,CUST-01886,Consumer,Central,Indore,Electronics,Power Bank,1,1810,0.05,1719.5,975.71,743.79,Cash on Delivery
ORD102090,2025-04-16,CUST-00790,Consumer,South,Coimbatore,Office,Whiteboard,2,1520,0.05,2888.0,1746.27,1141.73,UPI
ORD102091,2025-04-16,CUST-00136,Small Business,West,Mumbai,Home & Kitchen,Ceiling Fan,2,1680,0.1,3024.0,2117.72,906.28,UPI
ORD102092,2025-04-16,CUST-02718,Corporate,North,Lucknow,Electronics,Smartphone,2,41930,0.1,75474.0,70399.85,5074.15,Debit Card
ORD102093,2025-04-16,CUST-01559,Consumer,North,Chandigarh,Home & Kitchen,Mixer Grinder,5,5960,0.1,26820.0,16922.65,9897.35,UPI
ORD102094,2025-04-16,CUST-01974,Corporate,West,Surat,Fashion,Formal Shirt,5,1020,0.1,4590.0,2000.79,2589.21,Cash on Delivery
ORD102095,2025-04-16,CUST-01545,Corporate,South,Coimbatore,Home & Kitchen,Pressure Cooker,3,1000,0.05,2850.0,1584.48,1265.52,Debit Card
ORD102096,2025-04-16,CUST-01974,Corporate,West,Surat,Electronics,Smartwatch,2,7150,0.05,13585.0,8011.88,5573.12,UPI
ORD102097,2025-04-16,CUST-02002,Consumer,West,Surat,Office,Stationery Kit,1,1000,0.05,950.0,466.52,483.48,UPI
ORD102098,2025-04-16,CUST-00046,Consumer,North,Lucknow,Home & Kitchen,Microwave Oven,2,6090,0.1,10962.0,7990.42,2971.58,UPI
ORD102099,2025-04-16,CUST-01669,Small Business,Central,Indore,Office,Office Chair,2,4590,0.05,8721.0,5391.8,3329.2,Net Banking
ORD102100,2025-04-17,CUST-01593,Consumer,West,Ahmedabad,Fashion,Formal Shirt,2,1010,0.1,1818.0,943.34,874.66,Cash on Delivery
ORD102101,2025-04-17,CUST-00331,Consumer,West,Mumbai,Electronics,Bluetooth Earbuds,3,3920,0.05,11172.0,7669.77,3502.23,Cash on Delivery
ORD102102,2025-04-17,CUST-02390,Small Business,Central,Bhopal,Electronics,Bluetooth Earbuds,1,1320,0.05,1254.0,822.36,431.64,Net Banking
ORD102103,2025-04-17,CUST-00773,Corporate,North,Lucknow,Electronics,Smartwatch,1,3600,0.1,3240.0,2357.82,882.18,Debit Card
ORD102104,2025-04-17,CUST-00172,Small Business,West,Pune,Fashion,Formal Shirt,1,1870,0.1,1683.0,693.63,989.37,Net Banking
ORD102105,2025-04-17,CUST-02553,Corporate,North,Delhi,Electronics,Laptop,1,59100,0.1,53190.0,51121.18,2068.82,UPI
ORD102106,2025-04-17,CUST-02747,Consumer,South,Chennai,Home & Kitchen,Refrigerator,5,34680,0.05,164730.0,129463.04,35266.96,Debit Card
ORD102107,2025-04-17,CUST-00785,Consumer,North,Jaipur,Electronics,Smartphone,1,48740,0.1,43866.0,40656.63,3209.37,Not Specified
ORD102108,2025-04-17,CUST-02207,Consumer,Central,Jabalpur,Electronics,Bluetooth Speaker,1,5950,0.05,5652.5,3090.9,2561.6,UPI
ORD102109,2025-04-17,CUST-00022,Corporate,North,Delhi,Office,Study Table,2,6110,0.05,11609.0,6526.23,5082.77,UPI
ORD102110,2025-04-17,CUST-02312,Consumer,North,Chandigarh,Fashion,Formal Shirt,2,970,0.1,1746.0,929.93,816.07,Debit Card
ORD102111,2025-04-17,CUST-01460,Small Business,West,Pune,Electronics,Smartphone,2,32720,0.05,62168.0,56255.24,5912.76,EMI
ORD102112,2025-04-17,CUST-02528,Consumer,South,Hyderabad,Electronics,Power Bank,1,2940,0.05,2793.0,1599.48,1193.52,Debit Card
ORD102113,2025-04-17,CUST-01211,Small Business,West,Pune,Electronics,Bluetooth Earbuds,1,5920,0.05,5624.0,3545.13,2078.87,UPI
ORD102114,2025-04-17,CUST-01080,Small Business,South,Coimbatore,Electronics,Smartwatch,2,14250,0.05,27075.0,16118.14,10956.86,UPI
ORD102115,2025-04-17,CUST-02667,Consumer,North,Chandigarh,Fashion,Winter Jacket,3,5040,0.1,13608.0,5985.31,7622.69,Cash on Delivery
ORD102116,2025-04-17,CUST-00115,Consumer,South,Chennai,Fashion,Formal Shirt,5,1000,0.1,4500.0,1772.06,2727.94,EMI
ORD102117,2025-04-17,CUST-00596,Consumer,Central,Gwalior,Fashion,Men's T-Shirt,1,590,0.1,531.0,193.35,337.65,Cash on Delivery
ORD102118,2025-04-18,CUST-01278,Corporate,North,Delhi,Home & Kitchen,Air Fryer,3,6680,0.1,18036.0,13622.09,4413.91,Credit Card
ORD102119,2025-04-18,CUST-01890,Consumer,North,Jaipur,Office,Printer,4,9980,0.05,37924.0,27998.3,9925.7,UPI
ORD102120,2025-04-18,CUST-00022,Corporate,North,Delhi,Electronics,Bluetooth Speaker,2,1990,0.1,3582.0,2042.01,1539.99,Cash on Delivery
ORD102121,2025-04-18,CUST-01824,Corporate,West,Surat,Electronics,LED Television,1,38820,0.05,36879.0,32944.7,3934.3,Credit Card
ORD102122,2025-04-18,CUST-01165,Consumer,North,Dehradun,Electronics,Power Bank,1,890,0.1,801.0,473.75,327.25,Credit Card
ORD102123,2025-04-18,CUST-02011,Consumer,North,Chandigarh,Fashion,Winter Jacket,1,2300,0.1,2070.0,1039.86,1030.14,Net Banking
ORD102124,2025-04-18,CUST-02868,Consumer,South,Kochi,Electronics,Tablet,2,10050,0.05,19095.0,15771.97,3323.03,Net Banking
ORD102125,2025-04-18,CUST-01381,Consumer,North,Dehradun,Office,File Organizer,4,790,0.05,3002.0,1534.66,1467.34,Debit Card
ORD102126,2025-04-18,CUST-01756,Consumer,North,Lucknow,Home & Kitchen,Refrigerator,3,43700,0.1,117990.0,94558.35,23431.65,EMI
ORD102127,2025-04-18,CUST-01457,Small Business,West,Surat,Fashion,Denim Jeans,5,980,0.1,4410.0,2419.28,1990.72,Debit Card
ORD102128,2025-04-18,CUST-00384,Consumer,South,Kochi,Home & Kitchen,Air Fryer,3,6690,0.05,19066.5,12274.2,6792.3,Cash on Delivery
ORD102129,2025-04-18,CUST-02528,Consumer,South,Hyderabad,Electronics,Smartphone,2,9010,0.05,17119.0,15510.59,1608.41,Cash on Delivery
ORD102130,2025-04-18,CUST-02818,Small Business,West,Mumbai,Electronics,LED Television,2,55160,0.05,104804.0,84950.57,19853.43,UPI
ORD102131,2025-04-18,CUST-02585,Corporate,West,Mumbai,Fashion,Handbag,1,2020,0.1,1818.0,664.75,1153.25,Cash on Delivery
ORD102132,2025-04-18,CUST-03006,Corporate,North,Jaipur,Office,File Organizer,1,820,0.05,779.0,382.32,396.68,Debit Card
ORD102133,2025-04-18,CUST-01475,Small Business,West,Ahmedabad,Fashion,Winter Jacket,4,1720,0.1,6192.0,3167.2,3024.8,Credit Card
ORD102134,2025-04-18,CUST-02097,Consumer,West,Nagpur,Electronics,Smartwatch,1,10230,0.05,9718.5,5798.21,3920.29,EMI
ORD102135,2025-04-19,CUST-00540,Consumer,South,Hyderabad,Electronics,Smartphone,2,32960,0.05,62624.0,54854.35,7769.65,UPI
ORD102136,2025-04-19,CUST-03119,Small Business,North,Delhi,Electronics,Tablet,3,17870,0.1,48249.0,45373.21,2875.79,Net Banking
ORD102137,2025-04-19,CUST-01843,Consumer,South,Coimbatore,Fashion,Wrist Watch,3,2450,0.1,6615.0,3595.17,3019.83,Credit Card
ORD102138,2025-04-19,CUST-00860,Consumer,East,Kolkata,Office,Office Chair,1,10780,0.05,10241.0,6484.63,3756.37,Cash on Delivery
ORD102139,2025-04-19,CUST-02560,Small Business,North,Chandigarh,Fashion,Formal Shirt,3,980,0.1,2646.0,1366.38,1279.62,Debit Card
ORD102140,2025-04-19,CUST-01859,Consumer,Central,Jabalpur,Home & Kitchen,Water Purifier,5,8210,0.05,38997.5,23523.65,15473.85,Credit Card
ORD102141,2025-04-19,CUST-03011,Corporate,West,Ahmedabad,Electronics,Tablet,3,23390,0.05,66661.5,55033.69,11627.81,UPI
ORD102142,2025-04-19,CUST-02467,Consumer,North,Chandigarh,Office,Laptop Bag,1,3000,0.05,2850.0,1328.48,1521.52,Credit Card
ORD102143,2025-04-19,CUST-02789,Consumer,East,Ranchi,Office,File Organizer,3,580,0.05,1653.0,728.47,924.53,Credit Card
ORD102144,2025-04-19,CUST-01724,Corporate,Central,Raipur,Electronics,LED Television,2,73360,0.05,139384.0,122492.4,16891.6,UPI
ORD102145,2025-04-19,CUST-01620,Corporate,South,Chennai,Fashion,Running Shoes,3,4950,0.1,13365.0,6675.07,6689.93,Credit Card
ORD102146,2025-04-19,CUST-02434,Consumer,West,Mumbai,Office,File Organizer,2,1170,0.05,2223.0,1048.31,1174.69,UPI
ORD102147,2025-04-19,CUST-00350,Corporate,South,Bengaluru,Electronics,LED Television,2,29850,0.05,56715.0,50178.24,6536.76,UPI
ORD102148,2025-04-19,CUST-00170,Consumer,West,Mumbai,Electronics,Bluetooth Earbuds,1,6140,0.05,5833.0,4071.33,1761.67,Cash on Delivery
ORD102149,2025-04-19,CUST-03140,Corporate,West,Ahmedabad,Electronics,Smartwatch,2,7100,0.05,13490.0,8571.46,4918.54,EMI
ORD102150,2025-04-20,CUST-02902,Consumer,North,Jaipur,Office,File Organizer,4,580,0.05,2204.0,994.0,1210.0,UPI
ORD102151,2025-04-20,CUST-03035,Small Business,South,Bengaluru,Home & Kitchen,Microwave Oven,3,5870,0.05,16729.5,11547.43,5182.07,Cash on Delivery
ORD102152,2025-04-20,CUST-00199,Corporate,North,Delhi,Office,Laptop Bag,4,1660,0.05,6308.0,3161.59,3146.41,UPI
ORD102153,2025-04-20,CUST-00896,Consumer,South,Bengaluru,Home & Kitchen,Mixer Grinder,1,4580,0.05,4351.0,3021.91,1329.09,Net Banking
ORD102154,2025-04-20,CUST-02859,Corporate,North,Delhi,Fashion,Handbag,3,2970,0.1,8019.0,3810.26,4208.74,Cash on Delivery
ORD102155,2025-04-20,CUST-00311,Consumer,East,Bhubaneswar,Office,Laptop Bag,1,1720,0.05,1634.0,756.9,877.1,Debit Card
ORD102156,2025-04-20,CUST-01420,Small Business,West,Ahmedabad,Fashion,Wrist Watch,5,4100,0.1,18450.0,10737.14,7712.86,Net Banking
ORD102157,2025-04-20,CUST-01033,Consumer,West,Pune,Fashion,Running Shoes,3,1780,0.1,4806.0,2213.74,2592.26,UPI
ORD102158,2025-04-20,CUST-02800,Corporate,East,Guwahati,Home & Kitchen,Refrigerator,1,27990,0.1,25191.0,19795.75,5395.25,UPI
ORD102159,2025-04-20,CUST-01621,Consumer,Central,Bhopal,Home & Kitchen,Microwave Oven,2,13220,0.05,25118.0,16659.91,8458.09,UPI
ORD102160,2025-04-20,CUST-00950,Consumer,West,Pune,Office,Office Chair,2,5870,0.05,11153.0,6505.9,4647.1,Cash on Delivery
ORD102161,2025-04-20,CUST-01641,Consumer,South,Hyderabad,Electronics,Laptop,1,86860,0.05,82517.0,72090.84,10426.16,UPI
ORD102162,2025-04-20,CUST-00366,Small Business,Central,Gwalior,Electronics,LED Television,1,75100,0.05,71345.0,60951.58,10393.42,Credit Card
ORD102163,2025-04-20,CUST-02346,Corporate,North,Delhi,Home & Kitchen,Pressure Cooker,5,3530,0.1,15885.0,10612.35,5272.65,UPI
ORD102164,2025-04-20,CUST-01972,Consumer,North,Lucknow,Fashion,Winter Jacket,5,3930,0.1,17685.0,7922.12,9762.88,UPI
ORD102165,2025-04-20,CUST-01905,Small Business,South,Coimbatore,Office,Study Table,1,6040,0.05,5738.0,3081.75,2656.25,Debit Card
ORD102166,2025-04-21,CUST-01366,Consumer,West,Mumbai,Electronics,Bluetooth Speaker,2,1300,0.05,2470.0,1447.52,1022.48,Debit Card
ORD102167,2025-04-21,CUST-00950,Consumer,West,Pune,Office,Study Table,2,8000,0.05,15200.0,9336.8,5863.2,Credit Card
ORD102168,2025-04-21,CUST-00214,Consumer,North,Chandigarh,Fashion,Winter Jacket,2,3000,0.1,5400.0,2678.56,2721.44,UPI
ORD102169,2025-04-21,CUST-03003,Small Business,North,Lucknow,Home & Kitchen,Water Purifier,4,11180,0.1,40248.0,26287.3,13960.7,Debit Card
ORD102170,2025-04-21,CUST-01294,Consumer,West,Mumbai,Office,Study Table,2,4510,0.05,8569.0,5580.53,2988.47,UPI
ORD102171,2025-04-21,CUST-01576,Consumer,South,Chennai,Home & Kitchen,Mixer Grinder,2,5840,0.05,11096.0,6582.07,4513.93,UPI
ORD102172,2025-04-21,CUST-01152,Consumer,South,Chennai,Office,Printer,1,4860,0.05,4617.0,3523.43,1093.57,Debit Card
ORD102173,2025-04-21,CUST-03159,Consumer,North,Jaipur,Electronics,Power Bank,3,3000,0.1,8100.0,4170.92,3929.08,Debit Card
ORD102174,2025-04-21,CUST-02533,Consumer,South,Bengaluru,Fashion,Running Shoes,4,1790,0.1,6444.0,3474.64,2969.36,UPI
ORD102175,2025-04-21,CUST-00331,Consumer,West,Mumbai,Home & Kitchen,Pressure Cooker,1,1010,0.1,909.0,527.22,381.78,Credit Card
ORD102176,2025-04-21,CUST-01940,Corporate,West,Mumbai,Fashion,Men's T-Shirt,2,1220,0.1,2196.0,1054.13,1141.87,EMI
ORD102177,2025-04-21,CUST-01540,Consumer,West,Surat,Office,Stationery Kit,1,290,0.05,275.5,132.64,142.86,UPI
ORD102178,2025-04-21,CUST-02529,Small Business,West,Pune,Home & Kitchen,Air Fryer,2,4070,0.1,7326.0,5550.68,1775.32,Debit Card
ORD102179,2025-04-21,CUST-03195,Small Business,West,Nagpur,Electronics,Smartphone,2,13000,0.05,24700.0,22565.5,2134.5,Credit Card
ORD102180,2025-04-21,CUST-02390,Small Business,Central,Bhopal,Fashion,Running Shoes,2,1820,0.1,3276.0,1982.17,1293.83,Debit Card
ORD102181,2025-04-22,CUST-02747,Consumer,South,Chennai,Office,Office Chair,3,19660,0.05,56031.0,32047.46,23983.54,UPI
ORD102182,2025-04-22,CUST-01596,Small Business,Central,Indore,Electronics,Tablet,2,10200,0.05,19380.0,16255.82,3124.18,Credit Card
ORD102183,2025-04-22,CUST-01149,Consumer,North,Dehradun,Electronics,LED Television,1,29630,0.1,26667.0,24865.67,1801.33,Debit Card
ORD102184,2025-04-22,CUST-02069,Small Business,North,Dehradun,Electronics,Power Bank,3,2310,0.1,6237.0,3190.8,3046.2,UPI
ORD102185,2025-04-22,CUST-02402,Consumer,West,Mumbai,Home & Kitchen,Refrigerator,4,21140,0.1,76104.0,52598.98,23505.02,UPI
ORD102186,2025-04-22,CUST-00747,Consumer,East,Bhubaneswar,Fashion,Women's Kurti,4,900,0.1,3240.0,1092.94,2147.06,Debit Card
ORD102187,2025-04-22,CUST-01601,Small Business,North,Lucknow,Electronics,Smartphone,2,33550,0.1,60390.0,56438.19,3951.81,EMI
ORD102188,2025-04-22,CUST-00366,Small Business,Central,Gwalior,Home & Kitchen,Washing Machine,3,49410,0.05,140818.5,97622.84,43195.66,Credit Card
ORD102189,2025-04-22,CUST-00708,Small Business,West,Nagpur,Fashion,Wrist Watch,3,2480,0.1,6696.0,4073.94,2622.06,Debit Card
ORD102190,2025-04-22,CUST-02805,Consumer,West,Nagpur,Fashion,Men's T-Shirt,5,1220,0.1,5490.0,2412.95,3077.05,UPI
ORD102191,2025-04-22,CUST-00467,Consumer,East,Patna,Office,Desk Lamp,4,920,0.05,3496.0,1842.46,1653.54,UPI
ORD102192,2025-04-22,CUST-02584,Corporate,South,Hyderabad,Office,Laptop Bag,2,780,0.05,1482.0,732.06,749.94,Net Banking
ORD102193,2025-04-22,CUST-01148,Consumer,Central,Raipur,Home & Kitchen,Ceiling Fan,1,2820,0.05,2679.0,1865.62,813.38,Not Specified
ORD102194,2025-04-22,CUST-02130,Consumer,West,Surat,Electronics,LED Television,1,29310,0.05,27844.5,23821.88,4022.62,Credit Card
ORD102195,2025-04-23,CUST-02879,Small Business,Central,Jabalpur,Electronics,Power Bank,2,1830,0.05,3477.0,1916.66,1560.34,UPI
ORD102196,2025-04-23,CUST-02494,Consumer,West,Ahmedabad,Fashion,Men's T-Shirt,3,2410,0.1,6507.0,2488.57,4018.43,Credit Card
ORD102197,2025-04-23,CUST-02626,Consumer,Central,Indore,Electronics,Power Bank,1,2940,0.05,2793.0,1560.69,1232.31,Credit Card
ORD102198,2025-04-23,CUST-00857,Corporate,Central,Bhopal,Office,Office Chair,4,7860,0.05,29868.0,16911.13,12956.87,Debit Card
ORD102199,2025-04-23,CUST-01113,Corporate,West,Surat,Home & Kitchen,Refrigerator,3,35750,0.1,96525.0,70019.8,26505.2,Credit Card
ORD102200,2025-04-23,CUST-02356,Consumer,East,Patna,Electronics,Smartwatch,1,3470,0.05,3296.5,2342.45,954.05,UPI
ORD102201,2025-04-23,CUST-02491,Consumer,West,Nagpur,Fashion,Handbag,5,910,0.1,4095.0,1930.38,2164.62,Credit Card
ORD102202,2025-04-23,CUST-02520,Small Business,West,Nagpur,Fashion,Running Shoes,2,3410,0.1,6138.0,2662.1,3475.9,Debit Card
ORD102203,2025-04-23,CUST-02380,Corporate,South,Bengaluru,Fashion,Denim Jeans,1,1390,0.1,1251.0,526.63,724.37,Net Banking
ORD102204,2025-04-23,CUST-00758,Consumer,West,Surat,Office,Whiteboard,2,1460,0.05,2774.0,1634.58,1139.42,Net Banking
ORD102205,2025-04-23,CUST-00950,Consumer,West,Pune,Fashion,Winter Jacket,1,3080,0.1,2772.0,1428.75,1343.25,Credit Card
ORD102206,2025-04-23,CUST-02986,Small Business,Central,Not Specified,Home & Kitchen,Water Purifier,4,13610,0.05,51718.0,34482.82,17235.18,UPI
ORD102207,2025-04-24,CUST-01752,Consumer,Central,Jabalpur,Electronics,Bluetooth Speaker,2,3020,0.05,5738.0,3110.26,2627.74,Credit Card
ORD102208,2025-04-24,CUST-02426,Consumer,South,Hyderabad,Fashion,Handbag,2,2060,0.1,3708.0,1891.69,1816.31,Credit Card
ORD102209,2025-04-24,CUST-01899,Consumer,West,Ahmedabad,Electronics,Bluetooth Earbuds,1,2050,0.05,1947.5,1134.66,812.84,UPI
ORD102210,2025-04-24,CUST-02918,Corporate,West,Pune,Fashion,Running Shoes,4,3470,0.1,12492.0,6494.22,5997.78,Cash on Delivery
ORD102211,2025-04-24,CUST-02760,Small Business,North,Dehradun,Office,Office Chair,4,5940,0.05,22572.0,12316.46,10255.54,UPI
ORD102212,2025-04-24,CUST-00859,Small Business,Central,Raipur,Office,Desk Lamp,1,1310,0.05,1244.5,613.87,630.63,Credit Card
ORD102213,2025-04-24,CUST-02815,Corporate,North,Delhi,Fashion,Formal Shirt,3,980,0.1,2646.0,996.2,1649.8,UPI
ORD102214,2025-04-24,CUST-00950,Consumer,West,Pune,Office,File Organizer,2,1220,0.05,2318.0,891.91,1426.09,Not Specified
ORD102215,2025-04-24,CUST-01381,Consumer,North,Dehradun,Electronics,Power Bank,1,3040,0.1,2736.0,1393.72,1342.28,EMI
ORD102216,2025-04-24,CUST-02704,Consumer,South,Kochi,Home & Kitchen,Pressure Cooker,4,1020,0.05,3876.0,2316.08,1559.92,UPI
ORD102217,2025-04-24,CUST-00988,Consumer,North,Dehradun,Fashion,Wrist Watch,3,1720,0.1,4644.0,2114.06,2529.94,Cash on Delivery
ORD102218,2025-04-24,CUST-00950,Consumer,West,Pune,Electronics,Bluetooth Speaker,2,5860,0.05,11134.0,6092.44,5041.56,Net Banking
ORD102219,2025-04-24,CUST-02152,Small Business,West,Pune,Office,Desk Lamp,1,880,0.05,836.0,483.99,352.01,EMI
ORD102220,2025-04-24,CUST-03200,Small Business,West,Mumbai,Home & Kitchen,Air Fryer,2,4890,0.1,8802.0,6435.74,2366.26,UPI
ORD102221,2025-04-24,CUST-00411,Consumer,South,Chennai,Electronics,Smartwatch,3,14170,0.05,40384.5,27804.77,12579.73,EMI
ORD102222,2025-04-24,CUST-02254,Consumer,West,Mumbai,Fashion,Winter Jacket,3,2360,0.1,6372.0,2715.03,3656.97,UPI
ORD102223,2025-04-24,CUST-01651,Consumer,West,Mumbai,Fashion,Winter Jacket,1,4920,0.1,4428.0,1890.06,2537.94,Debit Card
ORD102224,2025-04-24,CUST-01273,Consumer,Central,Jabalpur,Electronics,Smartwatch,1,14070,0.05,13366.5,9445.66,3920.84,Debit Card
ORD102225,2025-04-24,CUST-02403,Small Business,South,Kochi,Home & Kitchen,Mixer Grinder,5,6110,0.05,29022.5,19896.86,9125.64,Net Banking
ORD102226,2025-04-25,CUST-01757,Consumer,West,Mumbai,Fashion,Wrist Watch,1,4010,0.1,3609.0,1805.25,1803.75,UPI
ORD102227,2025-04-25,CUST-02534,Corporate,South,Coimbatore,Fashion,Winter Jacket,2,2990,0.1,5382.0,2863.08,2518.92,EMI
ORD102228,2025-04-25,CUST-02390,Small Business,Central,Bhopal,Electronics,Tablet,1,29490,0.05,28015.5,22307.93,5707.57,Cash on Delivery
ORD102229,2025-04-25,CUST-03145,Consumer,North,Dehradun,Home & Kitchen,Washing Machine,2,49250,0.1,88650.0,63192.58,25457.42,Debit Card
ORD102230,2025-04-25,CUST-02582,Corporate,West,Pune,Electronics,Smartwatch,2,4970,0.05,9443.0,5823.82,3619.18,Net Banking
ORD102231,2025-04-25,CUST-00222,Consumer,Central,Bhopal,Home & Kitchen,Pressure Cooker,3,1020,0.05,2907.0,1820.27,1086.73,UPI
ORD102232,2025-04-25,CUST-02494,Consumer,West,Ahmedabad,Electronics,LED Television,2,40530,0.05,77007.0,60822.01,16184.99,UPI
ORD102233,2025-04-25,CUST-02086,Consumer,Central,Indore,Office,Whiteboard,4,1500,0.05,5700.0,3077.33,2622.67,Cash on Delivery
ORD102234,2025-04-25,CUST-00312,Small Business,East,Guwahati,Fashion,Women's Kurti,5,1850,0.1,8325.0,3231.88,5093.12,Cash on Delivery
ORD102235,2025-04-25,CUST-01924,Consumer,South,Hyderabad,Fashion,Running Shoes,1,1800,0.1,1620.0,872.73,747.27,UPI
ORD102236,2025-04-25,CUST-02409,Consumer,Central,Raipur,Home & Kitchen,Refrigerator,1,27360,0.05,25992.0,18862.21,7129.79,Cash on Delivery
ORD102237,2025-04-25,CUST-00633,Consumer,East,Kolkata,Fashion,Women's Kurti,4,580,0.1,2088.0,851.59,1236.41,Credit Card
ORD102238,2025-04-25,CUST-01357,Small Business,West,Pune,Home & Kitchen,Pressure Cooker,2,2850,0.1,5130.0,3488.88,1641.12,Net Banking
ORD102239,2025-04-25,CUST-01702,Small Business,South,Bengaluru,Office,Printer,1,9700,0.05,9215.0,7312.42,1902.58,Credit Card
ORD102240,2025-04-25,CUST-01279,Consumer,South,Chennai,Home & Kitchen,Water Purifier,1,6030,0.05,5728.5,3781.95,1946.55,UPI
ORD102241,2025-04-25,CUST-02781,Consumer,North,Chandigarh,Office,Study Table,1,13060,0.05,12407.0,6540.99,5866.01,UPI
ORD102242,2025-04-25,CUST-00542,Small Business,South,Coimbatore,Fashion,Handbag,2,900,0.1,1620.0,775.4,844.6,Cash on Delivery
ORD102243,2025-04-25,CUST-02472,Consumer,South,Kochi,Home & Kitchen,Washing Machine,1,37990,0.05,36090.5,23427.54,12662.96,Credit Card
ORD102244,2025-04-26,CUST-02494,Consumer,West,Ahmedabad,Office,Stationery Kit,2,290,0.05,551.0,238.32,312.68,UPI
ORD102245,2025-04-26,CUST-01404,Consumer,North,Jaipur,Office,Desk Lamp,1,610,0.05,579.5,260.29,319.21,EMI
ORD102246,2025-04-26,CUST-01693,Corporate,Central,Jabalpur,Home & Kitchen,Water Purifier,3,8230,0.05,23455.5,16763.02,6692.48,Debit Card
ORD102247,2025-04-26,CUST-00487,Consumer,South,Bengaluru,Electronics,Smartphone,2,8740,0.05,16606.0,14636.23,1969.77,Debit Card
ORD102248,2025-04-26,CUST-00623,Consumer,East,Kolkata,Fashion,Winter Jacket,1,5130,0.1,4617.0,2537.15,2079.85,UPI
ORD102249,2025-04-26,CUST-01661,Consumer,West,Ahmedabad,Office,Stationery Kit,4,1030,0.05,3914.0,1922.84,1991.16,UPI
ORD102250,2025-04-26,CUST-00738,Consumer,Central,Raipur,Electronics,LED Television,3,39000,0.05,111150.0,92078.06,19071.94,Net Banking
ORD102251,2025-04-26,CUST-02565,Consumer,West,Pune,Home & Kitchen,Pressure Cooker,2,2840,0.1,5112.0,3052.05,2059.95,UPI
ORD102252,2025-04-26,CUST-01969,Consumer,South,Kochi,Fashion,Running Shoes,3,1290,0.1,3483.0,1484.9,1998.1,UPI
ORD102253,2025-04-26,CUST-00180,Consumer,West,Nagpur,Fashion,Running Shoes,4,1760,0.1,6336.0,3067.02,3268.98,UPI
ORD102254,2025-04-26,CUST-01100,Consumer,South,Chennai,Electronics,Smartphone,2,18000,0.05,34200.0,30827.45,3372.55,Cash on Delivery
ORD102255,2025-04-26,CUST-02729,Consumer,North,Dehradun,Office,File Organizer,1,1170,0.05,1111.5,496.69,614.81,Debit Card
ORD102256,2025-04-26,CUST-00926,Consumer,West,Mumbai,Home & Kitchen,Refrigerator,4,36010,0.1,129636.0,106818.68,22817.32,EMI
ORD102257,2025-04-26,CUST-02307,Consumer,South,Coimbatore,Fashion,Denim Jeans,1,990,0.1,891.0,399.74,491.26,Cash on Delivery
ORD102258,2025-04-26,CUST-00324,Small Business,South,Kochi,Office,Stationery Kit,2,290,0.05,551.0,251.6,299.4,Net Banking
ORD102259,2025-04-26,CUST-02941,Small Business,West,Surat,Fashion,Wrist Watch,2,1680,0.1,3024.0,1208.58,1815.42,Credit Card
ORD102260,2025-04-26,CUST-01408,Corporate,North,Chandigarh,Electronics,Smartwatch,3,5090,0.1,13743.0,10452.42,3290.58,UPI
ORD102261,2025-04-26,CUST-01557,Consumer,West,Nagpur,Home & Kitchen,Refrigerator,2,28580,0.1,51444.0,35516.12,15927.88,Credit Card
ORD102262,2025-04-26,CUST-01807,Consumer,South,Kochi,Office,Printer,1,5080,0.05,4826.0,3648.97,1177.03,UPI
ORD102263,2025-04-26,CUST-01118,Small Business,Central,Bhopal,Office,File Organizer,4,1170,0.05,4446.0,2233.18,2212.82,Cash on Delivery
ORD102264,2025-04-26,CUST-02330,Consumer,West,Nagpur,Fashion,Handbag,2,2920,0.1,5256.0,2768.5,2487.5,Net Banking
ORD102265,2025-04-26,CUST-00042,Corporate,Central,Jabalpur,Electronics,Smartwatch,2,3440,0.05,6536.0,4013.23,2522.77,UPI
ORD102266,2025-04-26,CUST-00517,Consumer,South,Chennai,Electronics,Smartwatch,2,4940,0.05,9386.0,6759.07,2626.93,Credit Card
ORD102267,2025-04-26,CUST-00601,Consumer,North,Dehradun,Electronics,Power Bank,3,870,0.1,2349.0,1389.69,959.31,UPI
ORD102268,2025-04-26,CUST-02037,Consumer,South,Bengaluru,Office,Whiteboard,2,1540,0.05,2926.0,1763.57,1162.43,Net Banking
ORD102269,2025-04-26,CUST-02836,Consumer,West,Surat,Home & Kitchen,Microwave Oven,5,9830,0.1,44235.0,35647.87,8587.13,UPI
ORD102270,2025-04-26,CUST-00204,Consumer,South,Chennai,Fashion,Men's T-Shirt,1,820,0.1,738.0,314.23,423.77,Debit Card
ORD102271,2025-04-26,CUST-02709,Consumer,South,Bengaluru,Home & Kitchen,Mixer Grinder,1,4510,0.05,4284.5,2852.64,1431.86,Not Specified
ORD102272,2025-04-26,CUST-02612,Consumer,South,Chennai,Office,Whiteboard,1,980,0.05,931.0,503.36,427.64,Net Banking
ORD102273,2025-04-26,CUST-00258,Corporate,West,Nagpur,Office,File Organizer,1,610,0.05,579.5,237.79,341.71,EMI
ORD102274,2025-04-26,CUST-00461,Consumer,West,Ahmedabad,Fashion,Handbag,5,3930,0.1,17685.0,6118.85,11566.15,Net Banking
ORD102275,2025-04-27,CUST-01076,Consumer,West,Pune,Office,Stationery Kit,4,500,0.05,1900.0,735.68,1164.32,EMI
ORD102276,2025-04-27,CUST-00371,Small Business,West,Ahmedabad,Fashion,Denim Jeans,5,2460,0.1,11070.0,5003.19,6066.81,Credit Card
ORD102277,2025-04-27,CUST-02440,Consumer,North,Delhi,Electronics,Power Bank,2,2260,0.1,4068.0,2659.01,1408.99,Net Banking
ORD102278,2025-04-27,CUST-01602,Consumer,West,Pune,Office,File Organizer,2,600,0.05,1140.0,583.68,556.32,UPI
ORD102279,2025-04-27,CUST-01273,Consumer,Central,Jabalpur,Fashion,Formal Shirt,2,1000,0.1,1800.0,924.07,875.93,UPI
ORD102280,2025-04-27,CUST-02329,Corporate,North,Lucknow,Home & Kitchen,Microwave Oven,2,7800,0.1,14040.0,11265.56,2774.44,EMI
ORD102281,2025-04-27,CUST-00950,Consumer,West,Pune,Fashion,Winter Jacket,4,5040,0.1,18144.0,9782.3,8361.7,UPI
ORD102282,2025-04-27,CUST-02765,Corporate,North,Lucknow,Electronics,Smartwatch,1,3550,0.1,3195.0,2297.15,897.85,UPI
ORD102283,2025-04-27,CUST-02100,Small Business,West,Ahmedabad,Home & Kitchen,Water Purifier,1,8190,0.1,7371.0,4977.19,2393.81,Net Banking
ORD102284,2025-04-27,CUST-01062,Consumer,North,Jaipur,Electronics,Smartphone,1,17990,0.1,16191.0,14207.06,1983.94,Credit Card
ORD102285,2025-04-27,CUST-01694,Consumer,East,Kolkata,Electronics,Smartwatch,3,13930,0.05,39700.5,25736.87,13963.63,Debit Card
ORD102286,2025-04-27,CUST-00851,Consumer,South,Coimbatore,Home & Kitchen,Water Purifier,5,6070,0.05,28832.5,18691.94,10140.56,UPI
ORD102287,2025-04-27,CUST-03145,Consumer,North,Dehradun,Electronics,Bluetooth Speaker,3,1270,0.1,3429.0,1912.78,1516.22,Cash on Delivery
ORD102288,2025-04-27,CUST-01360,Corporate,North,Delhi,Office,Printer,1,9700,0.05,9215.0,7546.71,1668.29,UPI
ORD102289,2025-04-27,CUST-02853,Consumer,South,Hyderabad,Electronics,LED Television,3,30480,0.05,86868.0,72677.25,14190.75,Cash on Delivery
ORD102290,2025-04-27,CUST-03122,Consumer,South,Coimbatore,Home & Kitchen,Water Purifier,1,17570,0.05,16691.5,11453.58,5237.92,Credit Card
ORD102291,2025-04-27,CUST-01679,Small Business,South,Coimbatore,Fashion,Formal Shirt,3,1410,0.1,3807.0,1544.82,2262.18,Credit Card
ORD102292,2025-04-27,CUST-02339,Consumer,East,Guwahati,Home & Kitchen,Washing Machine,2,37890,0.1,68202.0,46770.53,21431.47,Cash on Delivery
ORD102293,2025-04-27,CUST-01815,Small Business,West,Mumbai,Office,Printer,2,14060,0.05,26714.0,19581.63,7132.37,Credit Card
ORD102294,2025-04-27,CUST-00319,Consumer,South,Chennai,Fashion,Wrist Watch,4,2460,0.1,8856.0,5276.95,3579.05,Credit Card
ORD102295,2025-04-27,CUST-03023,Consumer,Central,Bhopal,Office,Office Chair,3,6110,0.05,17413.5,9758.89,7654.61,UPI
ORD102296,2025-04-27,CUST-01436,Consumer,East,Patna,Home & Kitchen,Mixer Grinder,3,3220,0.1,8694.0,5541.43,3152.57,UPI
ORD102297,2025-04-27,CUST-02844,Consumer,South,Kochi,Office,Stationery Kit,2,990,0.05,1881.0,722.12,1158.88,Cash on Delivery
ORD102298,2025-04-27,CUST-02102,Corporate,East,Kolkata,Office,Laptop Bag,1,1190,0.05,1130.5,495.84,634.66,Credit Card
ORD102299,2025-04-28,CUST-00350,Corporate,South,Bengaluru,Electronics,Tablet,1,23140,0.05,21983.0,17593.57,4389.43,Credit Card
ORD102300,2025-04-28,CUST-01296,Consumer,South,Coimbatore,Electronics,Smartwatch,2,5130,0.05,9747.0,6414.58,3332.42,Credit Card
ORD102301,2025-04-28,CUST-00626,Corporate,Central,Jabalpur,Office,Laptop Bag,3,780,0.05,2223.0,977.4,1245.6,Debit Card
ORD102302,2025-04-28,CUST-00542,Small Business,South,Coimbatore,Home & Kitchen,Ceiling Fan,1,1300,0.05,1235.0,782.74,452.26,Debit Card
ORD102303,2025-04-28,CUST-02297,Corporate,North,Delhi,Fashion,Handbag,3,4060,0.1,10962.0,5749.53,5212.47,Debit Card
ORD102304,2025-04-28,CUST-00098,Consumer,South,Kochi,Fashion,Winter Jacket,1,4070,0.1,3663.0,1797.46,1865.54,UPI
ORD102305,2025-04-28,CUST-03074,Consumer,East,Guwahati,Home & Kitchen,Air Fryer,3,10760,0.1,29052.0,20472.58,8579.42,EMI
ORD102306,2025-04-28,CUST-01412,Consumer,East,Kolkata,Electronics,Power Bank,1,1850,0.05,1757.5,927.33,830.17,UPI
ORD102307,2025-04-28,CUST-01551,Small Business,South,Chennai,Fashion,Winter Jacket,2,3000,0.1,5400.0,2887.88,2512.12,Net Banking
ORD102308,2025-04-28,CUST-00950,Consumer,West,Pune,Home & Kitchen,Refrigerator,3,69970,0.1,188919.0,133399.67,55519.33,Net Banking
ORD102309,2025-04-28,CUST-00294,Consumer,South,Bengaluru,Home & Kitchen,Pressure Cooker,2,1470,0.05,2793.0,1702.17,1090.83,UPI
ORD102310,2025-04-28,CUST-01862,Consumer,West,Nagpur,Home & Kitchen,Mixer Grinder,1,2510,0.1,2259.0,1536.22,722.78,Net Banking
ORD102311,2025-04-28,CUST-01054,Consumer,North,Jaipur,Electronics,Bluetooth Earbuds,1,3900,0.1,3510.0,2188.57,1321.43,Credit Card
ORD102312,2025-04-28,CUST-01987,Consumer,West,Mumbai,Electronics,Power Bank,2,1820,0.05,3458.0,1758.9,1699.1,Cash on Delivery
ORD102313,2025-04-28,CUST-01765,Corporate,South,Kochi,Office,Whiteboard,2,3350,0.05,6365.0,3435.73,2929.27,UPI
ORD102314,2025-04-28,CUST-00710,Corporate,East,Guwahati,Office,Desk Lamp,1,1780,0.05,1691.0,729.48,961.52,Credit Card
ORD102315,2025-04-28,CUST-01452,Consumer,North,Dehradun,Office,Study Table,1,4530,0.05,4303.5,2832.76,1470.74,Credit Card
ORD102316,2025-04-28,CUST-00955,Consumer,East,Kolkata,Home & Kitchen,Pressure Cooker,1,1950,0.1,1755.0,995.84,759.16,Debit Card
ORD102317,2025-04-28,CUST-00783,Consumer,Central,Bhopal,Fashion,Denim Jeans,4,1000,0.1,3600.0,1961.02,1638.98,Net Banking
ORD102318,2025-04-29,CUST-02467,Consumer,North,Chandigarh,Home & Kitchen,Pressure Cooker,5,1490,0.1,6705.0,4370.48,2334.52,Debit Card
ORD102319,2025-04-29,CUST-00035,Consumer,West,Surat,Electronics,Tablet,1,28250,0.05,26837.5,20455.99,6381.51,Net Banking
ORD102320,2025-04-29,CUST-00894,Corporate,Central,Jabalpur,Fashion,Denim Jeans,5,1850,0.1,8325.0,3366.32,4958.68,UPI
ORD102321,2025-04-29,CUST-01659,Corporate,West,Mumbai,Home & Kitchen,Water Purifier,3,13660,0.1,36882.0,22993.23,13888.77,Credit Card
ORD102322,2025-04-29,CUST-01502,Consumer,North,Jaipur,Home & Kitchen,Refrigerator,3,28140,0.1,75978.0,58800.39,17177.61,Net Banking
ORD102323,2025-04-29,CUST-02979,Consumer,North,Chandigarh,Office,Printer,1,13650,0.05,12967.5,9475.91,3491.59,Not Specified
ORD102324,2025-04-29,CUST-02678,Consumer,East,Kolkata,Fashion,Handbag,2,920,0.1,1656.0,788.2,867.8,Credit Card
ORD102325,2025-04-29,CUST-02411,Consumer,East,Guwahati,Home & Kitchen,Water Purifier,3,11110,0.1,29997.0,18770.87,11226.13,Cash on Delivery
ORD102326,2025-04-29,CUST-01614,Consumer,North,Lucknow,Fashion,Handbag,3,1390,0.1,3753.0,1997.22,1755.78,Debit Card
ORD102327,2025-04-29,CUST-01337,Consumer,South,Kochi,Office,Study Table,4,4520,0.05,17176.0,11211.01,5964.99,Cash on Delivery
ORD102328,2025-04-29,CUST-00115,Consumer,South,Chennai,Electronics,Laptop,3,39760,0.05,113316.0,104588.25,8727.75,Credit Card
ORD102329,2025-04-29,CUST-02614,Consumer,West,Nagpur,Office,Stationery Kit,2,300,0.05,570.0,271.26,298.74,Cash on Delivery
ORD102330,2025-04-30,CUST-01346,Consumer,North,Lucknow,Fashion,Handbag,5,1420,0.1,6390.0,2357.06,4032.94,Cash on Delivery
ORD102331,2025-04-30,CUST-00987,Consumer,North,Dehradun,Electronics,Smartwatch,1,7150,0.1,6435.0,4621.0,1814.0,Credit Card
ORD102332,2025-04-30,CUST-01930,Consumer,North,Lucknow,Fashion,Formal Shirt,5,680,0.1,3060.0,1112.33,1947.67,UPI
ORD102333,2025-04-30,CUST-02426,Consumer,South,Hyderabad,Home & Kitchen,Microwave Oven,5,8100,0.05,38475.0,26384.53,12090.47,UPI
ORD102334,2025-04-30,CUST-01636,Consumer,West,Ahmedabad,Office,Stationery Kit,2,710,0.05,1349.0,662.4,686.6,EMI
ORD102335,2025-04-30,CUST-00476,Corporate,West,Pune,Fashion,Formal Shirt,2,1360,0.1,2448.0,1191.15,1256.85,UPI
ORD102336,2025-04-30,CUST-02910,Corporate,West,Nagpur,Electronics,Tablet,1,23330,0.05,22163.5,19662.3,2501.2,UPI
ORD102337,2025-04-30,CUST-00366,Small Business,Central,Gwalior,Fashion,Formal Shirt,3,1010,0.1,2727.0,1288.04,1438.96,Debit Card
ORD102338,2025-04-30,CUST-03081,Consumer,West,Mumbai,Home & Kitchen,Air Fryer,3,11310,0.1,30537.0,21307.67,9229.33,Debit Card
ORD102339,2025-04-30,CUST-01385,Consumer,South,Hyderabad,Fashion,Winter Jacket,3,2230,0.1,6021.0,2960.26,3060.74,Cash on Delivery
ORD102340,2025-04-30,CUST-03001,Consumer,South,Hyderabad,Home & Kitchen,Microwave Oven,2,6010,0.05,11419.0,8716.19,2702.81,UPI
ORD102341,2025-04-30,CUST-02899,Consumer,Central,Bhopal,Home & Kitchen,Mixer Grinder,3,2510,0.05,7153.5,4410.14,2743.36,Net Banking
ORD102342,2025-04-30,CUST-01256,Consumer,East,Ranchi,Home & Kitchen,Air Fryer,3,4930,0.1,13311.0,8950.51,4360.49,Credit Card
ORD102343,2025-04-30,CUST-02542,Consumer,South,Coimbatore,Fashion,Handbag,3,2040,0.1,5508.0,2885.63,2622.37,Debit Card
ORD102344,2025-04-30,CUST-00312,Small Business,East,Guwahati,Electronics,Power Bank,1,1270,0.05,1206.5,685.45,521.05,EMI
ORD102345,2025-04-30,CUST-00288,Small Business,North,Jaipur,Fashion,Handbag,1,2010,0.1,1809.0,735.76,1073.24,UPI
ORD102346,2025-04-30,CUST-01090,Consumer,South,Coimbatore,Fashion,Formal Shirt,2,690,0.1,1242.0,620.45,621.55,Cash on Delivery
ORD102347,2025-04-30,CUST-01942,Consumer,West,Surat,Electronics,Smartwatch,1,7140,0.05,6783.0,4985.87,1797.13,Cash on Delivery
ORD102348,2025-04-30,CUST-00035,Consumer,West,Surat,Fashion,Winter Jacket,3,5060,0.1,13662.0,5985.54,7676.46,Cash on Delivery
ORD102349,2025-05-01,CUST-01614,Consumer,North,Lucknow,Office,Office Chair,2,8080,0.05,15352.0,8818.82,6533.18,Not Specified
ORD102350,2025-05-01,CUST-03111,Small Business,South,Hyderabad,Fashion,Handbag,2,1390,0.1,2502.0,1305.76,1196.24,Cash on Delivery
ORD102351,2025-05-01,CUST-02729,Consumer,North,Dehradun,Electronics,Smartwatch,1,3460,0.1,3114.0,1909.01,1204.99,Credit Card
ORD102352,2025-05-01,CUST-00761,Small Business,North,Dehradun,Fashion,Women's Kurti,2,620,0.1,1116.0,412.86,703.14,Debit Card
ORD102353,2025-05-01,CUST-01655,Small Business,West,Mumbai,Fashion,Wrist Watch,3,5990,0.1,16173.0,6788.56,9384.44,Credit Card
ORD102354,2025-05-01,CUST-00542,Small Business,South,Coimbatore,Office,Whiteboard,3,2220,0.05,6327.0,3714.51,2612.49,Cash on Delivery
ORD102355,2025-05-01,CUST-00865,Consumer,South,Hyderabad,Electronics,Power Bank,1,920,0.05,874.0,551.36,322.64,Debit Card
ORD102356,2025-05-01,CUST-02916,Consumer,North,Chandigarh,Office,Office Chair,4,10730,0.05,40774.0,26862.85,13911.15,Credit Card
ORD102357,2025-05-01,CUST-03197,Consumer,North,Dehradun,Home & Kitchen,Microwave Oven,2,10070,0.1,18126.0,13568.74,4557.26,Credit Card
ORD102358,2025-05-01,CUST-00786,Corporate,West,Ahmedabad,Home & Kitchen,Air Fryer,2,3900,0.1,7020.0,4986.07,2033.93,Credit Card
ORD102359,2025-05-01,CUST-00698,Corporate,Central,Indore,Fashion,Men's T-Shirt,3,1170,0.1,3159.0,1472.12,1686.88,Debit Card
ORD102360,2025-05-01,CUST-01180,Small Business,Central,Indore,Home & Kitchen,Microwave Oven,5,6050,0.05,28737.5,21745.93,6991.57,UPI
ORD102361,2025-05-01,CUST-01398,Consumer,North,Delhi,Home & Kitchen,Pressure Cooker,5,1020,0.1,4590.0,3097.23,1492.77,UPI
ORD102362,2025-05-01,CUST-00310,Consumer,East,Bhubaneswar,Fashion,Formal Shirt,3,700,0.1,1890.0,922.93,967.07,EMI
ORD102363,2025-05-01,CUST-00474,Consumer,West,Mumbai,Office,File Organizer,1,820,0.05,779.0,395.73,383.27,Net Banking
ORD102364,2025-05-01,CUST-01324,Consumer,North,Delhi,Electronics,Smartwatch,3,3490,0.1,9423.0,6204.39,3218.61,UPI
ORD102365,2025-05-01,CUST-00772,Consumer,West,Pune,Fashion,Men's T-Shirt,3,780,0.1,2106.0,1008.75,1097.25,UPI
ORD102366,2025-05-02,CUST-02681,Small Business,West,Pune,Fashion,Running Shoes,5,2510,0.1,11295.0,6290.36,5004.64,Credit Card
ORD102367,2025-05-02,CUST-02411,Consumer,East,Guwahati,Electronics,Bluetooth Earbuds,1,2930,0.05,2783.5,2036.13,747.37,Credit Card
ORD102368,2025-05-02,CUST-01681,Consumer,West,Mumbai,Electronics,Bluetooth Earbuds,3,5070,0.05,14449.5,10609.82,3839.68,Credit Card
ORD102369,2025-05-02,CUST-01352,Small Business,South,Bengaluru,Electronics,Smartwatch,2,2050,0.05,3895.0,2416.36,1478.64,UPI
ORD102370,2025-05-02,CUST-02648,Consumer,West,Ahmedabad,Home & Kitchen,Pressure Cooker,2,2760,0.1,4968.0,2871.04,2096.96,Net Banking
ORD102371,2025-05-02,CUST-00533,Consumer,East,Kolkata,Office,Whiteboard,1,3300,0.05,3135.0,1497.03,1637.97,Debit Card
ORD102372,2025-05-02,CUST-02822,Consumer,South,Chennai,Fashion,Winter Jacket,4,4000,0.1,14400.0,6451.75,7948.25,UPI
ORD102373,2025-05-02,CUST-00147,Corporate,South,Coimbatore,Fashion,Running Shoes,5,5080,0.1,22860.0,11349.5,11510.5,EMI
ORD102374,2025-05-02,CUST-02917,Small Business,South,Chennai,Electronics,Smartphone,2,49190,0.05,93461.0,85180.67,8280.33,Credit Card
ORD102375,2025-05-02,CUST-00444,Consumer,Central,Bhopal,Office,Study Table,3,4410,0.05,12568.5,6856.96,5711.54,Credit Card
ORD102376,2025-05-02,CUST-02587,Corporate,East,Patna,Fashion,Winter Jacket,5,2950,0.1,13275.0,6883.6,6391.4,UPI
ORD102377,2025-05-02,CUST-00047,Corporate,East,Kolkata,Fashion,Women's Kurti,1,1840,0.1,1656.0,757.38,898.62,UPI
ORD102378,2025-05-02,CUST-02598,Small Business,West,Surat,Home & Kitchen,Water Purifier,3,11010,0.1,29727.0,20117.37,9609.63,Cash on Delivery
ORD102379,2025-05-02,CUST-01853,Consumer,West,Mumbai,Electronics,Bluetooth Earbuds,2,2950,0.05,5605.0,3638.65,1966.35,Credit Card
ORD102380,2025-05-02,CUST-00050,Consumer,South,Kochi,Electronics,LED Television,3,15980,0.05,45543.0,40370.25,5172.75,Debit Card
ORD102381,2025-05-02,CUST-02479,Consumer,South,Hyderabad,Office,Laptop Bag,4,2230,0.05,8474.0,4745.25,3728.75,EMI
ORD102382,2025-05-02,CUST-00340,Small Business,West,Pune,Fashion,Wrist Watch,2,3960,0.1,7128.0,3187.97,3940.03,UPI
ORD102383,2025-05-03,CUST-01694,Consumer,East,Kolkata,Fashion,Men's T-Shirt,3,2330,0.1,6291.0,2336.96,3954.04,UPI
ORD102384,2025-05-03,CUST-01018,Consumer,West,Ahmedabad,Office,Laptop Bag,4,2910,0.05,11058.0,6100.4,4957.6,Net Banking
ORD102385,2025-05-03,CUST-02444,Consumer,South,Coimbatore,Office,Desk Lamp,2,1770,0.05,3363.0,1878.21,1484.79,Cash on Delivery
ORD102386,2025-05-03,CUST-02715,Corporate,South,Bengaluru,Electronics,Smartwatch,1,7020,0.05,6669.0,4501.87,2167.13,UPI
ORD102387,2025-05-03,CUST-01460,Small Business,West,Pune,Fashion,Formal Shirt,2,1840,0.1,3312.0,1483.29,1828.71,Credit Card
ORD102388,2025-05-03,CUST-02437,Consumer,West,Mumbai,Fashion,Handbag,3,900,0.1,2430.0,810.28,1619.72,Net Banking
ORD102389,2025-05-03,CUST-02902,Consumer,North,Jaipur,Home & Kitchen,Mixer Grinder,3,2520,0.1,6804.0,4476.1,2327.9,UPI
ORD102390,2025-05-03,CUST-02211,Consumer,Central,Gwalior,Fashion,Winter Jacket,2,4020,0.1,7236.0,4288.44,2947.56,UPI
ORD102391,2025-05-03,CUST-00988,Consumer,North,Dehradun,Office,Desk Lamp,2,600,0.05,1140.0,570.58,569.42,Credit Card
ORD102392,2025-05-03,CUST-01460,Small Business,West,Pune,Electronics,Laptop,1,31670,0.05,30086.5,25610.3,4476.2,UPI
ORD102393,2025-05-03,CUST-00754,Consumer,North,Chandigarh,Office,Study Table,1,13380,0.05,12711.0,7782.81,4928.19,UPI
ORD102394,2025-05-03,CUST-01439,Small Business,Central,Raipur,Electronics,Power Bank,2,1290,0.05,2451.0,1481.44,969.56,Credit Card
ORD102395,2025-05-03,CUST-00792,Consumer,North,Jaipur,Fashion,Women's Kurti,3,2320,0.1,6264.0,3337.54,2926.46,Credit Card
ORD102396,2025-05-03,CUST-02567,Consumer,West,Mumbai,Fashion,Denim Jeans,3,3090,0.1,8343.0,4353.66,3989.34,Credit Card
ORD102397,2025-05-03,CUST-01942,Consumer,West,Surat,Fashion,Wrist Watch,2,4030,0.1,7254.0,4152.09,3101.91,Credit Card
ORD102398,2025-05-03,CUST-02028,Consumer,West,Surat,Fashion,Wrist Watch,1,3930,0.1,3537.0,1985.25,1551.75,UPI
ORD102399,2025-05-03,CUST-00363,Consumer,North,Chandigarh,Electronics,LED Television,1,72780,0.1,65502.0,58061.1,7440.9,Debit Card
ORD102400,2025-05-03,CUST-00009,Small Business,North,Chandigarh,Fashion,Denim Jeans,3,2450,0.1,6615.0,2972.26,3642.74,Debit Card
ORD102401,2025-05-03,CUST-02518,Consumer,Central,Gwalior,Electronics,Power Bank,2,1300,0.05,2470.0,1548.4,921.6,Credit Card
ORD102402,2025-05-03,CUST-01702,Small Business,South,Bengaluru,Office,Printer,3,9760,0.05,27816.0,20553.27,7262.73,Net Banking
ORD102403,2025-05-03,CUST-02942,Consumer,North,Delhi,Fashion,Handbag,4,3990,0.1,14364.0,6330.71,8033.29,Net Banking
ORD102404,2025-05-03,CUST-01687,Consumer,West,Mumbai,Home & Kitchen,Ceiling Fan,3,2830,0.1,7641.0,5560.38,2080.62,UPI
ORD102405,2025-05-03,CUST-00705,Consumer,South,Coimbatore,Electronics,LED Television,2,40090,0.05,76171.0,67356.1,8814.9,EMI
ORD102406,2025-05-03,CUST-02246,Corporate,North,Chandigarh,Office,Stationery Kit,1,710,0.05,674.5,250.07,424.43,Net Banking
ORD102407,2025-05-03,CUST-02254,Consumer,West,Mumbai,Home & Kitchen,Mixer Grinder,1,3370,0.1,3033.0,2239.66,793.34,UPI
ORD102408,2025-05-03,CUST-00215,Consumer,West,Surat,Electronics,Smartwatch,2,13640,0.05,25916.0,17224.21,8691.79,Net Banking
ORD102409,2025-05-04,CUST-02232,Corporate,East,Ranchi,Home & Kitchen,Washing Machine,3,49970,0.1,134919.0,105358.95,29560.05,Debit Card
ORD102410,2025-05-04,CUST-00698,Corporate,Central,Indore,Electronics,Laptop,1,48860,0.05,46417.0,41069.37,5347.63,UPI
ORD102411,2025-05-04,CUST-00829,Consumer,East,Kolkata,Electronics,Smartphone,2,32480,0.05,61712.0,51905.5,9806.5,Net Banking
ORD102412,2025-05-04,CUST-00098,Consumer,South,Kochi,Home & Kitchen,Microwave Oven,2,12760,0.05,24244.0,18188.92,6055.08,UPI
ORD102413,2025-05-04,CUST-02005,Consumer,West,Surat,Electronics,Tablet,1,17920,0.05,17024.0,13259.53,3764.47,UPI
ORD102414,2025-05-04,CUST-02348,Consumer,West,Nagpur,Fashion,Men's T-Shirt,3,1200,0.1,3240.0,1101.39,2138.61,Net Banking
ORD102415,2025-05-04,CUST-00754,Consumer,North,Chandigarh,Fashion,Winter Jacket,4,2330,0.1,8388.0,4523.68,3864.32,Debit Card
ORD102416,2025-05-04,CUST-02528,Consumer,South,Hyderabad,Home & Kitchen,Water Purifier,5,13690,0.05,65027.5,46292.82,18734.68,Credit Card
ORD102417,2025-05-04,CUST-02448,Consumer,East,Patna,Electronics,Bluetooth Earbuds,3,6170,0.05,17584.5,11603.95,5980.55,Credit Card
ORD102418,2025-05-04,CUST-01272,Consumer,West,Nagpur,Electronics,Smartwatch,1,7200,0.05,6840.0,4288.99,2551.01,Cash on Delivery
ORD102419,2025-05-04,CUST-00228,Consumer,South,Kochi,Fashion,Running Shoes,5,1290,0.1,5805.0,2456.08,3348.92,EMI
ORD102420,2025-05-04,CUST-00936,Consumer,North,Dehradun,Electronics,Smartphone,1,32100,0.1,28890.0,25744.42,3145.58,Net Banking
ORD102421,2025-05-04,CUST-00531,Consumer,East,Ranchi,Office,File Organizer,1,400,0.05,380.0,182.95,197.05,EMI
ORD102422,2025-05-04,CUST-03042,Small Business,North,Dehradun,Fashion,Men's T-Shirt,1,2460,0.1,2214.0,878.92,1335.08,Credit Card
ORD102423,2025-05-04,CUST-02607,Corporate,South,Kochi,Home & Kitchen,Ceiling Fan,3,2170,0.05,6184.5,4052.07,2132.43,Cash on Delivery
ORD102424,2025-05-04,CUST-00266,Consumer,West,Nagpur,Fashion,Running Shoes,4,2470,0.1,8892.0,3865.22,5026.78,Credit Card
ORD102425,2025-05-04,CUST-01612,Small Business,South,Kochi,Home & Kitchen,Washing Machine,4,57530,0.05,218614.0,149065.56,69548.44,Net Banking
ORD102426,2025-05-04,CUST-00885,Small Business,Central,Jabalpur,Electronics,Bluetooth Earbuds,1,6050,0.05,5747.5,3990.23,1757.27,EMI
ORD102427,2025-05-04,CUST-00099,Consumer,East,Guwahati,Home & Kitchen,Microwave Oven,2,8140,0.1,14652.0,10572.05,4079.95,Debit Card
ORD102428,2025-05-04,CUST-00988,Consumer,North,Dehradun,Fashion,Formal Shirt,1,1930,0.1,1737.0,693.86,1043.14,EMI
ORD102429,2025-05-04,CUST-00398,Small Business,West,Surat,Home & Kitchen,Water Purifier,2,7820,0.1,14076.0,9421.75,4654.25,UPI
ORD102430,2025-05-04,CUST-00727,Consumer,North,Delhi,Home & Kitchen,Mixer Grinder,1,1790,0.1,1611.0,1089.93,521.07,Cash on Delivery
ORD102431,2025-05-04,CUST-00997,Consumer,Central,Bhopal,Electronics,Tablet,2,29720,0.05,56468.0,45526.05,10941.95,Credit Card
ORD102432,2025-05-04,CUST-01266,Consumer,North,Dehradun,Office,File Organizer,1,610,0.05,579.5,236.93,342.57,Net Banking
ORD102433,2025-05-04,CUST-01477,Consumer,West,Pune,Home & Kitchen,Microwave Oven,5,10050,0.1,45225.0,36333.82,8891.18,Credit Card
ORD102434,2025-05-04,CUST-01630,Consumer,West,Surat,Home & Kitchen,Refrigerator,3,60650,0.1,163755.0,114675.14,49079.86,EMI
ORD102435,2025-05-05,CUST-01142,Corporate,South,Hyderabad,Home & Kitchen,Mixer Grinder,1,1800,0.05,1710.0,1209.03,500.97,EMI
ORD102436,2025-05-05,CUST-01581,Small Business,South,Chennai,Fashion,Running Shoes,1,3490,0.1,3141.0,1776.04,1364.96,UPI
ORD102437,2025-05-05,CUST-01300,Consumer,East,Patna,Fashion,Formal Shirt,2,1860,0.1,3348.0,1416.16,1931.84,EMI
ORD102438,2025-05-05,CUST-03068,Consumer,North,Chandigarh,Fashion,Men's T-Shirt,5,1680,0.1,7560.0,3307.37,4252.63,EMI
ORD102439,2025-05-05,CUST-00225,Small Business,West,Pune,Fashion,Wrist Watch,3,1670,0.1,4509.0,1889.66,2619.34,Debit Card
ORD102440,2025-05-05,CUST-01858,Consumer,West,Mumbai,Home & Kitchen,Ceiling Fan,5,1310,0.1,5895.0,4013.39,1881.61,Net Banking
ORD102441,2025-05-05,CUST-00619,Corporate,South,Kochi,Home & Kitchen,Ceiling Fan,5,2840,0.05,13490.0,9446.65,4043.35,Credit Card
ORD102442,2025-05-05,CUST-01152,Consumer,South,Chennai,Home & Kitchen,Washing Machine,1,57810,0.05,54919.5,42163.75,12755.75,Credit Card
ORD102443,2025-05-05,CUST-01724,Corporate,Central,Raipur,Fashion,Denim Jeans,4,1430,0.1,5148.0,2173.2,2974.8,Credit Card
ORD102444,2025-05-05,CUST-02446,Consumer,Central,Indore,Fashion,Winter Jacket,3,1660,0.1,4482.0,2613.7,1868.3,EMI
ORD102445,2025-05-05,CUST-03122,Consumer,South,Coimbatore,Office,File Organizer,4,580,0.05,2204.0,950.09,1253.91,UPI
ORD102446,2025-05-05,CUST-01564,Small Business,North,Dehradun,Home & Kitchen,Ceiling Fan,5,3890,0.1,17505.0,12045.86,5459.14,UPI
ORD102447,2025-05-05,CUST-00837,Consumer,South,Bengaluru,Office,Stationery Kit,2,300,0.05,570.0,296.58,273.42,UPI
ORD102448,2025-05-05,CUST-02527,Corporate,South,Bengaluru,Fashion,Formal Shirt,3,1900,0.1,5130.0,2259.77,2870.23,UPI
ORD102449,2025-05-05,CUST-00724,Consumer,South,Bengaluru,Electronics,LED Television,3,15780,0.05,44973.0,40226.54,4746.46,UPI
ORD102450,2025-05-05,CUST-01604,Consumer,West,Ahmedabad,Office,Study Table,4,12650,0.05,48070.0,31240.53,16829.47,Debit Card
ORD102451,2025-05-05,CUST-02688,Consumer,North,Chandigarh,Office,File Organizer,1,620,0.05,589.0,268.2,320.8,Credit Card
ORD102452,2025-05-05,CUST-01247,Corporate,North,Delhi,Fashion,Winter Jacket,1,2290,0.1,2061.0,1199.02,861.98,Credit Card
ORD102453,2025-05-05,CUST-01766,Consumer,West,Mumbai,Fashion,Women's Kurti,5,1330,0.1,5985.0,2938.33,3046.67,UPI
ORD102454,2025-05-05,CUST-00384,Consumer,South,Kochi,Office,Study Table,3,4480,0.05,12768.0,6911.61,5856.39,UPI
ORD102455,2025-05-05,CUST-00180,Consumer,West,Nagpur,Fashion,Winter Jacket,3,2980,0.1,8046.0,4627.73,3418.27,Cash on Delivery
ORD102456,2025-05-05,CUST-03151,Corporate,West,Mumbai,Office,File Organizer,2,400,0.05,760.0,308.86,451.14,Credit Card
ORD102457,2025-05-05,CUST-00560,Consumer,North,Jaipur,Electronics,Power Bank,1,880,0.1,792.0,489.4,302.6,Debit Card
ORD102458,2025-05-05,CUST-01026,Consumer,South,Kochi,Electronics,Smartphone,1,32140,0.05,30533.0,27966.18,2566.82,Credit Card
ORD102459,2025-05-06,CUST-01602,Consumer,West,Pune,Home & Kitchen,Washing Machine,2,57620,0.1,103716.0,84497.28,19218.72,UPI
ORD102460,2025-05-06,CUST-01150,Consumer,West,Ahmedabad,Fashion,Women's Kurti,5,1810,0.1,8145.0,4323.92,3821.08,UPI
ORD102461,2025-05-06,CUST-00335,Small Business,North,Lucknow,Electronics,Bluetooth Speaker,2,3910,0.1,7038.0,4546.02,2491.98,Credit Card
ORD102462,2025-05-06,CUST-00632,Small Business,Central,Jabalpur,Office,Laptop Bag,2,2960,0.05,5624.0,3248.08,2375.92,UPI
ORD102463,2025-05-06,CUST-01563,Small Business,North,Delhi,Electronics,Smartphone,1,17830,0.1,16047.0,14170.89,1876.11,UPI
ORD102464,2025-05-06,CUST-01371,Small Business,South,Kochi,Electronics,Tablet,2,28590,0.05,54321.0,45978.43,8342.57,Credit Card
ORD102465,2025-05-06,CUST-02537,Small Business,East,Ranchi,Office,Desk Lamp,2,880,0.05,1672.0,856.44,815.56,UPI
ORD102466,2025-05-06,CUST-00967,Consumer,West,Pune,Electronics,Bluetooth Speaker,1,6140,0.05,5833.0,3510.49,2322.51,Debit Card
ORD102467,2025-05-06,CUST-02980,Consumer,South,Kochi,Electronics,Smartwatch,1,14070,0.05,13366.5,8416.32,4950.18,UPI
ORD102468,2025-05-06,CUST-00944,Consumer,Central,Raipur,Home & Kitchen,Microwave Oven,3,9900,0.05,28215.0,21416.66,6798.34,Debit Card
ORD102469,2025-05-06,CUST-01014,Small Business,West,Surat,Electronics,Bluetooth Speaker,2,2020,0.05,3838.0,2372.25,1465.75,Debit Card
ORD102470,2025-05-06,CUST-03008,Consumer,South,Coimbatore,Electronics,Tablet,1,14330,0.05,13613.5,11416.14,2197.36,Cash on Delivery
ORD102471,2025-05-06,CUST-02665,Consumer,South,Kochi,Electronics,Laptop,3,32730,0.05,93280.5,85573.23,7707.27,Debit Card
ORD102472,2025-05-06,CUST-00979,Consumer,North,Delhi,Office,Desk Lamp,3,610,0.05,1738.5,972.36,766.14,Credit Card
ORD102473,2025-05-06,CUST-01218,Corporate,South,Coimbatore,Home & Kitchen,Mixer Grinder,2,1770,0.05,3363.0,2332.72,1030.28,Credit Card
ORD102474,2025-05-06,CUST-02670,Corporate,South,Chennai,Fashion,Men's T-Shirt,2,1670,0.1,3006.0,1165.15,1840.85,Cash on Delivery
ORD102475,2025-05-06,CUST-00294,Consumer,South,Bengaluru,Electronics,Bluetooth Earbuds,1,6160,0.05,5852.0,4159.42,1692.58,Debit Card
ORD102476,2025-05-06,CUST-00950,Consumer,West,Pune,Fashion,Running Shoes,2,5130,0.1,9234.0,5013.56,4220.44,Net Banking
ORD102477,2025-05-06,CUST-01661,Consumer,West,Ahmedabad,Home & Kitchen,Microwave Oven,4,8110,0.1,29196.0,20871.68,8324.32,Net Banking
ORD102478,2025-05-07,CUST-02637,Consumer,West,Surat,Fashion,Handbag,1,880,0.1,792.0,344.43,447.57,UPI
ORD102479,2025-05-07,CUST-01785,Consumer,South,Kochi,Home & Kitchen,Washing Machine,5,57380,0.05,272555.0,177762.68,94792.32,UPI
ORD102480,2025-05-07,CUST-01551,Small Business,South,Chennai,Home & Kitchen,Water Purifier,5,7850,0.05,37287.5,22470.14,14817.36,Debit Card
ORD102481,2025-05-07,CUST-03063,Corporate,East,Patna,Home & Kitchen,Washing Machine,2,29910,0.1,53838.0,41528.76,12309.24,EMI
ORD102482,2025-05-07,CUST-00382,Small Business,West,Pune,Home & Kitchen,Water Purifier,2,18510,0.1,33318.0,20744.71,12573.29,Net Banking
ORD102483,2025-05-07,CUST-02494,Consumer,West,Ahmedabad,Electronics,Smartwatch,1,7100,0.05,6745.0,4499.65,2245.35,Credit Card
ORD102484,2025-05-07,CUST-00397,Corporate,North,Delhi,Fashion,Denim Jeans,5,1360,0.1,6120.0,2439.48,3680.52,EMI
ORD102485,2025-05-07,CUST-02356,Consumer,East,Patna,Fashion,Formal Shirt,5,1030,0.1,4635.0,2018.28,2616.72,Credit Card
ORD102486,2025-05-07,CUST-01705,Consumer,Central,Jabalpur,Office,Stationery Kit,3,300,0.05,855.0,416.62,438.38,Cash on Delivery
ORD102487,2025-05-07,CUST-00874,Consumer,West,Nagpur,Home & Kitchen,Mixer Grinder,2,3310,0.1,5958.0,4135.11,1822.89,Debit Card
ORD102488,2025-05-07,CUST-01706,Corporate,East,Ranchi,Office,Study Table,1,5890,0.05,5595.5,3561.02,2034.48,Cash on Delivery
ORD102489,2025-05-07,CUST-02799,Consumer,East,Ranchi,Fashion,Women's Kurti,2,620,0.1,1116.0,404.43,711.57,Cash on Delivery
ORD102490,2025-05-07,CUST-01488,Consumer,Central,Jabalpur,Office,Printer,1,13860,0.05,13167.0,9909.49,3257.51,UPI
ORD102491,2025-05-07,CUST-00027,Consumer,North,Delhi,Electronics,Tablet,1,29830,0.1,26847.0,24017.94,2829.06,UPI
ORD102492,2025-05-07,CUST-00180,Consumer,West,Nagpur,Fashion,Wrist Watch,3,3920,0.1,10584.0,5403.2,5180.8,Cash on Delivery
ORD102493,2025-05-07,CUST-02024,Consumer,North,Jaipur,Electronics,Bluetooth Earbuds,3,5030,0.1,13581.0,9407.84,4173.16,UPI
ORD102494,2025-05-08,CUST-02187,Consumer,East,Kolkata,Fashion,Women's Kurti,2,880,0.1,1584.0,673.91,910.09,UPI
ORD102495,2025-05-08,CUST-01241,Small Business,Central,Indore,Fashion,Winter Jacket,2,2360,0.1,4248.0,1988.63,2259.37,Credit Card
ORD102496,2025-05-08,CUST-00786,Corporate,West,Ahmedabad,Home & Kitchen,Water Purifier,5,5980,0.1,26910.0,20400.56,6509.44,Debit Card
ORD102497,2025-05-08,CUST-02299,Small Business,West,Mumbai,Electronics,Tablet,1,22790,0.05,21650.5,17559.14,4091.36,EMI
ORD102498,2025-05-08,CUST-00950,Consumer,West,Pune,Electronics,Smartwatch,2,3500,0.05,6650.0,4357.71,2292.29,UPI
ORD102499,2025-05-08,CUST-00250,Small Business,South,Hyderabad,Office,Office Chair,1,6010,0.05,5709.5,3562.41,2147.09,UPI
ORD102500,2025-05-08,CUST-01271,Consumer,West,Mumbai,Fashion,Handbag,5,2040,0.1,9180.0,3961.28,5218.72,Not Specified
ORD102501,2025-05-08,CUST-01691,Consumer,East,Guwahati,Fashion,Formal Shirt,4,1360,0.1,4896.0,2161.22,2734.78,Cash on Delivery
ORD102502,2025-05-08,CUST-03072,Small Business,Central,Indore,Home & Kitchen,Pressure Cooker,3,2030,0.05,5785.5,3386.46,2399.04,UPI
ORD102503,2025-05-08,CUST-01879,Consumer,North,Jaipur,Electronics,Smartwatch,1,7100,0.1,6390.0,4403.62,1986.38,Cash on Delivery
ORD102504,2025-05-08,CUST-00677,Consumer,East,Ranchi,Electronics,Bluetooth Earbuds,1,2020,0.05,1919.0,1263.53,655.47,UPI
ORD102505,2025-05-08,CUST-02651,Consumer,Central,Gwalior,Electronics,Smartphone,2,18070,0.05,34333.0,28955.49,5377.51,UPI
ORD102506,2025-05-08,CUST-00950,Consumer,West,Pune,Electronics,LED Television,1,16450,0.05,15627.5,12519.83,3107.67,Credit Card
ORD102507,2025-05-08,CUST-03046,Consumer,South,Kochi,Electronics,Tablet,1,14370,0.05,13651.5,10601.87,3049.63,Cash on Delivery
ORD102508,2025-05-08,CUST-00992,Small Business,South,Bengaluru,Office,Office Chair,2,15000,0.05,28500.0,18739.41,9760.59,Cash on Delivery
ORD102509,2025-05-08,CUST-02876,Corporate,West,Pune,Fashion,Running Shoes,1,2450,0.1,2205.0,954.36,1250.64,UPI
ORD102510,2025-05-08,CUST-02797,Small Business,West,Mumbai,Fashion,Men's T-Shirt,2,2420,0.1,4356.0,1995.01,2360.99,Debit Card
ORD102511,2025-05-08,CUST-02745,Consumer,West,Nagpur,Fashion,Denim Jeans,4,2470,0.1,8892.0,4833.47,4058.53,UPI
ORD102512,2025-05-08,CUST-00117,Small Business,East,Kolkata,Home & Kitchen,Air Fryer,4,6470,0.1,23292.0,14397.85,8894.15,Net Banking
ORD102513,2025-05-08,CUST-02702,Consumer,Central,Indore,Fashion,Formal Shirt,3,1020,0.1,2754.0,1261.75,1492.25,Cash on Delivery
ORD102514,2025-05-08,CUST-02314,Consumer,East,Ranchi,Electronics,Smartwatch,1,3440,0.05,3268.0,2295.28,972.72,Cash on Delivery
ORD102515,2025-05-08,CUST-01026,Consumer,South,Kochi,Fashion,Winter Jacket,2,3970,0.1,7146.0,3760.0,3386.0,UPI
ORD102516,2025-05-08,CUST-01552,Consumer,West,Mumbai,Home & Kitchen,Pressure Cooker,2,3460,0.1,6228.0,3861.55,2366.45,UPI
ORD102517,2025-05-08,CUST-02053,Consumer,South,Coimbatore,Electronics,Tablet,2,10130,0.05,19247.0,15646.08,3600.92,UPI
ORD102518,2025-05-09,CUST-02992,Small Business,South,Hyderabad,Electronics,Tablet,3,22810,0.05,65008.5,51242.28,13766.22,Net Banking
ORD102519,2025-05-09,CUST-02494,Consumer,West,Ahmedabad,Fashion,Handbag,1,2000,0.1,1800.0,863.32,936.68,Cash on Delivery
ORD102520,2025-05-09,CUST-01336,Consumer,South,Hyderabad,Office,Office Chair,4,8050,0.05,30590.0,18677.01,11912.99,UPI
ORD102521,2025-05-09,CUST-02073,Consumer,North,Jaipur,Home & Kitchen,Pressure Cooker,5,1950,0.1,8775.0,5239.87,3535.13,UPI
ORD102522,2025-05-09,CUST-00586,Corporate,South,Hyderabad,Fashion,Wrist Watch,1,2480,0.1,2232.0,1266.27,965.73,UPI
ORD102523,2025-05-09,CUST-01321,Consumer,Central,Raipur,Home & Kitchen,Air Fryer,4,8540,0.05,32452.0,20403.71,12048.29,Cash on Delivery
ORD102524,2025-05-09,CUST-02526,Corporate,West,Nagpur,Fashion,Denim Jeans,3,980,0.1,2646.0,1095.14,1550.86,Credit Card
ORD102525,2025-05-09,CUST-01930,Consumer,North,Lucknow,Home & Kitchen,Microwave Oven,3,16150,0.1,43605.0,32236.01,11368.99,Debit Card
ORD102526,2025-05-09,CUST-02496,Consumer,East,Bhubaneswar,Electronics,Bluetooth Earbuds,1,1950,0.05,1852.5,1115.15,737.35,Credit Card
ORD102527,2025-05-09,CUST-01604,Consumer,West,Ahmedabad,Electronics,Smartwatch,1,6820,0.05,6479.0,4201.1,2277.9,Net Banking
ORD102528,2025-05-09,CUST-01169,Consumer,Central,Raipur,Fashion,Men's T-Shirt,2,1690,0.1,3042.0,1167.86,1874.14,UPI
ORD102529,2025-05-09,CUST-02389,Consumer,South,Chennai,Home & Kitchen,Washing Machine,2,30860,0.05,58634.0,43396.73,15237.27,Credit Card
ORD102530,2025-05-10,CUST-00323,Consumer,West,Surat,Office,Stationery Kit,2,300,0.05,570.0,258.92,311.08,UPI
ORD102531,2025-05-10,CUST-03125,Corporate,West,Nagpur,Office,Printer,2,20100,0.05,38190.0,31809.22,6380.78,UPI
ORD102532,2025-05-10,CUST-03008,Consumer,South,Coimbatore,Office,Office Chair,3,11180,0.05,31863.0,20874.83,10988.17,Cash on Delivery
ORD102533,2025-05-10,CUST-02801,Consumer,North,Delhi,Fashion,Formal Shirt,4,1440,0.1,5184.0,2540.97,2643.03,EMI
ORD102534,2025-05-10,CUST-02814,Consumer,West,Pune,Home & Kitchen,Water Purifier,3,8160,0.1,22032.0,13585.43,8446.57,UPI
ORD102535,2025-05-10,CUST-01605,Small Business,West,Nagpur,Electronics,Tablet,2,14250,0.05,27075.0,23583.61,3491.39,UPI
ORD102536,2025-05-10,CUST-01581,Small Business,South,Chennai,Electronics,Smartwatch,3,3540,0.05,10089.0,7225.92,2863.08,UPI
ORD102537,2025-05-10,CUST-02613,Corporate,West,Ahmedabad,Home & Kitchen,Water Purifier,3,8200,0.1,22140.0,16381.86,5758.14,Credit Card
ORD102538,2025-05-10,CUST-00944,Consumer,Central,Raipur,Home & Kitchen,Water Purifier,4,8140,0.05,30932.0,22084.84,8847.16,UPI
ORD102539,2025-05-10,CUST-02702,Consumer,Central,Indore,Office,Desk Lamp,1,1830,0.05,1738.5,987.26,751.24,UPI
ORD102540,2025-05-10,CUST-00648,Consumer,Central,Bhopal,Home & Kitchen,Refrigerator,2,45850,0.05,87115.0,67695.32,19419.68,EMI
ORD102541,2025-05-10,CUST-02797,Small Business,West,Mumbai,Home & Kitchen,Refrigerator,3,28230,0.1,76221.0,53110.1,23110.9,Net Banking
ORD102542,2025-05-10,CUST-01697,Consumer,East,Ranchi,Electronics,Smartwatch,1,3420,0.05,3249.0,2185.94,1063.06,Debit Card
ORD102543,2025-05-10,CUST-02676,Consumer,North,Dehradun,Electronics,Tablet,1,22870,0.1,20583.0,18257.39,2325.61,UPI
ORD102544,2025-05-10,CUST-01562,Consumer,South,Coimbatore,Home & Kitchen,Microwave Oven,1,8190,0.05,7780.5,5186.48,2594.02,UPI
ORD102545,2025-05-10,CUST-01942,Consumer,West,Surat,Electronics,Smartwatch,1,7120,0.05,6764.0,4687.51,2076.49,UPI
ORD102546,2025-05-11,CUST-02928,Consumer,South,Coimbatore,Office,Laptop Bag,2,810,0.05,1539.0,739.46,799.54,Net Banking
ORD102547,2025-05-11,CUST-01301,Consumer,Central,Raipur,Electronics,Smartphone,1,33570,0.05,31891.5,28504.2,3387.3,Cash on Delivery
ORD102548,2025-05-11,CUST-00721,Consumer,North,Delhi,Home & Kitchen,Ceiling Fan,2,1310,0.1,2358.0,1469.5,888.5,UPI
ORD102549,2025-05-11,CUST-00316,Consumer,East,Ranchi,Home & Kitchen,Water Purifier,4,5950,0.1,21420.0,15714.88,5705.12,UPI
ORD102550,2025-05-11,CUST-01870,Corporate,South,Chennai,Fashion,Winter Jacket,3,3930,0.1,10611.0,5741.04,4869.96,Credit Card
ORD102551,2025-05-11,CUST-01944,Consumer,West,Ahmedabad,Office,Printer,4,20170,0.05,76646.0,62437.29,14208.71,Cash on Delivery
ORD102552,2025-05-11,CUST-01977,Consumer,East,Patna,Home & Kitchen,Pressure Cooker,4,2730,0.1,9828.0,5819.79,4008.21,UPI
ORD102553,2025-05-11,CUST-00115,Consumer,South,Chennai,Home & Kitchen,Water Purifier,2,17550,0.05,33345.0,22514.34,10830.66,UPI
ORD102554,2025-05-11,CUST-00093,Small Business,West,Surat,Office,Office Chair,3,20280,0.05,57798.0,35553.75,22244.25,UPI
ORD102555,2025-05-11,CUST-02850,Consumer,East,Kolkata,Home & Kitchen,Mixer Grinder,2,5980,0.1,10764.0,6856.1,3907.9,Not Specified
ORD102556,2025-05-11,CUST-02237,Consumer,South,Kochi,Electronics,Smartphone,1,17730,0.05,16843.5,15434.57,1408.93,UPI
ORD102557,2025-05-11,CUST-00366,Small Business,Central,Gwalior,Electronics,LED Television,1,40210,0.05,38199.5,32578.45,5621.05,Cash on Delivery
ORD102558,2025-05-11,CUST-00251,Consumer,South,Bengaluru,Office,Desk Lamp,1,610,0.05,579.5,303.22,276.28,Credit Card
ORD102559,2025-05-11,CUST-00517,Consumer,South,Chennai,Home & Kitchen,Water Purifier,3,10900,0.05,31065.0,18050.02,13014.98,Not Specified
ORD102560,2025-05-11,CUST-02566,Consumer,Central,Jabalpur,Fashion,Formal Shirt,2,720,0.1,1296.0,526.95,769.05,Credit Card
ORD102561,2025-05-11,CUST-02322,Consumer,North,Chandigarh,Home & Kitchen,Washing Machine,1,38460,0.1,34614.0,25467.12,9146.88,UPI
ORD102562,2025-05-11,CUST-02046,Consumer,Central,Jabalpur,Electronics,Bluetooth Speaker,2,2990,0.05,5681.0,3422.77,2258.23,Credit Card
ORD102563,2025-05-11,CUST-02055,Consumer,South,Hyderabad,Office,Study Table,3,4370,0.05,12454.5,7492.76,4961.74,UPI
ORD102564,2025-05-11,CUST-02729,Consumer,North,Dehradun,Fashion,Men's T-Shirt,4,820,0.1,2952.0,1402.15,1549.85,Debit Card
ORD102565,2025-05-11,CUST-01024,Consumer,South,Bengaluru,Fashion,Formal Shirt,2,1860,0.1,3348.0,1663.31,1684.69,Cash on Delivery
ORD102566,2025-05-11,CUST-00988,Consumer,North,Dehradun,Fashion,Wrist Watch,1,2470,0.1,2223.0,1294.03,928.97,UPI
ORD102567,2025-05-11,CUST-01324,Consumer,North,Delhi,Electronics,Smartwatch,2,13840,0.1,24912.0,15560.96,9351.04,Credit Card
ORD102568,2025-05-11,CUST-03164,Consumer,South,Kochi,Home & Kitchen,Washing Machine,2,60390,0.05,114741.0,86550.94,28190.06,Debit Card
ORD102569,2025-05-11,CUST-01758,Consumer,North,Chandigarh,Fashion,Denim Jeans,2,1380,0.1,2484.0,1153.17,1330.83,EMI
ORD102570,2025-05-11,CUST-01727,Corporate,North,Jaipur,Home & Kitchen,Water Purifier,3,17740,0.1,47898.0,37081.37,10816.63,UPI
ORD102571,2025-05-11,CUST-02577,Small Business,South,Kochi,Fashion,Men's T-Shirt,1,1740,0.1,1566.0,522.18,1043.82,Cash on Delivery
ORD102572,2025-05-12,CUST-00555,Consumer,West,Pune,Electronics,Bluetooth Earbuds,2,2040,0.05,3876.0,2400.68,1475.32,Debit Card
ORD102573,2025-05-12,CUST-01250,Consumer,South,Chennai,Electronics,Smartwatch,1,13620,0.05,12939.0,8593.02,4345.98,UPI
ORD102574,2025-05-12,CUST-02060,Consumer,Central,Gwalior,Office,Study Table,1,9870,0.05,9376.5,5789.81,3586.69,Debit Card
ORD102575,2025-05-12,CUST-03160,Consumer,Central,Raipur,Fashion,Denim Jeans,3,980,0.1,2646.0,1236.72,1409.28,UPI
ORD102576,2025-05-12,CUST-00492,Consumer,Central,Raipur,Office,Office Chair,2,8060,0.05,15314.0,8124.84,7189.16,UPI
ORD102577,2025-05-12,CUST-01420,Small Business,West,Ahmedabad,Electronics,Smartwatch,2,14120,0.05,26828.0,16328.13,10499.87,Credit Card
ORD102578,2025-05-12,CUST-02866,Small Business,East,Bhubaneswar,Fashion,Handbag,5,1980,0.1,8910.0,3811.85,5098.15,Credit Card
ORD102579,2025-05-12,CUST-02330,Consumer,West,Nagpur,Home & Kitchen,Microwave Oven,4,9960,0.1,35856.0,25265.13,10590.87,UPI
ORD102580,2025-05-12,CUST-01955,Corporate,East,Ranchi,Fashion,Denim Jeans,5,2520,0.1,11340.0,4418.3,6921.7,Debit Card
ORD102581,2025-05-12,CUST-00838,Small Business,West,Nagpur,Fashion,Running Shoes,4,5050,0.1,18180.0,8523.86,9656.14,Net Banking
ORD102582,2025-05-12,CUST-00596,Consumer,Central,Gwalior,Fashion,Formal Shirt,5,1390,0.1,6255.0,2442.05,3812.95,UPI
ORD102583,2025-05-12,CUST-01150,Consumer,West,Ahmedabad,Electronics,Power Bank,2,910,0.05,1729.0,892.6,836.4,UPI
ORD102584,2025-05-12,CUST-00832,Consumer,South,Coimbatore,Electronics,LED Television,1,55130,0.05,52373.5,45252.11,7121.39,Not Specified
ORD102585,2025-05-12,CUST-02571,Consumer,West,Pune,Fashion,Handbag,4,900,0.1,3240.0,1538.67,1701.33,Credit Card
ORD102586,2025-05-12,CUST-02309,Consumer,East,Kolkata,Office,Laptop Bag,4,1210,0.05,4598.0,2661.04,1936.96,UPI
ORD102587,2025-05-12,CUST-02659,Consumer,West,Mumbai,Home & Kitchen,Pressure Cooker,2,3580,0.1,6444.0,4262.63,2181.37,Debit Card
ORD102588,2025-05-12,CUST-00542,Small Business,South,Coimbatore,Fashion,Handbag,3,3010,0.1,8127.0,4040.89,4086.11,Credit Card
ORD102589,2025-05-12,CUST-00959,Consumer,Central,Gwalior,Electronics,Bluetooth Earbuds,2,2910,0.05,5529.0,3829.64,1699.36,Credit Card
ORD102590,2025-05-12,CUST-02463,Consumer,West,Ahmedabad,Home & Kitchen,Mixer Grinder,1,1820,0.1,1638.0,1176.46,461.54,Credit Card
ORD102591,2025-05-12,CUST-00525,Consumer,South,Bengaluru,Home & Kitchen,Ceiling Fan,3,1280,0.05,3648.0,2123.49,1524.51,Credit Card
ORD102592,2025-05-13,CUST-00469,Consumer,South,Hyderabad,Home & Kitchen,Microwave Oven,1,8120,0.05,7714.0,5407.31,2306.69,UPI
ORD102593,2025-05-13,CUST-01176,Consumer,West,Pune,Fashion,Handbag,2,1370,0.1,2466.0,1225.8,1240.2,EMI
ORD102594,2025-05-13,CUST-00590,Consumer,South,Bengaluru,Electronics,Tablet,3,14110,0.05,40213.5,35617.3,4596.2,Cash on Delivery
ORD102595,2025-05-13,CUST-00270,Consumer,North,Jaipur,Fashion,Winter Jacket,5,3970,0.1,17865.0,7835.57,10029.43,Debit Card
ORD102596,2025-05-13,CUST-00969,Corporate,West,Mumbai,Fashion,Women's Kurti,3,1810,0.1,4887.0,1965.12,2921.88,UPI
ORD102597,2025-05-13,CUST-02779,Corporate,East,Ranchi,Home & Kitchen,Water Purifier,3,13730,0.1,37071.0,24971.56,12099.44,Net Banking
ORD102598,2025-05-13,CUST-00180,Consumer,West,Nagpur,Office,Laptop Bag,2,2330,0.05,4427.0,2004.17,2422.83,Debit Card
ORD102599,2025-05-13,CUST-01787,Corporate,West,Ahmedabad,Home & Kitchen,Water Purifier,5,7770,0.1,34965.0,27023.22,7941.78,Net Banking
ORD102600,2025-05-13,CUST-01779,Consumer,South,Kochi,Electronics,Laptop,3,57480,0.05,163818.0,145739.51,18078.49,Net Banking
ORD102601,2025-05-13,CUST-01659,Corporate,West,Mumbai,Fashion,Denim Jeans,4,1880,0.1,6768.0,3598.57,3169.43,Cash on Delivery
ORD102602,2025-05-13,CUST-01602,Consumer,West,Pune,Home & Kitchen,Ceiling Fan,1,1750,0.1,1575.0,1156.25,418.75,UPI
ORD102603,2025-05-13,CUST-00047,Corporate,East,Kolkata,Office,Desk Lamp,1,1800,0.05,1710.0,910.16,799.84,Credit Card
ORD102604,2025-05-13,CUST-00147,Corporate,South,Coimbatore,Electronics,Bluetooth Speaker,1,2960,0.05,2812.0,1528.71,1283.29,Credit Card
ORD102605,2025-05-13,CUST-01605,Small Business,West,Nagpur,Home & Kitchen,Pressure Cooker,5,2000,0.1,9000.0,5511.06,3488.94,EMI
ORD102606,2025-05-13,CUST-03079,Small Business,North,Lucknow,Office,Desk Lamp,3,1300,0.05,3705.0,1924.95,1780.05,Cash on Delivery
ORD102607,2025-05-14,CUST-01261,Consumer,West,Mumbai,Office,Printer,1,9860,0.05,9367.0,7751.25,1615.75,Cash on Delivery
ORD102608,2025-05-14,CUST-01489,Small Business,North,Jaipur,Home & Kitchen,Washing Machine,3,19230,0.1,51921.0,37826.62,14094.38,UPI
ORD102609,2025-05-14,CUST-03139,Consumer,West,Mumbai,Fashion,Formal Shirt,3,680,0.1,1836.0,819.04,1016.96,UPI
ORD102610,2025-05-14,CUST-02494,Consumer,West,Ahmedabad,Fashion,Women's Kurti,2,2330,0.1,4194.0,1974.96,2219.04,UPI
ORD102611,2025-05-14,CUST-02467,Consumer,North,Chandigarh,Fashion,Men's T-Shirt,2,820,0.1,1476.0,505.39,970.61,Cash on Delivery
ORD102612,2025-05-14,CUST-01602,Consumer,West,Pune,Home & Kitchen,Ceiling Fan,2,1740,0.1,3132.0,2229.94,902.06,Net Banking
ORD102613,2025-05-14,CUST-02855,Consumer,North,Jaipur,Electronics,Smartwatch,1,14310,0.1,12879.0,8366.96,4512.04,Cash on Delivery
ORD102614,2025-05-14,CUST-01843,Consumer,South,Coimbatore,Fashion,Women's Kurti,1,1290,0.1,1161.0,610.55,550.45,UPI
ORD102615,2025-05-14,CUST-02103,Consumer,East,Ranchi,Home & Kitchen,Air Fryer,2,8310,0.1,14958.0,9860.91,5097.09,Credit Card
ORD102616,2025-05-14,CUST-02516,Small Business,South,Hyderabad,Home & Kitchen,Washing Machine,1,24700,0.05,23465.0,17902.7,5562.3,UPI
ORD102617,2025-05-14,CUST-01257,Small Business,South,Hyderabad,Home & Kitchen,Mixer Grinder,2,2500,0.05,4750.0,3293.79,1456.21,Net Banking
ORD102618,2025-05-14,CUST-03026,Consumer,South,Chennai,Fashion,Men's T-Shirt,2,1690,0.1,3042.0,1351.45,1690.55,Cash on Delivery
ORD102619,2025-05-14,CUST-03160,Consumer,Central,Raipur,Electronics,Smartphone,2,33670,0.05,63973.0,56542.92,7430.08,Credit Card
ORD102620,2025-05-14,CUST-01862,Consumer,West,Nagpur,Electronics,Bluetooth Speaker,1,1290,0.05,1225.5,705.89,519.61,Credit Card
ORD102621,2025-05-14,CUST-00726,Small Business,West,Ahmedabad,Home & Kitchen,Ceiling Fan,2,1320,0.1,2376.0,1667.75,708.25,Debit Card
ORD102622,2025-05-14,CUST-02482,Consumer,West,Ahmedabad,Fashion,Running Shoes,2,1800,0.1,3240.0,1800.08,1439.92,Net Banking
ORD102623,2025-05-14,CUST-00988,Consumer,North,Dehradun,Electronics,Power Bank,2,1290,0.1,2322.0,1251.2,1070.8,UPI
ORD102624,2025-05-14,CUST-01834,Corporate,Central,Jabalpur,Office,Whiteboard,3,2240,0.05,6384.0,3775.54,2608.46,Credit Card
ORD102625,2025-05-14,CUST-00296,Consumer,South,Chennai,Home & Kitchen,Pressure Cooker,1,1010,0.05,959.5,577.44,382.06,UPI
ORD102626,2025-05-14,CUST-02567,Consumer,West,Mumbai,Electronics,Smartphone,1,17520,0.05,16644.0,14622.09,2021.91,Cash on Delivery
ORD102627,2025-05-14,CUST-03044,Small Business,South,Kochi,Fashion,Denim Jeans,4,3030,0.1,10908.0,5513.99,5394.01,UPI
ORD102628,2025-05-14,CUST-00326,Consumer,North,Delhi,Fashion,Denim Jeans,3,1010,0.1,2727.0,1309.93,1417.07,Cash on Delivery
ORD102629,2025-05-14,CUST-02347,Corporate,South,Chennai,Home & Kitchen,Mixer Grinder,2,2500,0.05,4750.0,3141.41,1608.59,Cash on Delivery
ORD102630,2025-05-14,CUST-02732,Corporate,North,Delhi,Home & Kitchen,Mixer Grinder,3,2560,0.1,6912.0,4499.65,2412.35,UPI
ORD102631,2025-05-15,CUST-00362,Small Business,South,Chennai,Fashion,Women's Kurti,2,2260,0.1,4068.0,1366.26,2701.74,UPI
ORD102632,2025-05-15,CUST-00799,Consumer,North,Delhi,Office,Whiteboard,3,2230,0.05,6355.5,3614.24,2741.26,UPI
ORD102633,2025-05-15,CUST-01207,Consumer,North,Chandigarh,Office,Desk Lamp,2,1300,0.05,2470.0,1385.76,1084.24,UPI
ORD102634,2025-05-15,CUST-02662,Consumer,South,Coimbatore,Fashion,Women's Kurti,3,2300,0.1,6210.0,3255.57,2954.43,Cash on Delivery
ORD102635,2025-05-15,CUST-01563,Small Business,North,Delhi,Office,Laptop Bag,1,1730,0.05,1643.5,862.41,781.09,Debit Card
ORD102636,2025-05-15,CUST-00439,Small Business,South,Chennai,Electronics,Smartwatch,1,6880,0.05,6536.0,4363.6,2172.4,Debit Card
ORD102637,2025-05-15,CUST-00836,Consumer,North,Lucknow,Electronics,Bluetooth Speaker,1,3000,0.1,2700.0,1865.42,834.58,Not Specified
ORD102638,2025-05-15,CUST-01472,Consumer,West,Pune,Electronics,Smartwatch,2,4940,0.05,9386.0,6130.3,3255.7,UPI
ORD102639,2025-05-15,CUST-00117,Small Business,East,Kolkata,Electronics,LED Television,2,22060,0.05,41914.0,33325.08,8588.92,Debit Card
ORD102640,2025-05-15,CUST-02015,Consumer,West,Pune,Fashion,Winter Jacket,5,1650,0.1,7425.0,4228.52,3196.48,UPI
ORD102641,2025-05-15,CUST-00081,Consumer,East,Patna,Office,Printer,2,7110,0.05,13509.0,11336.5,2172.5,UPI
ORD102642,2025-05-15,CUST-02494,Consumer,West,Ahmedabad,Home & Kitchen,Mixer Grinder,2,2440,0.1,4392.0,2691.67,1700.33,Cash on Delivery
ORD102643,2025-05-15,CUST-02358,Consumer,East,Bhubaneswar,Home & Kitchen,Water Purifier,3,18100,0.1,48870.0,36752.9,12117.1,UPI
ORD102644,2025-05-15,CUST-02748,Consumer,North,Jaipur,Home & Kitchen,Microwave Oven,4,5830,0.1,20988.0,15450.25,5537.75,UPI
ORD102645,2025-05-15,CUST-00503,Small Business,East,Ranchi,Home & Kitchen,Mixer Grinder,3,6150,0.1,16605.0,11974.42,4630.58,Cash on Delivery
ORD102646,2025-05-15,CUST-01913,Small Business,South,Kochi,Office,Stationery Kit,1,980,0.05,931.0,402.07,528.93,UPI
ORD102647,2025-05-15,CUST-02494,Consumer,West,Ahmedabad,Office,Study Table,2,6130,0.05,11647.0,6841.99,4805.01,Cash on Delivery
ORD102648,2025-05-15,CUST-01614,Consumer,North,Lucknow,Electronics,Bluetooth Speaker,1,3070,0.1,2763.0,1872.4,890.6,Credit Card
ORD102649,2025-05-15,CUST-00409,Small Business,Central,Jabalpur,Office,Laptop Bag,2,3060,0.05,5814.0,2940.5,2873.5,Debit Card
ORD102650,2025-05-15,CUST-00340,Small Business,West,Pune,Fashion,Handbag,1,2020,0.1,1818.0,885.45,932.55,Credit Card
ORD102651,2025-05-15,CUST-01927,Consumer,West,Pune,Electronics,Smartphone,2,25170,0.05,47823.0,42918.98,4904.02,EMI
ORD102652,2025-05-15,CUST-01581,Small Business,South,Chennai,Fashion,Winter Jacket,3,5020,0.1,13554.0,7458.08,6095.92,UPI
ORD102653,2025-05-15,CUST-02937,Small Business,North,Jaipur,Office,Printer,2,19410,0.05,36879.0,29450.37,7428.63,UPI
ORD102654,2025-05-15,CUST-02655,Corporate,West,Ahmedabad,Electronics,Smartphone,2,9210,0.05,17499.0,15357.13,2141.87,Credit Card
ORD102655,2025-05-16,CUST-02323,Small Business,North,Dehradun,Office,Office Chair,4,20500,0.05,77900.0,45920.04,31979.96,Credit Card
ORD102656,2025-05-16,CUST-03139,Consumer,West,Mumbai,Office,Printer,3,4880,0.05,13908.0,10006.91,3901.09,Credit Card
ORD102657,2025-05-16,CUST-02233,Consumer,North,Jaipur,Electronics,Bluetooth Speaker,1,4110,0.1,3699.0,2157.31,1541.69,Credit Card
ORD102658,2025-05-16,CUST-00321,Small Business,North,Dehradun,Electronics,Power Bank,1,1830,0.1,1647.0,980.45,666.55,Credit Card
ORD102659,2025-05-16,CUST-00263,Consumer,South,Kochi,Electronics,Tablet,1,29700,0.05,28215.0,24552.04,3662.96,UPI
ORD102660,2025-05-16,CUST-02601,Consumer,Central,Bhopal,Office,Stationery Kit,1,1020,0.05,969.0,507.4,461.6,UPI
ORD102661,2025-05-16,CUST-01111,Consumer,South,Kochi,Fashion,Wrist Watch,5,1700,0.1,7650.0,4134.91,3515.09,Credit Card
ORD102662,2025-05-16,CUST-02918,Corporate,West,Pune,Electronics,Power Bank,1,2970,0.05,2821.5,1445.12,1376.38,EMI
ORD102663,2025-05-16,CUST-00384,Consumer,South,Kochi,Electronics,LED Television,3,29620,0.05,84417.0,75059.38,9357.62,Credit Card
ORD102664,2025-05-16,CUST-00639,Consumer,North,Chandigarh,Office,File Organizer,1,780,0.05,741.0,362.02,378.98,Debit Card
ORD102665,2025-05-16,CUST-02475,Consumer,North,Delhi,Fashion,Running Shoes,2,3570,0.1,6426.0,3468.65,2957.35,Debit Card
ORD102666,2025-05-16,CUST-02690,Consumer,West,Pune,Fashion,Running Shoes,5,1790,0.1,8055.0,4836.94,3218.06,Credit Card
ORD102667,2025-05-16,CUST-02752,Consumer,North,Delhi,Fashion,Men's T-Shirt,2,2380,0.1,4284.0,1917.53,2366.47,Debit Card
ORD102668,2025-05-16,CUST-00340,Small Business,West,Pune,Home & Kitchen,Pressure Cooker,2,1020,0.1,1836.0,1262.13,573.87,UPI
ORD102669,2025-05-16,CUST-01174,Corporate,East,Patna,Fashion,Winter Jacket,5,2330,0.1,10485.0,4546.23,5938.77,Cash on Delivery
ORD102670,2025-05-16,CUST-02078,Small Business,North,Chandigarh,Office,Desk Lamp,4,1790,0.05,6802.0,3632.9,3169.1,Credit Card
ORD102671,2025-05-16,CUST-02906,Consumer,West,Nagpur,Home & Kitchen,Ceiling Fan,2,2160,0.1,3888.0,2858.36,1029.64,UPI
ORD102672,2025-05-16,CUST-00782,Small Business,Central,Bhopal,Electronics,Smartwatch,1,10180,0.05,9671.0,6119.53,3551.47,Debit Card
ORD102673,2025-05-16,CUST-01904,Small Business,West,Ahmedabad,Electronics,Power Bank,1,1280,0.05,1216.0,676.86,539.14,Debit Card
ORD102674,2025-05-16,CUST-00463,Consumer,West,Ahmedabad,Electronics,Laptop,2,87340,0.05,165946.0,154135.15,11810.85,Debit Card
ORD102675,2025-05-16,CUST-02393,Small Business,South,Bengaluru,Fashion,Men's T-Shirt,3,2430,0.1,6561.0,2415.45,4145.55,Debit Card
ORD102676,2025-05-17,CUST-00397,Corporate,North,Delhi,Electronics,Smartphone,1,9030,0.1,8127.0,7714.02,412.98,Debit Card
ORD102677,2025-05-17,CUST-03200,Small Business,West,Mumbai,Electronics,Bluetooth Earbuds,3,5940,0.05,16929.0,11696.3,5232.7,UPI
ORD102678,2025-05-17,CUST-00321,Small Business,North,Dehradun,Electronics,Smartphone,2,51250,0.1,92250.0,83178.45,9071.55,Debit Card
ORD102679,2025-05-17,CUST-02203,Consumer,South,Bengaluru,Electronics,Bluetooth Earbuds,3,3880,0.05,11058.0,6650.15,4407.85,UPI
ORD102680,2025-05-17,CUST-02490,Consumer,West,Pune,Fashion,Winter Jacket,2,5040,0.1,9072.0,3965.63,5106.37,UPI
ORD102681,2025-05-17,CUST-00844,Consumer,South,Kochi,Home & Kitchen,Refrigerator,3,57630,0.05,164245.5,124291.29,39954.21,Debit Card
ORD102682,2025-05-17,CUST-00831,Consumer,South,Coimbatore,Office,Office Chair,1,10890,0.05,10345.5,6946.35,3399.15,UPI
ORD102683,2025-05-17,CUST-01889,Consumer,South,Bengaluru,Fashion,Men's T-Shirt,3,2410,0.1,6507.0,2800.53,3706.47,Debit Card
ORD102684,2025-05-17,CUST-02013,Consumer,West,Nagpur,Electronics,Power Bank,2,2350,0.05,4465.0,2140.24,2324.76,EMI
ORD102685,2025-05-17,CUST-02309,Consumer,East,Kolkata,Fashion,Men's T-Shirt,3,2370,0.1,6399.0,2726.49,3672.51,Debit Card
ORD102686,2025-05-17,CUST-01843,Consumer,South,Coimbatore,Home & Kitchen,Mixer Grinder,2,2460,0.05,4674.0,2951.77,1722.23,Debit Card
ORD102687,2025-05-17,CUST-00547,Consumer,South,Coimbatore,Home & Kitchen,Pressure Cooker,5,1450,0.05,6887.5,3713.61,3173.89,Net Banking
ORD102688,2025-05-17,CUST-02917,Small Business,South,Chennai,Home & Kitchen,Mixer Grinder,3,1850,0.05,5272.5,3403.15,1869.35,Net Banking
ORD102689,2025-05-18,CUST-00533,Consumer,East,Kolkata,Home & Kitchen,Ceiling Fan,2,2760,0.1,4968.0,3361.38,1606.62,Credit Card
ORD102690,2025-05-18,CUST-01785,Consumer,South,Kochi,Home & Kitchen,Mixer Grinder,4,3200,0.05,12160.0,7155.83,5004.17,Cash on Delivery
ORD102691,2025-05-18,CUST-02910,Corporate,West,Nagpur,Home & Kitchen,Ceiling Fan,3,3990,0.1,10773.0,6851.32,3921.68,Debit Card
ORD102692,2025-05-18,CUST-02890,Corporate,West,Mumbai,Electronics,Bluetooth Speaker,2,3920,0.05,7448.0,4097.76,3350.24,UPI
ORD102693,2025-05-18,CUST-00537,Consumer,West,Pune,Fashion,Denim Jeans,3,980,0.1,2646.0,1248.49,1397.51,Net Banking
ORD102694,2025-05-18,CUST-00782,Small Business,Central,Bhopal,Fashion,Denim Jeans,3,1870,0.1,5049.0,2088.92,2960.08,EMI
ORD102695,2025-05-18,CUST-01910,Consumer,South,Chennai,Electronics,Smartphone,1,42240,0.05,40128.0,36275.48,3852.52,Credit Card
ORD102696,2025-05-18,CUST-01026,Consumer,South,Kochi,Home & Kitchen,Water Purifier,4,11190,0.05,42522.0,27621.14,14900.86,EMI
ORD102697,2025-05-18,CUST-02345,Corporate,North,Jaipur,Office,Whiteboard,1,3310,0.05,3144.5,1772.26,1372.24,Cash on Delivery
ORD102698,2025-05-18,CUST-01636,Consumer,West,Ahmedabad,Home & Kitchen,Air Fryer,4,8390,0.1,30204.0,18776.59,11427.41,Debit Card
ORD102699,2025-05-18,CUST-00881,Small Business,West,Pune,Electronics,Power Bank,2,1830,0.05,3477.0,1742.96,1734.04,Net Banking
ORD102700,2025-05-18,CUST-01273,Consumer,Central,Jabalpur,Office,Printer,1,4980,0.05,4731.0,3461.94,1269.06,Net Banking
ORD102701,2025-05-18,CUST-02218,Consumer,North,Jaipur,Electronics,Laptop,2,57240,0.1,103032.0,92493.59,10538.41,Debit Card
ORD102702,2025-05-18,CUST-02503,Consumer,Central,Gwalior,Fashion,Formal Shirt,3,1850,0.1,4995.0,2400.16,2594.84,Debit Card
ORD102703,2025-05-18,CUST-01142,Corporate,South,Hyderabad,Home & Kitchen,Pressure Cooker,2,1520,0.05,2888.0,1722.34,1165.66,Net Banking
ORD102704,2025-05-18,CUST-00350,Corporate,South,Bengaluru,Electronics,Tablet,2,9940,0.05,18886.0,14645.61,4240.39,UPI
ORD102705,2025-05-18,CUST-01086,Small Business,West,Pune,Electronics,Smartwatch,1,13610,0.05,12929.5,9134.54,3794.96,Cash on Delivery
ORD102706,2025-05-18,CUST-02013,Consumer,West,Nagpur,Fashion,Winter Jacket,5,1680,0.1,7560.0,4518.97,3041.03,UPI
ORD102707,2025-05-19,CUST-02446,Consumer,Central,Indore,Electronics,Power Bank,1,2980,0.05,2831.0,1342.34,1488.66,Debit Card
ORD102708,2025-05-19,CUST-02800,Corporate,East,Guwahati,Electronics,LED Television,1,16210,0.05,15399.5,12455.81,2943.69,Net Banking
ORD102709,2025-05-19,CUST-03061,Consumer,East,Ranchi,Electronics,Power Bank,1,2930,0.05,2783.5,1418.05,1365.45,UPI
ORD102710,2025-05-19,CUST-01658,Consumer,South,Hyderabad,Home & Kitchen,Ceiling Fan,4,3890,0.05,14782.0,9258.31,5523.69,Credit Card
ORD102711,2025-05-19,CUST-02801,Consumer,North,Delhi,Office,Printer,1,10070,0.05,9566.5,7490.79,2075.71,Cash on Delivery
ORD102712,2025-05-19,CUST-00861,Corporate,North,Delhi,Fashion,Denim Jeans,1,980,0.1,882.0,423.23,458.77,Debit Card
ORD102713,2025-05-19,CUST-01772,Consumer,West,Mumbai,Electronics,Tablet,1,18070,0.05,17166.5,13200.82,3965.68,Cash on Delivery
ORD102714,2025-05-19,CUST-01692,Consumer,North,Chandigarh,Home & Kitchen,Ceiling Fan,3,1310,0.1,3537.0,2639.79,897.21,Debit Card
ORD102715,2025-05-19,CUST-02464,Small Business,West,Ahmedabad,Fashion,Women's Kurti,3,2230,0.1,6021.0,2353.64,3667.36,UPI
ORD102716,2025-05-19,CUST-02475,Consumer,North,Delhi,Fashion,Handbag,3,920,0.1,2484.0,1253.46,1230.54,UPI
ORD102717,2025-05-19,CUST-00950,Consumer,West,Pune,Office,Laptop Bag,2,3030,0.05,5757.0,3156.97,2600.03,Credit Card
ORD102718,2025-05-19,CUST-02820,Consumer,South,Chennai,Home & Kitchen,Pressure Cooker,4,3420,0.05,12996.0,8453.19,4542.81,Cash on Delivery
ORD102719,2025-05-19,CUST-02838,Corporate,East,Bhubaneswar,Fashion,Men's T-Shirt,4,2450,0.1,8820.0,3626.28,5193.72,UPI
ORD102720,2025-05-19,CUST-03008,Consumer,South,Coimbatore,Fashion,Women's Kurti,2,870,0.1,1566.0,746.18,819.82,Net Banking
ORD102721,2025-05-20,CUST-01438,Consumer,West,Pune,Home & Kitchen,Microwave Oven,2,16080,0.1,28944.0,22783.28,6160.72,Debit Card
ORD102722,2025-05-20,CUST-03158,Consumer,West,Nagpur,Electronics,Smartphone,2,42480,0.05,80712.0,70947.66,9764.34,EMI
ORD102723,2025-05-20,CUST-02502,Small Business,South,Chennai,Fashion,Formal Shirt,1,1950,0.1,1755.0,922.73,832.27,UPI
ORD102724,2025-05-20,CUST-02100,Small Business,West,Ahmedabad,Office,Whiteboard,3,3200,0.05,9120.0,4544.5,4575.5,Cash on Delivery
ORD102725,2025-05-20,CUST-01351,Small Business,South,Kochi,Electronics,Power Bank,2,920,0.05,1748.0,837.84,910.16,Net Banking
ORD102726,2025-05-20,CUST-02672,Consumer,West,Ahmedabad,Electronics,Power Bank,2,920,0.05,1748.0,1032.55,715.45,Cash on Delivery
ORD102727,2025-05-20,CUST-02450,Consumer,South,Chennai,Electronics,Bluetooth Speaker,2,2040,0.05,3876.0,2586.38,1289.62,Credit Card
ORD102728,2025-05-20,CUST-01858,Consumer,West,Mumbai,Fashion,Wrist Watch,5,3890,0.1,17505.0,7778.76,9726.24,Credit Card
ORD102729,2025-05-20,CUST-03195,Small Business,West,Nagpur,Electronics,Power Bank,2,2360,0.05,4484.0,2506.91,1977.09,EMI
ORD102730,2025-05-20,CUST-00810,Consumer,West,Mumbai,Fashion,Handbag,1,1430,0.1,1287.0,501.37,785.63,Debit Card
ORD102731,2025-05-20,CUST-02062,Consumer,West,Mumbai,Electronics,Smartphone,3,49950,0.05,142357.5,120567.86,21789.64,Credit Card
ORD102732,2025-05-20,CUST-00987,Consumer,North,Dehradun,Electronics,Smartwatch,1,9760,0.1,8784.0,5585.87,3198.13,UPI
ORD102733,2025-05-20,CUST-01438,Consumer,West,Pune,Home & Kitchen,Water Purifier,2,14010,0.1,25218.0,17802.95,7415.05,UPI
ORD102734,2025-05-20,CUST-01026,Consumer,South,Kochi,Fashion,Denim Jeans,5,2910,0.1,13095.0,5791.35,7303.65,Cash on Delivery
ORD102735,2025-05-20,CUST-01026,Consumer,South,Kochi,Electronics,LED Television,1,39770,0.05,37781.5,32506.97,5274.53,UPI
ORD102736,2025-05-20,CUST-01158,Small Business,North,Dehradun,Home & Kitchen,Ceiling Fan,1,1740,0.1,1566.0,1129.77,436.23,Net Banking
ORD102737,2025-05-20,CUST-00180,Consumer,West,Nagpur,Home & Kitchen,Microwave Oven,4,15690,0.1,56484.0,45577.82,10906.18,Debit Card
ORD102738,2025-05-20,CUST-00120,Corporate,East,Ranchi,Home & Kitchen,Air Fryer,3,6550,0.1,17685.0,12058.45,5626.55,Credit Card
ORD102739,2025-05-20,CUST-02329,Corporate,North,Lucknow,Home & Kitchen,Mixer Grinder,2,3380,0.1,6084.0,4446.78,1637.22,Not Specified
ORD102740,2025-05-20,CUST-00962,Small Business,Central,Jabalpur,Office,Whiteboard,3,1530,0.05,4360.5,2126.13,2234.37,UPI
ORD102741,2025-05-21,CUST-00059,Consumer,West,Nagpur,Electronics,Smartwatch,1,1980,0.05,1881.0,1379.84,501.16,UPI
ORD102742,2025-05-21,CUST-00280,Consumer,North,Chandigarh,Office,Printer,1,20430,0.05,19408.5,16278.04,3130.46,UPI
ORD102743,2025-05-21,CUST-00626,Corporate,Central,Jabalpur,Fashion,Wrist Watch,2,2470,0.1,4446.0,2170.46,2275.54,Credit Card
ORD102744,2025-05-21,CUST-00147,Corporate,South,Coimbatore,Office,Laptop Bag,4,1230,0.05,4674.0,2458.8,2215.2,UPI
ORD102745,2025-05-21,CUST-02999,Consumer,North,Dehradun,Office,Study Table,2,4380,0.05,8322.0,5593.53,2728.47,UPI
ORD102746,2025-05-21,CUST-01802,Consumer,South,Hyderabad,Office,Stationery Kit,4,290,0.05,1102.0,525.71,576.29,Net Banking
ORD102747,2025-05-21,CUST-01213,Consumer,East,Patna,Home & Kitchen,Mixer Grinder,1,4480,0.1,4032.0,2751.7,1280.3,Credit Card
ORD102748,2025-05-21,CUST-01668,Consumer,South,Bengaluru,Fashion,Formal Shirt,2,1000,0.1,1800.0,707.24,1092.76,Cash on Delivery
ORD102749,2025-05-21,CUST-00366,Small Business,Central,Gwalior,Office,File Organizer,3,610,0.05,1738.5,784.74,953.76,EMI
ORD102750,2025-05-21,CUST-02254,Consumer,West,Mumbai,Fashion,Running Shoes,3,2550,0.1,6885.0,3490.91,3394.09,Cash on Delivery
ORD102751,2025-05-21,CUST-03081,Consumer,West,Mumbai,Home & Kitchen,Water Purifier,2,18440,0.1,33192.0,23067.6,10124.4,Cash on Delivery
ORD102752,2025-05-21,CUST-00409,Small Business,Central,Jabalpur,Home & Kitchen,Refrigerator,1,21470,0.05,20396.5,15582.97,4813.53,Net Banking
ORD102753,2025-05-21,CUST-00484,Consumer,West,Surat,Home & Kitchen,Washing Machine,5,49290,0.1,221805.0,160387.36,61417.64,Debit Card
ORD102754,2025-05-21,CUST-02008,Consumer,North,Jaipur,Home & Kitchen,Pressure Cooker,2,1480,0.1,2664.0,1799.08,864.92,Debit Card
ORD102755,2025-05-21,CUST-00480,Corporate,South,Chennai,Office,Laptop Bag,2,3080,0.05,5852.0,3195.4,2656.6,Credit Card
ORD102756,2025-05-21,CUST-00396,Corporate,South,Chennai,Fashion,Denim Jeans,4,3080,0.1,11088.0,5852.42,5235.58,Cash on Delivery
ORD102757,2025-05-21,CUST-02157,Small Business,North,Jaipur,Electronics,Smartwatch,2,7110,0.1,12798.0,7984.95,4813.05,Net Banking
ORD102758,2025-05-21,CUST-01974,Corporate,West,Surat,Electronics,Tablet,1,17860,0.05,16967.0,13400.56,3566.44,Credit Card
ORD102759,2025-05-21,CUST-00712,Consumer,South,Kochi,Electronics,Tablet,1,29600,0.05,28120.0,22175.95,5944.05,UPI
ORD102760,2025-05-21,CUST-02618,Consumer,South,Chennai,Electronics,Smartwatch,2,6900,0.05,13110.0,9087.71,4022.29,UPI
ORD102761,2025-05-22,CUST-00350,Corporate,South,Bengaluru,Electronics,LED Television,1,56250,0.05,53437.5,42804.7,10632.8,Net Banking
ORD102762,2025-05-22,CUST-01021,Corporate,North,Lucknow,Office,Office Chair,4,4450,0.05,16910.0,11396.94,5513.06,UPI
ORD102763,2025-05-22,CUST-02373,Consumer,Central,Jabalpur,Home & Kitchen,Water Purifier,4,5960,0.05,22648.0,15506.23,7141.77,Credit Card
ORD102764,2025-05-22,CUST-01956,Small Business,South,Bengaluru,Office,Stationery Kit,4,700,0.05,2660.0,1043.96,1616.04,Credit Card
ORD102765,2025-05-22,CUST-01902,Small Business,South,Hyderabad,Electronics,Tablet,2,29060,0.05,55214.0,48188.57,7025.43,Net Banking
ORD102766,2025-05-22,CUST-02207,Consumer,Central,Jabalpur,Fashion,Denim Jeans,2,2470,0.1,4446.0,1786.82,2659.18,UPI
ORD102767,2025-05-22,CUST-02078,Small Business,North,Chandigarh,Home & Kitchen,Air Fryer,5,10990,0.1,49455.0,31277.24,18177.76,UPI
ORD102768,2025-05-22,CUST-02776,Consumer,West,Nagpur,Electronics,Laptop,2,84700,0.05,160930.0,141666.3,19263.7,Debit Card
ORD102769,2025-05-22,CUST-01802,Consumer,South,Hyderabad,Home & Kitchen,Microwave Oven,1,16170,0.05,15361.5,11706.48,3655.02,UPI
ORD102770,2025-05-22,CUST-01240,Consumer,West,Mumbai,Electronics,Smartwatch,1,7200,0.05,6840.0,4078.34,2761.66,Net Banking
ORD102771,2025-05-22,CUST-02451,Consumer,South,Hyderabad,Home & Kitchen,Microwave Oven,5,9730,0.05,46217.5,36313.16,9904.34,Cash on Delivery
ORD102772,2025-05-22,CUST-00849,Consumer,West,Nagpur,Home & Kitchen,Mixer Grinder,4,1770,0.1,6372.0,4683.14,1688.86,Net Banking
ORD102773,2025-05-22,CUST-02446,Consumer,Central,Indore,Office,Printer,2,20500,0.05,38950.0,32286.89,6663.11,UPI
ORD102774,2025-05-22,CUST-00935,Consumer,North,Lucknow,Electronics,LED Television,2,55540,0.1,99972.0,91990.57,7981.43,UPI
ORD102775,2025-05-22,CUST-01522,Consumer,West,Pune,Home & Kitchen,Washing Machine,5,58080,0.1,261360.0,176651.81,84708.19,Debit Card
ORD102776,2025-05-22,CUST-02374,Consumer,West,Pune,Home & Kitchen,Water Purifier,5,7980,0.1,35910.0,26828.44,9081.56,Debit Card
ORD102777,2025-05-23,CUST-02005,Consumer,West,Surat,Electronics,LED Television,1,54420,0.05,51699.0,41609.28,10089.72,UPI
ORD102778,2025-05-23,CUST-00294,Consumer,South,Bengaluru,Home & Kitchen,Refrigerator,4,58150,0.05,220970.0,161469.88,59500.12,Debit Card
ORD102779,2025-05-23,CUST-01398,Consumer,North,Delhi,Office,Desk Lamp,1,1310,0.05,1244.5,584.63,659.87,Cash on Delivery
ORD102780,2025-05-23,CUST-02587,Corporate,East,Patna,Electronics,Smartphone,2,32390,0.05,61541.0,52804.76,8736.24,Net Banking
ORD102781,2025-05-23,CUST-03195,Small Business,West,Nagpur,Electronics,Bluetooth Earbuds,1,3880,0.05,3686.0,2317.82,1368.18,UPI
ORD102782,2025-05-23,CUST-01469,Consumer,South,Coimbatore,Fashion,Handbag,3,2060,0.1,5562.0,1934.93,3627.07,Net Banking
ORD102783,2025-05-23,CUST-00294,Consumer,South,Bengaluru,Electronics,LED Television,3,15910,0.05,45343.5,36091.88,9251.62,EMI
ORD102784,2025-05-23,CUST-01128,Small Business,South,Chennai,Fashion,Women's Kurti,2,2290,0.1,4122.0,1672.73,2449.27,Credit Card
ORD102785,2025-05-23,CUST-01551,Small Business,South,Chennai,Home & Kitchen,Air Fryer,1,8490,0.05,8065.5,5007.69,3057.81,Credit Card
ORD102786,2025-05-23,CUST-00248,Consumer,West,Surat,Electronics,Smartphone,2,18030,0.05,34257.0,31537.96,2719.04,UPI
ORD102787,2025-05-23,CUST-02746,Consumer,South,Coimbatore,Fashion,Handbag,2,1410,0.1,2538.0,1032.03,1505.97,UPI
ORD102788,2025-05-23,CUST-01691,Consumer,East,Guwahati,Home & Kitchen,Mixer Grinder,2,1750,0.1,3150.0,2320.98,829.02,Debit Card
ORD102789,2025-05-23,CUST-01293,Consumer,South,Chennai,Electronics,Bluetooth Speaker,1,1980,0.05,1881.0,1204.1,676.9,Net Banking
ORD102790,2025-05-23,CUST-01224,Consumer,West,Surat,Fashion,Handbag,5,1970,0.1,8865.0,3574.05,5290.95,Debit Card
ORD102791,2025-05-23,CUST-00098,Consumer,South,Kochi,Home & Kitchen,Ceiling Fan,2,1740,0.05,3306.0,2287.01,1018.99,Debit Card
ORD102792,2025-05-23,CUST-01623,Small Business,East,Kolkata,Electronics,Tablet,3,9750,0.05,27787.5,22069.61,5717.89,Cash on Delivery
ORD102793,2025-05-23,CUST-01499,Small Business,North,Lucknow,Fashion,Formal Shirt,3,1950,0.1,5265.0,2412.79,2852.21,Credit Card
ORD102794,2025-05-24,CUST-01058,Consumer,East,Guwahati,Office,File Organizer,1,600,0.05,570.0,270.23,299.77,Net Banking
ORD102795,2025-05-24,CUST-02112,Corporate,West,Ahmedabad,Home & Kitchen,Air Fryer,2,5130,0.1,9234.0,6430.53,2803.47,Cash on Delivery
ORD102796,2025-05-24,CUST-01273,Consumer,Central,Jabalpur,Electronics,Power Bank,2,1850,0.05,3515.0,1728.37,1786.63,Debit Card
ORD102797,2025-05-24,CUST-01815,Small Business,West,Mumbai,Electronics,Tablet,1,22640,0.05,21508.0,17042.15,4465.85,UPI
ORD102798,2025-05-24,CUST-02817,Consumer,North,Delhi,Home & Kitchen,Pressure Cooker,5,2760,0.1,12420.0,7723.68,4696.32,EMI
ORD102799,2025-05-24,CUST-01119,Consumer,North,Jaipur,Home & Kitchen,Pressure Cooker,5,1020,0.1,4590.0,2952.5,1637.5,UPI
ORD102800,2025-05-24,CUST-01227,Consumer,South,Coimbatore,Office,Desk Lamp,3,1780,0.05,5073.0,2555.93,2517.07,UPI
ORD102801,2025-05-24,CUST-02750,Consumer,South,Hyderabad,Office,Printer,1,19580,0.05,18601.0,13416.66,5184.34,Credit Card
ORD102802,2025-05-24,CUST-01101,Small Business,West,Mumbai,Home & Kitchen,Ceiling Fan,3,2160,0.1,5832.0,3883.52,1948.48,UPI
ORD102803,2025-05-24,CUST-01374,Consumer,West,Ahmedabad,Electronics,Bluetooth Speaker,1,2000,0.05,1900.0,1180.43,719.57,UPI
ORD102804,2025-05-24,CUST-02543,Small Business,South,Chennai,Office,Whiteboard,1,1480,0.05,1406.0,784.05,621.95,EMI
ORD102805,2025-05-24,CUST-01878,Consumer,East,Patna,Fashion,Handbag,2,2060,0.1,3708.0,1593.46,2114.54,Debit Card
ORD102806,2025-05-24,CUST-02951,Small Business,West,Mumbai,Electronics,Smartwatch,2,5150,0.05,9785.0,7185.51,2599.49,Cash on Delivery
ORD102807,2025-05-24,CUST-01486,Small Business,North,Chandigarh,Fashion,Winter Jacket,3,4870,0.1,13149.0,7522.06,5626.94,Net Banking
ORD102808,2025-05-24,CUST-01517,Consumer,West,Surat,Home & Kitchen,Water Purifier,4,7890,0.1,28404.0,21971.46,6432.54,Credit Card
ORD102809,2025-05-24,CUST-00131,Consumer,North,Lucknow,Electronics,Power Bank,3,2330,0.1,6291.0,3849.49,2441.51,EMI
ORD102810,2025-05-24,CUST-00634,Consumer,West,Pune,Home & Kitchen,Water Purifier,2,14180,0.1,25524.0,16818.84,8705.16,UPI
ORD102811,2025-05-24,CUST-01694,Consumer,East,Kolkata,Home & Kitchen,Air Fryer,2,11280,0.1,20304.0,13771.75,6532.25,Debit Card
ORD102812,2025-05-24,CUST-00595,Consumer,West,Ahmedabad,Electronics,Bluetooth Earbuds,1,2980,0.05,2831.0,1663.77,1167.23,Credit Card
ORD102813,2025-05-24,CUST-01426,Small Business,West,Ahmedabad,Office,Desk Lamp,3,610,0.05,1738.5,941.52,796.98,Debit Card
ORD102814,2025-05-25,CUST-00945,Consumer,East,Ranchi,Fashion,Women's Kurti,3,870,0.1,2349.0,1045.19,1303.81,Cash on Delivery
ORD102815,2025-05-25,CUST-00059,Consumer,West,Nagpur,Home & Kitchen,Washing Machine,2,60170,0.1,108306.0,80304.75,28001.25,UPI
ORD102816,2025-05-25,CUST-01499,Small Business,North,Lucknow,Electronics,LED Television,1,55380,0.1,49842.0,45526.07,4315.93,Debit Card
ORD102817,2025-05-25,CUST-02077,Consumer,North,Lucknow,Fashion,Denim Jeans,3,2450,0.1,6615.0,2899.03,3715.97,Credit Card
ORD102818,2025-05-25,CUST-01026,Consumer,South,Kochi,Electronics,Smartphone,3,41820,0.05,119187.0,103559.64,15627.36,Debit Card
ORD102819,2025-05-25,CUST-02489,Consumer,South,Coimbatore,Electronics,Bluetooth Earbuds,2,1990,0.05,3781.0,2338.94,1442.06,UPI
ORD102820,2025-05-25,CUST-00472,Consumer,West,Ahmedabad,Office,Whiteboard,2,1490,0.05,2831.0,1537.16,1293.84,UPI
ORD102821,2025-05-25,CUST-00318,Consumer,West,Ahmedabad,Electronics,Laptop,2,32760,0.05,62244.0,54724.23,7519.77,UPI
ORD102822,2025-05-25,CUST-02956,Consumer,West,Ahmedabad,Fashion,Men's T-Shirt,4,2410,0.1,8676.0,3806.57,4869.43,Credit Card
ORD102823,2025-05-25,CUST-02911,Corporate,North,Delhi,Electronics,Laptop,3,68380,0.1,184626.0,172594.47,12031.53,Debit Card
ORD102824,2025-05-25,CUST-01257,Small Business,South,Hyderabad,Home & Kitchen,Mixer Grinder,3,1810,0.05,5158.5,3586.04,1572.46,UPI
ORD102825,2025-05-25,CUST-01308,Consumer,Central,Bhopal,Electronics,Tablet,3,10110,0.05,28813.5,23631.47,5182.03,Net Banking
ORD102826,2025-05-25,CUST-02703,Small Business,West,Pune,Electronics,Bluetooth Earbuds,3,6050,0.05,17242.5,11498.14,5744.36,Net Banking
ORD102827,2025-05-25,CUST-01659,Corporate,West,Mumbai,Fashion,Winter Jacket,1,2280,0.1,2052.0,1214.05,837.95,Debit Card
ORD102828,2025-05-25,CUST-00384,Consumer,South,Kochi,Fashion,Wrist Watch,2,1710,0.1,3078.0,1560.15,1517.85,Net Banking
ORD102829,2025-05-25,CUST-00372,Corporate,North,Delhi,Electronics,LED Television,2,15820,0.1,28476.0,24380.52,4095.48,UPI
ORD102830,2025-05-26,CUST-00411,Consumer,South,Chennai,Home & Kitchen,Water Purifier,5,5920,0.05,28120.0,18060.3,10059.7,Cash on Delivery
ORD102831,2025-05-26,CUST-02494,Consumer,West,Ahmedabad,Home & Kitchen,Pressure Cooker,3,990,0.1,2673.0,1492.56,1180.44,Not Specified
ORD102832,2025-05-26,CUST-01911,Consumer,West,Ahmedabad,Home & Kitchen,Water Purifier,3,6120,0.1,16524.0,12129.24,4394.76,Credit Card
ORD102833,2025-05-26,CUST-00950,Consumer,West,Pune,Home & Kitchen,Microwave Oven,2,10270,0.1,18486.0,13713.72,4772.28,Debit Card
ORD102834,2025-05-26,CUST-00517,Consumer,South,Chennai,Electronics,LED Television,2,39510,0.05,75069.0,62690.85,12378.15,UPI
ORD102835,2025-05-26,CUST-00394,Consumer,South,Coimbatore,Electronics,Smartphone,3,24340,0.05,69369.0,61519.32,7849.68,UPI
ORD102836,2025-05-26,CUST-02383,Consumer,North,Dehradun,Home & Kitchen,Microwave Oven,4,15930,0.1,57348.0,44820.23,12527.77,Debit Card
ORD102837,2025-05-26,CUST-02820,Consumer,South,Chennai,Electronics,Bluetooth Speaker,3,3060,0.05,8721.0,4771.43,3949.57,UPI
ORD102838,2025-05-26,CUST-01659,Corporate,West,Mumbai,Fashion,Women's Kurti,5,590,0.1,2655.0,1342.67,1312.33,Credit Card
ORD102839,2025-05-26,CUST-02474,Consumer,North,Jaipur,Electronics,Bluetooth Speaker,2,4100,0.1,7380.0,5072.5,2307.5,Cash on Delivery
ORD102840,2025-05-26,CUST-00944,Consumer,Central,Raipur,Home & Kitchen,Air Fryer,4,6360,0.05,24168.0,16476.1,7691.9,Net Banking
ORD102841,2025-05-26,CUST-01858,Consumer,West,Mumbai,Home & Kitchen,Water Purifier,2,13820,0.1,24876.0,18752.54,6123.46,Credit Card
ORD102842,2025-05-26,CUST-01368,Small Business,West,Surat,Electronics,LED Television,2,39510,0.05,75069.0,63927.68,11141.32,Debit Card
ORD102843,2025-05-26,CUST-00302,Corporate,South,Chennai,Office,File Organizer,1,820,0.05,779.0,380.91,398.09,Cash on Delivery
ORD102844,2025-05-26,CUST-01544,Consumer,North,Dehradun,Home & Kitchen,Microwave Oven,2,6000,0.1,10800.0,8490.63,2309.37,UPI
ORD102845,2025-05-26,CUST-02688,Consumer,North,Chandigarh,Electronics,Smartphone,3,18450,0.1,49815.0,46625.57,3189.43,Credit Card
ORD102846,2025-05-26,CUST-00160,Consumer,South,Coimbatore,Office,File Organizer,4,1170,0.05,4446.0,2273.37,2172.63,UPI
ORD102847,2025-05-26,CUST-01508,Corporate,North,Jaipur,Home & Kitchen,Refrigerator,3,21030,0.1,56781.0,39916.63,16864.37,Net Banking
ORD102848,2025-05-27,CUST-02774,Corporate,North,Chandigarh,Home & Kitchen,Air Fryer,1,10990,0.1,9891.0,6347.65,3543.35,UPI
ORD102849,2025-05-27,CUST-02520,Small Business,West,Nagpur,Office,Whiteboard,1,2160,0.05,2052.0,1011.69,1040.31,Debit Card
ORD102850,2025-05-27,CUST-01563,Small Business,North,Delhi,Home & Kitchen,Washing Machine,2,57750,0.1,103950.0,74795.41,29154.59,EMI
ORD102851,2025-05-27,CUST-00542,Small Business,South,Coimbatore,Home & Kitchen,Mixer Grinder,2,2470,0.05,4693.0,2921.87,1771.13,Not Specified
ORD102852,2025-05-27,CUST-02697,Consumer,North,Delhi,Fashion,Wrist Watch,3,3990,0.1,10773.0,5834.44,4938.56,Net Banking
ORD102853,2025-05-27,CUST-00487,Consumer,South,Bengaluru,Electronics,Smartphone,2,13290,0.05,25251.0,22334.56,2916.44,Debit Card
ORD102854,2025-05-27,CUST-00926,Consumer,West,Mumbai,Home & Kitchen,Washing Machine,1,23500,0.1,21150.0,14917.08,6232.92,Debit Card
ORD102855,2025-05-27,CUST-00395,Consumer,Central,Jabalpur,Home & Kitchen,Air Fryer,1,6680,0.05,6346.0,4600.85,1745.15,UPI
ORD102856,2025-05-27,CUST-01441,Consumer,South,Chennai,Fashion,Formal Shirt,2,720,0.1,1296.0,622.12,673.88,EMI
ORD102857,2025-05-27,CUST-02010,Corporate,North,Dehradun,Home & Kitchen,Pressure Cooker,5,1970,0.1,8865.0,5196.14,3668.86,Credit Card
ORD102858,2025-05-27,CUST-02630,Consumer,North,Jaipur,Office,Stationery Kit,2,300,0.05,570.0,225.97,344.03,Debit Card
ORD102859,2025-05-27,CUST-01450,Corporate,East,Patna,Electronics,Power Bank,1,890,0.05,845.5,508.05,337.45,UPI
ORD102860,2025-05-27,CUST-03084,Corporate,South,Bengaluru,Fashion,Wrist Watch,2,3970,0.1,7146.0,3573.55,3572.45,Cash on Delivery
ORD102861,2025-05-27,CUST-01887,Consumer,West,Nagpur,Office,Laptop Bag,1,2330,0.05,2213.5,1121.75,1091.75,Credit Card
ORD102862,2025-05-27,CUST-01922,Small Business,South,Chennai,Fashion,Formal Shirt,1,1930,0.1,1737.0,671.83,1065.17,Debit Card
ORD102863,2025-05-28,CUST-00549,Consumer,West,Ahmedabad,Fashion,Denim Jeans,3,1950,0.1,5265.0,2918.53,2346.47,EMI
ORD102864,2025-05-28,CUST-00608,Consumer,West,Mumbai,Home & Kitchen,Washing Machine,3,37590,0.1,101493.0,75369.04,26123.96,UPI
ORD102865,2025-05-28,CUST-01831,Consumer,West,Pune,Electronics,Bluetooth Speaker,3,1290,0.05,3676.5,2379.79,1296.71,Debit Card
ORD102866,2025-05-28,CUST-02311,Consumer,West,Surat,Electronics,Tablet,2,29600,0.05,56240.0,43560.96,12679.04,Debit Card
ORD102867,2025-05-28,CUST-00666,Small Business,West,Surat,Electronics,Laptop,1,71830,0.05,68238.5,58725.01,9513.49,Credit Card
ORD102868,2025-05-28,CUST-01537,Corporate,North,Dehradun,Electronics,Smartwatch,1,4960,0.1,4464.0,3296.04,1167.96,Net Banking
ORD102869,2025-05-28,CUST-01091,Consumer,North,Dehradun,Fashion,Running Shoes,5,3420,0.1,15390.0,7970.68,7419.32,Cash on Delivery
ORD102870,2025-05-28,CUST-01371,Small Business,South,Kochi,Home & Kitchen,Mixer Grinder,3,6030,0.05,17185.5,10181.63,7003.87,UPI
ORD102871,2025-05-28,CUST-00726,Small Business,West,Ahmedabad,Fashion,Winter Jacket,4,2920,0.1,10512.0,4939.36,5572.64,EMI
ORD102872,2025-05-28,CUST-00451,Corporate,North,Lucknow,Home & Kitchen,Refrigerator,3,34110,0.1,92097.0,75753.85,16343.15,Net Banking
ORD102873,2025-05-28,CUST-00986,Consumer,North,Chandigarh,Electronics,Power Bank,2,2290,0.1,4122.0,2682.08,1439.92,Net Banking
ORD102874,2025-05-28,CUST-02760,Small Business,North,Dehradun,Home & Kitchen,Microwave Oven,3,9710,0.1,26217.0,20458.92,5758.08,UPI
ORD102875,2025-05-28,CUST-02559,Consumer,North,Jaipur,Home & Kitchen,Water Purifier,2,8110,0.1,14598.0,10657.22,3940.78,UPI
ORD102876,2025-05-28,CUST-00340,Small Business,West,Pune,Home & Kitchen,Ceiling Fan,1,2200,0.1,1980.0,1473.08,506.92,Credit Card
ORD102877,2025-05-28,CUST-00303,Small Business,West,Surat,Home & Kitchen,Microwave Oven,3,8150,0.1,22005.0,16175.03,5829.97,Credit Card
ORD102878,2025-05-28,CUST-01562,Consumer,South,Coimbatore,Electronics,LED Television,3,76800,0.05,218880.0,186231.7,32648.3,Credit Card
ORD102879,2025-05-28,CUST-00926,Consumer,West,Mumbai,Electronics,Bluetooth Earbuds,1,4080,0.05,3876.0,2420.95,1455.05,Credit Card
ORD102880,2025-05-28,CUST-02618,Consumer,South,Chennai,Office,Office Chair,1,4510,0.05,4284.5,2802.48,1482.02,UPI
ORD102881,2025-05-28,CUST-01544,Consumer,North,Dehradun,Electronics,Bluetooth Speaker,2,3900,0.1,7020.0,4601.25,2418.75,UPI
ORD102882,2025-05-29,CUST-02712,Corporate,South,Chennai,Office,Laptop Bag,2,1190,0.05,2261.0,983.45,1277.55,Debit Card
ORD102883,2025-05-29,CUST-00361,Consumer,South,Hyderabad,Office,Desk Lamp,2,1750,0.05,3325.0,1876.98,1448.02,UPI
ORD102884,2025-05-29,CUST-03082,Consumer,North,Jaipur,Fashion,Handbag,4,910,0.1,3276.0,1263.08,2012.92,Credit Card
ORD102885,2025-05-29,CUST-02453,Corporate,South,Chennai,Electronics,Bluetooth Earbuds,2,1300,0.05,2470.0,1646.81,823.19,UPI
ORD102886,2025-05-29,CUST-02349,Consumer,North,Jaipur,Office,Laptop Bag,1,1190,0.05,1130.5,647.39,483.11,Debit Card
ORD102887,2025-05-29,CUST-02979,Consumer,North,Chandigarh,Electronics,Laptop,1,58930,0.1,53037.0,48251.01,4785.99,Debit Card
ORD102888,2025-05-29,CUST-01485,Small Business,East,Kolkata,Fashion,Men's T-Shirt,4,810,0.1,2916.0,1026.93,1889.07,Credit Card
ORD102889,2025-05-29,CUST-00476,Corporate,West,Pune,Office,Stationery Kit,4,300,0.05,1140.0,571.83,568.17,UPI
ORD102890,2025-05-29,CUST-01579,Consumer,East,Patna,Electronics,LED Television,2,15640,0.05,29716.0,23578.64,6137.36,Credit Card
ORD102891,2025-05-29,CUST-02598,Small Business,West,Surat,Electronics,Power Bank,2,1830,0.05,3477.0,2067.53,1409.47,Credit Card
ORD102892,2025-05-29,CUST-02730,Consumer,West,Nagpur,Office,Study Table,1,13120,0.05,12464.0,7223.11,5240.89,Net Banking
ORD102893,2025-05-29,CUST-01545,Corporate,South,Coimbatore,Office,Stationery Kit,1,690,0.05,655.5,268.78,386.72,EMI
ORD102894,2025-05-29,CUST-02352,Consumer,North,Chandigarh,Fashion,Men's T-Shirt,2,2420,0.1,4356.0,1877.72,2478.28,UPI
ORD102895,2025-05-29,CUST-00800,Consumer,East,Patna,Fashion,Running Shoes,3,3520,0.1,9504.0,4707.98,4796.02,Credit Card
ORD102896,2025-05-30,CUST-00754,Consumer,North,Chandigarh,Office,Whiteboard,2,1020,0.05,1938.0,1084.78,853.22,UPI
ORD102897,2025-05-30,CUST-01858,Consumer,West,Mumbai,Electronics,LED Television,2,22530,0.05,42807.0,36132.96,6674.04,UPI
ORD102898,2025-05-30,CUST-01311,Consumer,East,Kolkata,Home & Kitchen,Washing Machine,1,59600,0.1,53640.0,39447.48,14192.52,Cash on Delivery
ORD102899,2025-05-30,CUST-00516,Consumer,South,Chennai,Electronics,Laptop,1,59710,0.05,56724.5,51010.88,5713.62,UPI
ORD102900,2025-05-30,CUST-02448,Consumer,East,Patna,Home & Kitchen,Mixer Grinder,4,6130,0.1,22068.0,16280.82,5787.18,Debit Card
ORD102901,2025-05-30,CUST-01664,Consumer,South,Coimbatore,Electronics,Smartphone,1,13370,0.05,12701.5,10467.42,2234.08,UPI
ORD102902,2025-05-30,CUST-01631,Consumer,South,Hyderabad,Home & Kitchen,Pressure Cooker,2,2760,0.05,5244.0,3266.85,1977.15,Net Banking
ORD102903,2025-05-30,CUST-00605,Corporate,West,Pune,Home & Kitchen,Ceiling Fan,1,2860,0.1,2574.0,1782.24,791.76,Credit Card
ORD102904,2025-05-30,CUST-00786,Corporate,West,Ahmedabad,Electronics,Tablet,1,17630,0.05,16748.5,13127.26,3621.24,Debit Card
ORD102905,2025-05-30,CUST-02225,Consumer,Central,Indore,Electronics,LED Television,2,16140,0.05,30666.0,25485.85,5180.15,Cash on Delivery
ORD102906,2025-05-30,CUST-02707,Consumer,North,Delhi,Fashion,Denim Jeans,1,2490,0.1,2241.0,1206.68,1034.32,Credit Card
ORD102907,2025-05-30,CUST-00552,Consumer,North,Chandigarh,Office,Desk Lamp,1,920,0.05,874.0,440.57,433.43,UPI
ORD102908,2025-05-30,CUST-02587,Corporate,East,Patna,Home & Kitchen,Microwave Oven,4,6140,0.1,22104.0,17316.3,4787.7,UPI
ORD102909,2025-05-30,CUST-02516,Small Business,South,Hyderabad,Office,Desk Lamp,4,610,0.05,2318.0,1109.72,1208.28,Credit Card
ORD102910,2025-05-31,CUST-02598,Small Business,West,Surat,Fashion,Wrist Watch,1,5930,0.1,5337.0,2329.71,3007.29,Credit Card
ORD102911,2025-05-31,CUST-01843,Consumer,South,Coimbatore,Home & Kitchen,Washing Machine,4,19480,0.05,74024.0,47688.06,26335.94,UPI
ORD102912,2025-05-31,CUST-01084,Corporate,West,Nagpur,Fashion,Running Shoes,1,5120,0.1,4608.0,2194.33,2413.67,Cash on Delivery
ORD102913,2025-05-31,CUST-02469,Consumer,Central,Indore,Fashion,Women's Kurti,2,890,0.1,1602.0,570.17,1031.83,UPI
ORD102914,2025-05-31,CUST-01521,Consumer,West,Pune,Home & Kitchen,Pressure Cooker,5,2780,0.1,12510.0,7210.27,5299.73,UPI
ORD102915,2025-05-31,CUST-00725,Corporate,West,Pune,Electronics,LED Television,1,56600,0.05,53770.0,43785.84,9984.16,UPI
ORD102916,2025-05-31,CUST-01243,Corporate,North,Jaipur,Home & Kitchen,Refrigerator,2,34380,0.1,61884.0,43874.04,18009.96,UPI
ORD102917,2025-05-31,CUST-01438,Consumer,West,Pune,Home & Kitchen,Washing Machine,3,29370,0.1,79299.0,63339.35,15959.65,UPI
ORD102918,2025-05-31,CUST-01602,Consumer,West,Pune,Fashion,Women's Kurti,2,580,0.1,1044.0,380.45,663.55,UPI
ORD102919,2025-05-31,CUST-02855,Consumer,North,Jaipur,Fashion,Denim Jeans,4,2500,0.1,9000.0,3619.48,5380.52,UPI
ORD102920,2025-05-31,CUST-01273,Consumer,Central,Jabalpur,Fashion,Winter Jacket,5,2280,0.1,10260.0,6158.51,4101.49,Net Banking
ORD102921,2025-05-31,CUST-00950,Consumer,West,Pune,Electronics,LED Television,2,39750,0.05,75525.0,66109.94,9415.06,Debit Card
ORD102922,2025-05-31,CUST-03064,Consumer,West,Surat,Home & Kitchen,Mixer Grinder,3,2530,0.1,6831.0,4784.84,2046.16,Credit Card
ORD102923,2025-05-31,CUST-00786,Corporate,West,Ahmedabad,Electronics,LED Television,1,15570,0.05,14791.5,11939.86,2851.64,Credit Card
ORD102924,2025-05-31,CUST-00035,Consumer,West,Surat,Fashion,Winter Jacket,5,1660,0.1,7470.0,4519.37,2950.63,Credit Card
ORD102925,2025-05-31,CUST-02702,Consumer,Central,Indore,Home & Kitchen,Air Fryer,3,6380,0.05,18183.0,10587.81,7595.19,Credit Card
ORD102926,2025-05-31,CUST-03028,Small Business,Central,Bhopal,Office,Printer,1,6940,0.05,6593.0,5332.9,1260.1,Debit Card
ORD102927,2025-05-31,CUST-02192,Small Business,North,Lucknow,Fashion,Handbag,5,3960,0.1,17820.0,6980.72,10839.28,Cash on Delivery
ORD102928,2025-05-31,CUST-01261,Consumer,West,Mumbai,Office,File Organizer,1,1200,0.05,1140.0,453.07,686.93,Not Specified
ORD102929,2025-05-31,CUST-01709,Small Business,Central,Raipur,Home & Kitchen,Water Purifier,2,17720,0.05,33668.0,23530.3,10137.7,Credit Card
ORD102930,2025-05-31,CUST-02650,Consumer,South,Chennai,Office,Study Table,4,13230,0.05,50274.0,32109.09,18164.91,Net Banking
ORD102931,2025-05-31,CUST-02819,Consumer,Central,Bhopal,Fashion,Running Shoes,1,5070,0.1,4563.0,2180.4,2382.6,UPI
ORD102932,2025-05-31,CUST-00341,Small Business,West,Surat,Electronics,Bluetooth Speaker,1,2000,0.05,1900.0,1169.02,730.98,Cash on Delivery
ORD102933,2025-06-01,CUST-02756,Corporate,North,Jaipur,Home & Kitchen,Refrigerator,3,20660,0.1,55782.0,41966.8,13815.2,Debit Card
ORD102934,2025-06-01,CUST-01971,Consumer,South,Coimbatore,Office,Stationery Kit,4,1000,0.05,3800.0,1824.42,1975.58,EMI
ORD102935,2025-06-01,CUST-00099,Consumer,East,Guwahati,Office,Study Table,4,9850,0.05,37430.0,24646.22,12783.78,UPI
ORD102936,2025-06-01,CUST-00361,Consumer,South,Hyderabad,Electronics,LED Television,3,53740,0.05,153159.0,121115.76,32043.24,UPI
ORD102937,2025-06-01,CUST-00142,Consumer,North,Delhi,Electronics,Smartwatch,2,9900,0.1,17820.0,12564.65,5255.35,Debit Card
ORD102938,2025-06-01,CUST-03008,Consumer,South,Coimbatore,Electronics,Smartphone,1,41860,0.05,39767.0,36736.59,3030.41,Cash on Delivery
ORD102939,2025-06-01,CUST-01327,Consumer,West,Mumbai,Fashion,Wrist Watch,4,2450,0.1,8820.0,5266.7,3553.3,UPI
ORD102940,2025-06-01,CUST-02298,Corporate,Central,Jabalpur,Fashion,Winter Jacket,3,3050,0.1,8235.0,3990.59,4244.41,UPI
ORD102941,2025-06-01,CUST-00009,Small Business,North,Chandigarh,Home & Kitchen,Ceiling Fan,5,2150,0.1,9675.0,6936.71,2738.29,Credit Card
ORD102942,2025-06-01,CUST-02528,Consumer,South,Hyderabad,Fashion,Running Shoes,2,1320,0.1,2376.0,1385.05,990.95,UPI
ORD102943,2025-06-01,CUST-01529,Consumer,East,Bhubaneswar,Home & Kitchen,Washing Machine,2,38460,0.1,69228.0,47503.68,21724.32,Credit Card
ORD102944,2025-06-01,CUST-02917,Small Business,South,Chennai,Fashion,Denim Jeans,5,1910,0.1,8595.0,3390.88,5204.12,UPI
ORD102945,2025-06-01,CUST-01631,Consumer,South,Hyderabad,Electronics,Smartphone,1,8760,0.05,8322.0,7294.76,1027.24,UPI
ORD102946,2025-06-01,CUST-02517,Small Business,North,Dehradun,Fashion,Denim Jeans,1,2540,0.1,2286.0,900.73,1385.27,Credit Card
ORD102947,2025-06-01,CUST-02011,Consumer,North,Chandigarh,Electronics,LED Television,2,22540,0.1,40572.0,36509.7,4062.3,EMI
ORD102948,2025-06-02,CUST-01631,Consumer,South,Hyderabad,Electronics,Smartwatch,1,3430,0.05,3258.5,1891.9,1366.6,Cash on Delivery
ORD102949,2025-06-02,CUST-03008,Consumer,South,Coimbatore,Fashion,Men's T-Shirt,5,1740,0.1,7830.0,3580.8,4249.2,Cash on Delivery
ORD102950,2025-06-02,CUST-01575,Corporate,West,Ahmedabad,Electronics,Bluetooth Earbuds,1,6060,0.05,5757.0,3895.37,1861.63,Cash on Delivery
ORD102951,2025-06-02,CUST-02842,Consumer,West,Pune,Office,Stationery Kit,1,490,0.05,465.5,191.54,273.96,Net Banking
ORD102952,2025-06-02,CUST-00114,Consumer,West,Mumbai,Electronics,Power Bank,1,2290,0.05,2175.5,1312.18,863.32,Credit Card
ORD102953,2025-06-02,CUST-02105,Consumer,North,Lucknow,Fashion,Winter Jacket,4,2950,0.1,10620.0,5573.97,5046.03,Cash on Delivery
ORD102954,2025-06-02,CUST-02882,Consumer,Central,Indore,Home & Kitchen,Refrigerator,2,68760,0.05,130644.0,102074.42,28569.58,Net Banking
ORD102955,2025-06-02,CUST-02858,Small Business,West,Surat,Office,File Organizer,3,780,0.05,2223.0,909.72,1313.28,Net Banking
ORD102956,2025-06-02,CUST-01541,Consumer,South,Hyderabad,Office,Study Table,1,12850,0.05,12207.5,7699.83,4507.67,Credit Card
ORD102957,2025-06-02,CUST-01488,Consumer,Central,Jabalpur,Home & Kitchen,Pressure Cooker,5,2000,0.05,9500.0,5233.23,4266.77,Credit Card
ORD102958,2025-06-02,CUST-02581,Consumer,South,Bengaluru,Electronics,Laptop,1,71690,0.05,68105.5,63643.74,4461.76,Net Banking
ORD102959,2025-06-02,CUST-01026,Consumer,South,Kochi,Fashion,Handbag,3,3000,0.1,8100.0,3335.84,4764.16,UPI
ORD102960,2025-06-02,CUST-02964,Consumer,North,Dehradun,Home & Kitchen,Washing Machine,2,18660,0.1,33588.0,27917.7,5670.3,UPI
ORD102961,2025-06-02,CUST-00816,Corporate,North,Dehradun,Home & Kitchen,Air Fryer,2,3930,0.1,7074.0,4354.34,2719.66,UPI
ORD102962,2025-06-02,CUST-00250,Small Business,South,Hyderabad,Fashion,Denim Jeans,2,1910,0.1,3438.0,1499.69,1938.31,UPI
ORD102963,2025-06-02,CUST-02472,Consumer,South,Kochi,Office,Office Chair,2,8040,0.05,15276.0,9753.86,5522.14,UPI
ORD102964,2025-06-02,CUST-01249,Consumer,West,Nagpur,Electronics,Bluetooth Speaker,2,3070,0.05,5833.0,3353.89,2479.11,UPI
ORD102965,2025-06-03,CUST-01090,Consumer,South,Coimbatore,Fashion,Winter Jacket,2,5140,0.1,9252.0,3966.98,5285.02,UPI
ORD102966,2025-06-03,CUST-00987,Consumer,North,Dehradun,Electronics,Bluetooth Earbuds,1,5990,0.1,5391.0,3649.76,1741.24,UPI
ORD102967,2025-06-03,CUST-03133,Consumer,Central,Raipur,Electronics,Laptop,3,49580,0.05,141303.0,128491.91,12811.09,Credit Card
ORD102968,2025-06-03,CUST-01815,Small Business,West,Mumbai,Fashion,Running Shoes,2,3410,0.1,6138.0,3229.85,2908.15,UPI
ORD102969,2025-06-03,CUST-03179,Consumer,West,Surat,Electronics,Tablet,3,29750,0.05,84787.5,65371.77,19415.73,UPI
ORD102970,2025-06-03,CUST-01045,Consumer,East,Ranchi,Home & Kitchen,Washing Machine,1,48970,0.1,44073.0,35794.85,8278.15,UPI
ORD102971,2025-06-03,CUST-01285,Corporate,South,Bengaluru,Electronics,Bluetooth Speaker,1,6130,0.05,5823.5,3577.74,2245.76,EMI
ORD102972,2025-06-04,CUST-00698,Corporate,Central,Indore,Home & Kitchen,Mixer Grinder,3,4400,0.05,12540.0,8857.52,3682.48,Credit Card
ORD102973,2025-06-04,CUST-01343,Consumer,South,Hyderabad,Office,Office Chair,1,8060,0.05,7657.0,4722.53,2934.47,Not Specified
ORD102974,2025-06-04,CUST-00198,Corporate,South,Kochi,Fashion,Handbag,3,3990,0.1,10773.0,5101.05,5671.95,Net Banking
ORD102975,2025-06-04,CUST-00004,Consumer,West,Surat,Office,Laptop Bag,2,1190,0.05,2261.0,1120.99,1140.01,EMI
ORD102976,2025-06-04,CUST-01426,Small Business,West,Ahmedabad,Office,Office Chair,2,10860,0.05,20634.0,11416.89,9217.11,UPI
ORD102977,2025-06-04,CUST-02390,Small Business,Central,Bhopal,Fashion,Winter Jacket,3,2920,0.1,7884.0,3794.75,4089.25,Net Banking
ORD102978,2025-06-04,CUST-01364,Consumer,South,Hyderabad,Home & Kitchen,Ceiling Fan,4,1280,0.05,4864.0,2893.64,1970.36,UPI
ORD102979,2025-06-04,CUST-01621,Consumer,Central,Bhopal,Office,File Organizer,2,400,0.05,760.0,351.65,408.35,Debit Card
ORD102980,2025-06-04,CUST-01398,Consumer,North,Delhi,Fashion,Men's T-Shirt,4,1210,0.1,4356.0,1759.61,2596.39,UPI
ORD102981,2025-06-04,CUST-01649,Small Business,Central,Raipur,Home & Kitchen,Washing Machine,4,49910,0.05,189658.0,132884.75,56773.25,Debit Card
ORD102982,2025-06-04,CUST-02485,Consumer,West,Ahmedabad,Home & Kitchen,Washing Machine,1,24690,0.1,22221.0,16802.84,5418.16,Cash on Delivery
ORD102983,2025-06-04,CUST-02555,Consumer,East,Bhubaneswar,Home & Kitchen,Air Fryer,3,3980,0.1,10746.0,7708.0,3038.0,Credit Card
ORD102984,2025-06-04,CUST-02662,Consumer,South,Coimbatore,Home & Kitchen,Washing Machine,3,47890,0.05,136486.5,87362.14,49124.36,Net Banking
ORD102985,2025-06-04,CUST-00698,Corporate,Central,Indore,Electronics,Tablet,1,28590,0.05,27160.5,21781.24,5379.26,Debit Card
ORD102986,2025-06-05,CUST-01438,Consumer,West,Pune,Fashion,Men's T-Shirt,2,820,0.1,1476.0,586.53,889.47,Credit Card
ORD102987,2025-06-05,CUST-02648,Consumer,West,Ahmedabad,Home & Kitchen,Refrigerator,2,27820,0.1,50076.0,40437.15,9638.85,Credit Card
ORD102988,2025-06-05,CUST-02985,Consumer,South,Bengaluru,Office,Office Chair,3,4440,0.05,12654.0,6903.73,5750.27,Credit Card
ORD102989,2025-06-05,CUST-01704,Consumer,Central,Bhopal,Electronics,LED Television,2,56390,0.05,107141.0,95280.13,11860.87,UPI
ORD102990,2025-06-05,CUST-01562,Consumer,South,Coimbatore,Electronics,Tablet,2,29120,0.05,55328.0,48103.84,7224.16,Credit Card
ORD102991,2025-06-05,CUST-02451,Consumer,South,Hyderabad,Fashion,Denim Jeans,4,1400,0.1,5040.0,2578.08,2461.92,Cash on Delivery
ORD102992,2025-06-05,CUST-03178,Consumer,South,Chennai,Fashion,Men's T-Shirt,2,2370,0.1,4266.0,1639.12,2626.88,UPI
ORD102993,2025-06-05,CUST-01326,Consumer,North,Dehradun,Home & Kitchen,Microwave Oven,5,10160,0.1,45720.0,36383.76,9336.24,EMI
ORD102994,2025-06-05,CUST-00530,Consumer,East,Bhubaneswar,Fashion,Handbag,1,3890,0.1,3501.0,1357.1,2143.9,EMI
ORD102995,2025-06-05,CUST-02655,Corporate,West,Ahmedabad,Electronics,Laptop,1,47630,0.05,45248.5,38476.41,6772.09,Debit Card
ORD102996,2025-06-06,CUST-02283,Small Business,South,Coimbatore,Electronics,Smartwatch,1,14320,0.05,13604.0,8727.22,4876.78,Cash on Delivery
ORD102997,2025-06-06,CUST-00468,Consumer,East,Ranchi,Fashion,Denim Jeans,2,990,0.1,1782.0,800.85,981.15,Debit Card
ORD102998,2025-06-06,CUST-00988,Consumer,North,Dehradun,Fashion,Formal Shirt,5,1910,0.1,8595.0,3670.38,4924.62,Net Banking
ORD102999,2025-06-06,CUST-01749,Consumer,South,Coimbatore,Electronics,Bluetooth Earbuds,1,3040,0.05,2888.0,1857.44,1030.56,UPI
ORD103000,2025-06-06,CUST-02346,Corporate,North,Delhi,Fashion,Denim Jeans,1,1840,0.1,1656.0,779.66,876.34,UPI
ORD103001,2025-06-06,CUST-02494,Consumer,West,Ahmedabad,Office,Desk Lamp,2,620,0.05,1178.0,548.31,629.69,Credit Card
ORD103002,2025-06-06,CUST-00496,Consumer,West,Pune,Home & Kitchen,Microwave Oven,3,16280,0.1,43956.0,35331.7,8624.3,UPI
ORD103003,2025-06-06,CUST-00709,Corporate,North,Delhi,Home & Kitchen,Ceiling Fan,3,2170,0.1,5859.0,3782.38,2076.62,UPI
ORD103004,2025-06-06,CUST-02390,Small Business,Central,Bhopal,Electronics,Bluetooth Earbuds,2,1950,0.05,3705.0,2444.69,1260.31,UPI
ORD103005,2025-06-06,CUST-00380,Consumer,East,Guwahati,Home & Kitchen,Ceiling Fan,2,1700,0.1,3060.0,2276.69,783.31,Net Banking
ORD103006,2025-06-06,CUST-01581,Small Business,South,Chennai,Home & Kitchen,Water Purifier,4,10710,0.05,40698.0,25535.56,15162.44,Credit Card
ORD103007,2025-06-06,CUST-01720,Corporate,South,Hyderabad,Office,Laptop Bag,3,1710,0.05,4873.5,2594.26,2279.24,Net Banking
ORD103008,2025-06-06,CUST-01026,Consumer,South,Kochi,Fashion,Running Shoes,3,5030,0.1,13581.0,5762.54,7818.46,Credit Card
ORD103009,2025-06-06,CUST-02533,Consumer,South,Bengaluru,Fashion,Handbag,1,4030,0.1,3627.0,1882.72,1744.28,Net Banking
ORD103010,2025-06-07,CUST-00178,Consumer,West,Mumbai,Electronics,Tablet,2,9910,0.05,18829.0,14341.44,4487.56,UPI
ORD103011,2025-06-07,CUST-02493,Not Specified,Central,Gwalior,Fashion,Women's Kurti,1,2260,0.1,2034.0,1031.72,1002.28,EMI
ORD103012,2025-06-07,CUST-02075,Consumer,East,Patna,Home & Kitchen,Air Fryer,3,4900,0.1,13230.0,9813.53,3416.47,Debit Card
ORD103013,2025-06-07,CUST-01604,Consumer,West,Ahmedabad,Home & Kitchen,Pressure Cooker,3,1540,0.1,4158.0,2746.24,1411.76,UPI
ORD103014,2025-06-07,CUST-02769,Consumer,North,Delhi,Fashion,Denim Jeans,5,1870,0.1,8415.0,4155.53,4259.47,Credit Card
ORD103015,2025-06-07,CUST-00657,Consumer,North,Dehradun,Office,Laptop Bag,1,1230,0.05,1168.5,551.44,617.06,Cash on Delivery
ORD103016,2025-06-07,CUST-02543,Small Business,South,Chennai,Electronics,Laptop,1,60530,0.05,57503.5,53561.5,3942.0,Credit Card
ORD103017,2025-06-07,CUST-00600,Not Specified,South,Coimbatore,Fashion,Running Shoes,3,1280,0.1,3456.0,1889.28,1566.72,UPI
ORD103018,2025-06-07,CUST-03169,Small Business,North,Chandigarh,Home & Kitchen,Pressure Cooker,1,2740,0.1,2466.0,1569.7,896.3,UPI
ORD103019,2025-06-07,CUST-00102,Consumer,West,Nagpur,Home & Kitchen,Refrigerator,5,67440,0.1,303480.0,229833.97,73646.03,Cash on Delivery
ORD103020,2025-06-07,CUST-01749,Consumer,South,Coimbatore,Office,Office Chair,1,4580,0.05,4351.0,2802.89,1548.11,Credit Card
ORD103021,2025-06-07,CUST-00538,Small Business,North,Not Specified,Electronics,Laptop,1,39220,0.1,35298.0,33039.69,2258.31,Credit Card
ORD103022,2025-06-07,CUST-01261,Consumer,West,Mumbai,Office,Laptop Bag,3,1720,0.05,4902.0,2835.91,2066.09,Credit Card
ORD103023,2025-06-07,CUST-00474,Consumer,West,Mumbai,Electronics,Laptop,2,58360,0.05,110884.0,96806.78,14077.22,UPI
ORD103024,2025-06-07,CUST-00619,Corporate,South,Kochi,Fashion,Formal Shirt,3,1020,0.1,2754.0,1048.69,1705.31,UPI
ORD103025,2025-06-07,CUST-00193,Consumer,South,Coimbatore,Fashion,Women's Kurti,1,580,0.1,522.0,204.74,317.26,EMI
ORD103026,2025-06-07,CUST-00030,Consumer,West,Ahmedabad,Electronics,Bluetooth Speaker,2,1310,0.05,2489.0,1350.99,1138.01,Cash on Delivery
ORD103027,2025-06-07,CUST-02305,Corporate,West,Pune,Home & Kitchen,Air Fryer,3,4010,0.1,10827.0,8053.19,2773.81,UPI
ORD103028,2025-06-07,CUST-01426,Small Business,West,Ahmedabad,Office,Office Chair,2,4490,0.05,8531.0,5386.04,3144.96,Cash on Delivery
ORD103029,2025-06-07,CUST-00142,Consumer,North,Delhi,Home & Kitchen,Washing Machine,2,24400,0.1,43920.0,36180.28,7739.72,UPI
ORD103030,2025-06-07,CUST-02973,Corporate,East,Bhubaneswar,Electronics,Laptop,1,59850,0.05,56857.5,48183.15,8674.35,Debit Card
ORD103031,2025-06-08,CUST-02136,Consumer,East,Guwahati,Home & Kitchen,Washing Machine,2,30150,0.1,54270.0,43447.22,10822.78,UPI
ORD103032,2025-06-08,CUST-00871,Small Business,North,Jaipur,Fashion,Winter Jacket,3,2330,0.1,6291.0,3638.7,2652.3,Credit Card
ORD103033,2025-06-08,CUST-01371,Small Business,South,Kochi,Electronics,Tablet,1,13910,0.05,13214.5,11222.69,1991.81,EMI
ORD103034,2025-06-08,CUST-01550,Small Business,West,Pune,Fashion,Formal Shirt,2,1370,0.1,2466.0,1196.14,1269.86,Net Banking
ORD103035,2025-06-08,CUST-01807,Consumer,South,Kochi,Office,Stationery Kit,4,700,0.05,2660.0,1341.45,1318.55,Net Banking
ORD103036,2025-06-08,CUST-02725,Consumer,West,Surat,Fashion,Formal Shirt,3,720,0.1,1944.0,870.27,1073.73,Credit Card
ORD103037,2025-06-08,CUST-01869,Consumer,West,Ahmedabad,Electronics,Bluetooth Speaker,1,6110,0.05,5804.5,3430.25,2374.25,Debit Card
ORD103038,2025-06-08,CUST-03125,Corporate,West,Nagpur,Fashion,Men's T-Shirt,2,1220,0.1,2196.0,913.57,1282.43,UPI
ORD103039,2025-06-08,CUST-02331,Consumer,West,Ahmedabad,Electronics,Bluetooth Speaker,3,3060,0.05,8721.0,5076.61,3644.39,UPI
ORD103040,2025-06-08,CUST-03162,Small Business,North,Chandigarh,Home & Kitchen,Refrigerator,4,59780,0.1,215208.0,178849.74,36358.26,Credit Card
ORD103041,2025-06-08,CUST-01741,Corporate,West,Nagpur,Home & Kitchen,Refrigerator,1,57270,0.1,51543.0,36447.96,15095.04,Credit Card
ORD103042,2025-06-08,CUST-02188,Consumer,South,Kochi,Office,Printer,3,14420,0.05,41097.0,29934.67,11162.33,Debit Card
ORD103043,2025-06-08,CUST-02372,Consumer,East,Ranchi,Home & Kitchen,Ceiling Fan,5,4010,0.1,18045.0,11667.59,6377.41,Net Banking
ORD103044,2025-06-08,CUST-02426,Consumer,South,Hyderabad,Home & Kitchen,Refrigerator,5,43910,0.05,208572.5,160093.66,48478.84,UPI
ORD103045,2025-06-08,CUST-00077,Consumer,Central,Gwalior,Home & Kitchen,Air Fryer,2,4950,0.05,9405.0,5945.51,3459.49,UPI
ORD103046,2025-06-08,CUST-00397,Corporate,North,Delhi,Fashion,Men's T-Shirt,4,1690,0.1,6084.0,2738.52,3345.48,Credit Card
ORD103047,2025-06-08,CUST-00748,Small Business,South,Coimbatore,Fashion,Running Shoes,4,1290,0.1,4644.0,2438.3,2205.7,UPI
ORD103048,2025-06-09,CUST-00906,Consumer,West,Nagpur,Fashion,Running Shoes,1,1840,0.1,1656.0,918.17,737.83,Net Banking
ORD103049,2025-06-09,CUST-02866,Small Business,East,Bhubaneswar,Fashion,Men's T-Shirt,2,590,0.1,1062.0,403.05,658.95,Cash on Delivery
ORD103050,2025-06-09,CUST-02319,Small Business,North,Chandigarh,Electronics,Smartwatch,2,4930,0.1,8874.0,5916.84,2957.16,Credit Card
ORD103051,2025-06-09,CUST-00461,Consumer,West,Ahmedabad,Electronics,Tablet,3,29040,0.05,82764.0,63507.72,19256.28,Net Banking
ORD103052,2025-06-09,CUST-01327,Consumer,West,Mumbai,Home & Kitchen,Washing Machine,1,30860,0.1,27774.0,22423.87,5350.13,Cash on Delivery
ORD103053,2025-06-09,CUST-00786,Corporate,West,Ahmedabad,Fashion,Women's Kurti,3,1270,0.1,3429.0,1234.36,2194.64,Credit Card
ORD103054,2025-06-09,CUST-02641,Consumer,West,Nagpur,Office,Desk Lamp,2,600,0.05,1140.0,533.86,606.14,Credit Card
ORD103055,2025-06-09,CUST-02904,Consumer,North,Jaipur,Office,Office Chair,1,14640,0.05,13908.0,7438.04,6469.96,Credit Card
ORD103056,2025-06-09,CUST-00526,Consumer,West,Nagpur,Fashion,Winter Jacket,4,1670,0.1,6012.0,2549.13,3462.87,Net Banking
ORD103057,2025-06-09,CUST-01294,Consumer,West,Mumbai,Home & Kitchen,Mixer Grinder,2,3310,0.1,5958.0,3923.43,2034.57,UPI
ORD103058,2025-06-09,CUST-03024,Small Business,East,Patna,Home & Kitchen,Pressure Cooker,4,2770,0.1,9972.0,5891.32,4080.68,Credit Card
ORD103059,2025-06-09,CUST-02104,Consumer,South,Kochi,Fashion,Women's Kurti,4,590,0.1,2124.0,1008.06,1115.94,EMI
ORD103060,2025-06-09,CUST-02757,Consumer,North,Jaipur,Electronics,Laptop,1,58510,0.1,52659.0,51961.83,697.17,Cash on Delivery
ORD103061,2025-06-10,CUST-01099,Consumer,East,Kolkata,Fashion,Denim Jeans,4,2500,0.1,9000.0,4658.01,4341.99,Cash on Delivery
ORD103062,2025-06-10,CUST-00688,Small Business,North,Lucknow,Home & Kitchen,Mixer Grinder,5,1770,0.1,7965.0,4890.1,3074.9,Credit Card
ORD103063,2025-06-10,CUST-02220,Consumer,North,Dehradun,Home & Kitchen,Water Purifier,4,8150,0.1,29340.0,18287.85,11052.15,Debit Card
ORD103064,2025-06-10,CUST-00441,Corporate,West,Not Specified,Home & Kitchen,Microwave Oven,5,5990,0.1,26955.0,19902.13,7052.87,Credit Card
ORD103065,2025-06-10,CUST-02665,Consumer,South,Kochi,Electronics,Tablet,2,9840,0.05,18696.0,15282.3,3413.7,Credit Card
ORD103066,2025-06-10,CUST-02426,Consumer,South,Hyderabad,Electronics,Bluetooth Speaker,1,2940,0.05,2793.0,1627.12,1165.88,Credit Card
ORD103067,2025-06-10,CUST-00950,Consumer,West,Pune,Fashion,Women's Kurti,1,1780,0.1,1602.0,546.57,1055.43,UPI
ORD103068,2025-06-10,CUST-01581,Small Business,South,Chennai,Electronics,Smartwatch,1,3500,0.05,3325.0,2027.25,1297.75,Net Banking
ORD103069,2025-06-10,CUST-02542,Consumer,South,Coimbatore,Electronics,Bluetooth Speaker,1,3980,0.05,3781.0,2054.69,1726.31,Debit Card
ORD103070,2025-06-10,CUST-02957,Consumer,West,Pune,Electronics,Laptop,1,70380,0.05,66861.0,57459.87,9401.13,UPI
ORD103071,2025-06-10,CUST-01085,Consumer,Central,Bhopal,Home & Kitchen,Ceiling Fan,3,2220,0.05,6327.0,4020.97,2306.03,Debit Card
ORD103072,2025-06-10,CUST-02520,Small Business,West,Nagpur,Home & Kitchen,Pressure Cooker,3,1530,0.1,4131.0,2332.58,1798.42,UPI
ORD103073,2025-06-10,CUST-00622,Consumer,South,Hyderabad,Home & Kitchen,Ceiling Fan,3,4100,0.05,11685.0,7845.07,3839.93,UPI
ORD103074,2025-06-10,CUST-02860,Consumer,North,Lucknow,Electronics,Smartwatch,2,7000,0.1,12600.0,9187.58,3412.42,Cash on Delivery
ORD103075,2025-06-11,CUST-02207,Consumer,Central,Jabalpur,Home & Kitchen,Microwave Oven,3,8030,0.05,22885.5,16752.3,6133.2,Credit Card
ORD103076,2025-06-11,CUST-00485,Consumer,North,Delhi,Office,Office Chair,3,6150,0.05,17527.5,10435.59,7091.91,UPI
ORD103077,2025-06-11,CUST-02380,Corporate,South,Bengaluru,Electronics,LED Television,2,29370,0.05,55803.0,44074.44,11728.56,UPI
ORD103078,2025-06-11,CUST-02325,Corporate,South,Kochi,Fashion,Women's Kurti,2,2310,0.1,4158.0,2203.46,1954.54,Credit Card
ORD103079,2025-06-11,CUST-02389,Consumer,South,Chennai,Office,Laptop Bag,4,2330,0.05,8854.0,4462.28,4391.72,Cash on Delivery
ORD103080,2025-06-11,CUST-01055,Consumer,South,Chennai,Fashion,Formal Shirt,3,980,0.1,2646.0,1004.99,1641.01,Cash on Delivery
ORD103081,2025-06-11,CUST-02380,Corporate,South,Bengaluru,Electronics,Bluetooth Earbuds,1,1980,0.05,1881.0,1204.14,676.86,Cash on Delivery
ORD103082,2025-06-11,CUST-02629,Corporate,North,Delhi,Office,Laptop Bag,1,2330,0.05,2213.5,1066.57,1146.93,Credit Card
ORD103083,2025-06-11,CUST-01066,Consumer,West,Pune,Electronics,Power Bank,1,2360,0.05,2242.0,1331.27,910.73,Credit Card
ORD103084,2025-06-12,CUST-00674,Consumer,South,Coimbatore,Electronics,LED Television,1,56480,0.05,53656.0,46393.59,7262.41,Debit Card
ORD103085,2025-06-12,CUST-02824,Consumer,North,Dehradun,Electronics,Bluetooth Speaker,1,2960,0.1,2664.0,1730.3,933.7,Cash on Delivery
ORD103086,2025-06-12,CUST-01977,Consumer,East,Patna,Office,Desk Lamp,1,890,0.05,845.5,426.78,418.72,Net Banking
ORD103087,2025-06-12,CUST-01447,Consumer,North,Jaipur,Home & Kitchen,Mixer Grinder,5,6010,0.1,27045.0,19098.58,7946.42,EMI
ORD103088,2025-06-12,CUST-02800,Corporate,East,Guwahati,Home & Kitchen,Microwave Oven,4,5940,0.1,21384.0,15072.5,6311.5,Credit Card
ORD103089,2025-06-12,CUST-00436,Consumer,South,Kochi,Home & Kitchen,Refrigerator,2,34620,0.05,65778.0,45958.16,19819.84,Cash on Delivery
ORD103090,2025-06-12,CUST-02582,Corporate,West,Pune,Electronics,Laptop,1,32240,0.05,30628.0,25800.74,4827.26,Net Banking
ORD103091,2025-06-12,CUST-01555,Small Business,West,Ahmedabad,Fashion,Denim Jeans,3,1920,0.1,5184.0,2060.36,3123.64,UPI
ORD103092,2025-06-12,CUST-00130,Small Business,South,Hyderabad,Fashion,Formal Shirt,2,680,0.1,1224.0,528.04,695.96,Cash on Delivery
ORD103093,2025-06-12,CUST-03095,Consumer,South,Hyderabad,Home & Kitchen,Mixer Grinder,5,3290,0.05,15627.5,10057.77,5569.73,UPI
ORD103094,2025-06-12,CUST-02494,Consumer,West,Ahmedabad,Electronics,Bluetooth Speaker,1,1270,0.05,1206.5,701.48,505.02,UPI
ORD103095,2025-06-12,CUST-00705,Consumer,South,Coimbatore,Home & Kitchen,Ceiling Fan,2,1740,0.05,3306.0,2286.36,1019.64,UPI
ORD103096,2025-06-12,CUST-02917,Small Business,South,Chennai,Electronics,Laptop,1,86630,0.05,82298.5,69451.59,12846.91,Debit Card
ORD103097,2025-06-12,CUST-02958,Small Business,North,Delhi,Electronics,Bluetooth Speaker,1,5850,0.1,5265.0,3581.69,1683.31,Credit Card
ORD103098,2025-06-13,CUST-02543,Small Business,South,Chennai,Home & Kitchen,Air Fryer,1,4120,0.05,3914.0,2853.99,1060.01,Debit Card
ORD103099,2025-06-13,CUST-00397,Corporate,North,Delhi,Electronics,Bluetooth Earbuds,2,3010,0.1,5418.0,3481.4,1936.6,UPI
ORD103100,2025-06-13,CUST-00590,Consumer,South,Bengaluru,Office,Desk Lamp,1,1810,0.05,1719.5,816.38,903.12,UPI
ORD103101,2025-06-13,CUST-02425,Consumer,North,Dehradun,Home & Kitchen,Washing Machine,2,29780,0.1,53604.0,42895.87,10708.13,EMI
ORD103102,2025-06-13,CUST-02895,Corporate,East,Ranchi,Electronics,Power Bank,1,1800,0.05,1710.0,918.51,791.49,UPI
ORD103103,2025-06-13,CUST-00706,Consumer,West,Mumbai,Electronics,Laptop,2,39610,0.05,75259.0,68980.22,6278.78,UPI
ORD103104,2025-06-13,CUST-01447,Consumer,North,Jaipur,Home & Kitchen,Mixer Grinder,3,4590,0.1,12393.0,8560.06,3832.94,Cash on Delivery
ORD103105,2025-06-13,CUST-00492,Consumer,Central,Raipur,Electronics,Laptop,1,31700,0.05,30115.0,28420.15,1694.85,UPI
ORD103106,2025-06-13,CUST-01512,Small Business,North,Chandigarh,Electronics,Power Bank,2,2980,0.1,5364.0,3181.41,2182.59,UPI
ORD103107,2025-06-13,CUST-02066,Corporate,South,Coimbatore,Fashion,Women's Kurti,1,1810,0.1,1629.0,746.55,882.45,UPI
ORD103108,2025-06-13,CUST-00049,Consumer,North,Delhi,Fashion,Wrist Watch,4,5960,0.1,21456.0,12937.83,8518.17,UPI
ORD103109,2025-06-13,CUST-02067,Corporate,North,Jaipur,Fashion,Winter Jacket,4,5060,0.1,18216.0,10306.65,7909.35,UPI
ORD103110,2025-06-13,CUST-02052,Small Business,Central,Raipur,Office,Printer,2,7060,0.05,13414.0,10210.73,3203.27,Credit Card
ORD103111,2025-06-13,CUST-01428,Consumer,East,Ranchi,Home & Kitchen,Microwave Oven,5,5980,0.1,26910.0,20882.65,6027.35,UPI
ORD103112,2025-06-13,CUST-02850,Consumer,East,Kolkata,Electronics,Laptop,2,31950,0.05,60705.0,51671.82,9033.18,UPI
ORD103113,2025-06-13,CUST-00432,Consumer,North,Jaipur,Electronics,LED Television,3,39040,0.1,105408.0,93575.26,11832.74,Net Banking
ORD103114,2025-06-13,CUST-00157,Consumer,North,Delhi,Office,Printer,1,13800,0.05,13110.0,9645.48,3464.52,Net Banking
ORD103115,2025-06-14,CUST-01576,Consumer,South,Chennai,Electronics,Smartphone,1,24510,0.05,23284.5,20183.12,3101.38,UPI
ORD103116,2025-06-14,CUST-01669,Small Business,Central,Indore,Fashion,Handbag,2,900,0.1,1620.0,713.56,906.44,Debit Card
ORD103117,2025-06-14,CUST-00883,Consumer,North,Lucknow,Fashion,Men's T-Shirt,2,400,0.1,720.0,289.54,430.46,Credit Card
ORD103118,2025-06-14,CUST-03060,Corporate,South,Bengaluru,Electronics,Smartwatch,3,13910,0.05,39643.5,23542.29,16101.21,Debit Card
ORD103119,2025-06-14,CUST-00825,Consumer,Central,Gwalior,Electronics,Smartwatch,2,9740,0.05,18506.0,11581.36,6924.64,Net Banking
ORD103120,2025-06-14,CUST-00901,Consumer,South,Coimbatore,Fashion,Women's Kurti,4,610,0.1,2196.0,897.36,1298.64,Debit Card
ORD103121,2025-06-14,CUST-02582,Corporate,West,Pune,Fashion,Winter Jacket,3,1720,0.1,4644.0,2515.99,2128.01,UPI
ORD103122,2025-06-14,CUST-02915,Consumer,Central,Indore,Electronics,Smartphone,2,25240,0.05,47956.0,40021.25,7934.75,Credit Card
ORD103123,2025-06-14,CUST-01679,Small Business,South,Coimbatore,Home & Kitchen,Pressure Cooker,2,1530,0.05,2907.0,1701.31,1205.69,Net Banking
ORD103124,2025-06-14,CUST-00050,Consumer,South,Kochi,Fashion,Wrist Watch,3,1750,0.1,4725.0,1944.5,2780.5,EMI
ORD103125,2025-06-14,CUST-01089,Consumer,South,Coimbatore,Fashion,Denim Jeans,3,2930,0.1,7911.0,4204.24,3706.76,EMI
ORD103126,2025-06-14,CUST-00734,Consumer,West,Nagpur,Fashion,Men's T-Shirt,2,400,0.1,720.0,293.06,426.94,Debit Card
ORD103127,2025-06-14,CUST-01605,Small Business,West,Nagpur,Electronics,Laptop,3,49600,0.05,141360.0,124415.85,16944.15,Credit Card
ORD103128,2025-06-14,CUST-02193,Consumer,West,Mumbai,Office,Office Chair,1,8230,0.05,7818.5,4449.97,3368.53,Credit Card
ORD103129,2025-06-14,CUST-01208,Consumer,South,Coimbatore,Electronics,Smartphone,1,25030,0.05,23778.5,20176.66,3601.84,UPI
ORD103130,2025-06-14,CUST-01688,Corporate,Central,Jabalpur,Electronics,LED Television,1,15710,0.05,14924.5,13278.93,1645.57,UPI
ORD103131,2025-06-14,CUST-02446,Consumer,Central,Indore,Electronics,Smartphone,3,18280,0.05,52098.0,44239.54,7858.46,Cash on Delivery
ORD103132,2025-06-14,CUST-00794,Consumer,West,Pune,Office,Whiteboard,2,2210,0.05,4199.0,2545.73,1653.27,Credit Card
ORD103133,2025-06-15,CUST-00627,Consumer,South,Kochi,Home & Kitchen,Pressure Cooker,1,1520,0.05,1444.0,940.5,503.5,UPI
ORD103134,2025-06-15,CUST-02562,Consumer,South,Chennai,Electronics,Power Bank,2,2330,0.05,4427.0,2783.74,1643.26,UPI
ORD103135,2025-06-15,CUST-00115,Consumer,South,Chennai,Home & Kitchen,Ceiling Fan,3,3930,0.05,11200.5,6810.85,4389.65,Debit Card
ORD103136,2025-06-15,CUST-00476,Corporate,West,Pune,Home & Kitchen,Air Fryer,2,8480,0.1,15264.0,10146.89,5117.11,UPI
ORD103137,2025-06-15,CUST-00035,Consumer,West,Surat,Home & Kitchen,Ceiling Fan,3,2850,0.1,7695.0,5164.97,2530.03,Net Banking
ORD103138,2025-06-15,CUST-01761,Consumer,East,Guwahati,Office,Printer,1,10020,0.05,9519.0,7174.62,2344.38,Net Banking
ORD103139,2025-06-15,CUST-01902,Small Business,South,Hyderabad,Fashion,Winter Jacket,2,5110,0.1,9198.0,4155.9,5042.1,UPI
ORD103140,2025-06-15,CUST-01659,Corporate,West,Mumbai,Electronics,Tablet,1,28730,0.05,27293.5,21547.76,5745.74,Credit Card
ORD103141,2025-06-15,CUST-01287,Consumer,North,Lucknow,Fashion,Handbag,2,890,0.1,1602.0,617.87,984.13,UPI
ORD103142,2025-06-15,CUST-01657,Consumer,South,Bengaluru,Fashion,Winter Jacket,4,2930,0.1,10548.0,5375.48,5172.52,Cash on Delivery
ORD103143,2025-06-16,CUST-00619,Corporate,South,Kochi,Home & Kitchen,Mixer Grinder,5,1800,0.05,8550.0,5889.81,2660.19,UPI
ORD103144,2025-06-16,CUST-02627,Consumer,North,Chandigarh,Fashion,Running Shoes,2,1820,0.1,3276.0,1823.95,1452.05,UPI
ORD103145,2025-06-16,CUST-03134,Consumer,North,Chandigarh,Home & Kitchen,Microwave Oven,4,15550,0.1,55980.0,39936.42,16043.58,Debit Card
ORD103146,2025-06-16,CUST-01696,Corporate,South,Chennai,Fashion,Formal Shirt,2,720,0.1,1296.0,546.85,749.15,EMI
ORD103147,2025-06-16,CUST-01150,Consumer,West,Ahmedabad,Office,Whiteboard,2,3350,0.05,6365.0,3830.47,2534.53,Net Banking
ORD103148,2025-06-16,CUST-02527,Corporate,South,Bengaluru,Fashion,Running Shoes,3,1290,0.1,3483.0,1484.76,1998.24,Credit Card
ORD103149,2025-06-16,CUST-00618,Consumer,West,Pune,Fashion,Women's Kurti,1,610,0.1,549.0,196.5,352.5,Debit Card
ORD103150,2025-06-16,CUST-00987,Consumer,North,Dehradun,Fashion,Running Shoes,4,4930,0.1,17748.0,9596.22,8151.78,Credit Card
ORD103151,2025-06-16,CUST-02978,Consumer,West,Nagpur,Home & Kitchen,Washing Machine,2,48410,0.1,87138.0,58164.66,28973.34,Net Banking
ORD103152,2025-06-16,CUST-00589,Consumer,Central,Jabalpur,Fashion,Formal Shirt,3,700,0.1,1890.0,691.07,1198.93,UPI
ORD103153,2025-06-16,CUST-00366,Small Business,Central,Gwalior,Office,Printer,2,6990,0.05,13281.0,10330.79,2950.21,EMI
ORD103154,2025-06-16,CUST-01723,Consumer,West,Pune,Electronics,Bluetooth Earbuds,1,1330,0.05,1263.5,930.01,333.49,Debit Card
ORD103155,2025-06-16,CUST-01862,Consumer,West,Nagpur,Home & Kitchen,Pressure Cooker,3,2720,0.1,7344.0,4969.12,2374.88,Credit Card
ORD103156,2025-06-17,CUST-01893,Consumer,South,Hyderabad,Electronics,Power Bank,1,1290,0.05,1225.5,585.87,639.63,UPI
ORD103157,2025-06-17,CUST-00526,Consumer,West,Nagpur,Office,Printer,2,9900,0.05,18810.0,13673.35,5136.65,Net Banking
ORD103158,2025-06-17,CUST-02312,Consumer,North,Chandigarh,Home & Kitchen,Water Purifier,4,6180,0.1,22248.0,14568.98,7679.02,UPI
ORD103159,2025-06-17,CUST-00786,Corporate,West,Ahmedabad,Office,Printer,4,10080,0.05,38304.0,29809.05,8494.95,UPI
ORD103160,2025-06-17,CUST-03008,Consumer,South,Coimbatore,Fashion,Running Shoes,5,1840,0.1,8280.0,4132.24,4147.76,EMI
ORD103161,2025-06-17,CUST-00749,Small Business,South,Coimbatore,Electronics,Tablet,1,28770,0.05,27331.5,24386.6,2944.9,UPI
ORD103162,2025-06-17,CUST-00047,Corporate,East,Kolkata,Electronics,Bluetooth Speaker,1,2060,0.05,1957.0,1239.53,717.47,Cash on Delivery
ORD103163,2025-06-17,CUST-01798,Consumer,West,Nagpur,Home & Kitchen,Mixer Grinder,1,2450,0.1,2205.0,1429.94,775.06,Net Banking
ORD103164,2025-06-17,CUST-00657,Consumer,North,Dehradun,Home & Kitchen,Refrigerator,2,27800,0.1,50040.0,37891.5,12148.5,Credit Card
ORD103165,2025-06-17,CUST-02008,Consumer,North,Jaipur,Office,Study Table,2,5840,0.05,11096.0,6751.9,4344.1,Cash on Delivery
ORD103166,2025-06-17,CUST-00752,Consumer,North,Lucknow,Fashion,Running Shoes,2,4970,0.1,8946.0,4626.06,4319.94,Cash on Delivery
ORD103167,2025-06-17,CUST-01333,Consumer,Central,Raipur,Fashion,Denim Jeans,2,3050,0.1,5490.0,2181.06,3308.94,UPI
ORD103168,2025-06-17,CUST-00563,Consumer,South,Bengaluru,Electronics,Tablet,1,18360,0.05,17442.0,14313.14,3128.86,UPI
ORD103169,2025-06-17,CUST-01336,Consumer,South,Hyderabad,Office,Stationery Kit,1,490,0.05,465.5,232.72,232.78,Cash on Delivery
ORD103170,2025-06-17,CUST-00439,Small Business,South,Chennai,Electronics,Power Bank,1,1830,0.05,1738.5,1094.41,644.09,UPI
ORD103171,2025-06-17,CUST-01026,Consumer,South,Kochi,Fashion,Men's T-Shirt,1,1170,0.1,1053.0,370.6,682.4,UPI
ORD103172,2025-06-17,CUST-00639,Consumer,North,Chandigarh,Office,Office Chair,3,10880,0.05,31008.0,17617.68,13390.32,Not Specified
ORD103173,2025-06-18,CUST-02602,Corporate,East,Patna,Fashion,Formal Shirt,2,1920,0.1,3456.0,1469.45,1986.55,Net Banking
ORD103174,2025-06-18,CUST-02337,Consumer,South,Coimbatore,Home & Kitchen,Ceiling Fan,2,1660,0.05,3154.0,2222.31,931.69,Cash on Delivery
ORD103175,2025-06-18,CUST-00533,Consumer,East,Kolkata,Office,Printer,3,7170,0.05,20434.5,15544.04,4890.46,Debit Card
ORD103176,2025-06-18,CUST-00288,Small Business,North,Jaipur,Fashion,Women's Kurti,3,2370,0.1,6399.0,3133.21,3265.79,Cash on Delivery
ORD103177,2025-06-18,CUST-00083,Corporate,West,Pune,Electronics,Tablet,1,10140,0.05,9633.0,8098.36,1534.64,Credit Card
ORD103178,2025-06-18,CUST-00744,Consumer,West,Pune,Fashion,Denim Jeans,2,1430,0.1,2574.0,1264.21,1309.79,UPI
ORD103179,2025-06-18,CUST-01521,Consumer,West,Pune,Electronics,Tablet,1,28350,0.05,26932.5,20960.84,5971.66,UPI
ORD103180,2025-06-18,CUST-01232,Consumer,North,Lucknow,Electronics,LED Television,1,16220,0.1,14598.0,12988.42,1609.58,EMI
ORD103181,2025-06-18,CUST-03089,Consumer,West,Ahmedabad,Fashion,Denim Jeans,5,1370,0.1,6165.0,2669.59,3495.41,UPI
ORD103182,2025-06-18,CUST-02528,Consumer,South,Hyderabad,Office,Stationery Kit,2,1000,0.05,1900.0,769.96,1130.04,Debit Card
ORD103183,2025-06-18,CUST-00266,Consumer,West,Nagpur,Electronics,Power Bank,2,1770,0.05,3363.0,1904.04,1458.96,Credit Card
ORD103184,2025-06-18,CUST-00508,Consumer,South,Bengaluru,Fashion,Wrist Watch,4,1000,0.1,3600.0,1515.15,2084.85,Credit Card
ORD103185,2025-06-18,CUST-00088,Consumer,Central,Bhopal,Electronics,Bluetooth Earbuds,1,5940,0.05,5643.0,3750.83,1892.17,Credit Card
ORD103186,2025-06-19,CUST-00443,Consumer,East,Guwahati,Electronics,Tablet,3,14050,0.05,40042.5,30672.48,9370.02,UPI
ORD103187,2025-06-19,CUST-01659,Corporate,West,Mumbai,Home & Kitchen,Water Purifier,2,17740,0.1,31932.0,20736.09,11195.91,EMI
ORD103188,2025-06-19,CUST-00258,Corporate,West,Nagpur,Fashion,Handbag,3,890,0.1,2403.0,882.07,1520.93,EMI
ORD103189,2025-06-19,CUST-00191,Consumer,South,Kochi,Fashion,Running Shoes,3,1840,0.1,4968.0,2290.56,2677.44,UPI
ORD103190,2025-06-19,CUST-00384,Consumer,South,Kochi,Electronics,Bluetooth Earbuds,2,4960,0.05,9424.0,5486.14,3937.86,Not Specified
ORD103191,2025-06-19,CUST-02153,Corporate,West,Nagpur,Fashion,Formal Shirt,2,1020,0.1,1836.0,963.3,872.7,Cash on Delivery
ORD103192,2025-06-19,CUST-00051,Consumer,South,Bengaluru,Fashion,Handbag,2,1400,0.1,2520.0,1315.74,1204.26,Debit Card
ORD103193,2025-06-19,CUST-03081,Consumer,West,Mumbai,Electronics,Smartphone,2,17720,0.05,33668.0,30306.36,3361.64,Credit Card
ORD103194,2025-06-19,CUST-01169,Consumer,Central,Raipur,Office,File Organizer,4,1190,0.05,4522.0,1835.88,2686.12,Net Banking
ORD103195,2025-06-19,CUST-01026,Consumer,South,Kochi,Fashion,Denim Jeans,5,3070,0.1,13815.0,6000.37,7814.63,UPI
ORD103196,2025-06-19,CUST-01499,Small Business,North,Lucknow,Home & Kitchen,Refrigerator,2,27590,0.1,49662.0,38072.34,11589.66,Credit Card
ORD103197,2025-06-19,CUST-01621,Consumer,Central,Bhopal,Electronics,LED Television,1,21580,0.05,20501.0,17739.07,2761.93,Credit Card
ORD103198,2025-06-19,CUST-01308,Consumer,Central,Bhopal,Fashion,Handbag,3,4100,0.1,11070.0,5456.04,5613.96,UPI
ORD103199,2025-06-19,CUST-01544,Consumer,North,Dehradun,Home & Kitchen,Refrigerator,2,57740,0.1,103932.0,85697.28,18234.72,Credit Card
ORD103200,2025-06-19,CUST-01027,Consumer,South,Hyderabad,Fashion,Winter Jacket,2,4940,0.1,8892.0,4417.51,4474.49,Debit Card
ORD103201,2025-06-19,CUST-00988,Consumer,North,Dehradun,Home & Kitchen,Refrigerator,3,45030,0.1,121581.0,93054.16,28526.84,Credit Card
ORD103202,2025-06-19,CUST-00092,Consumer,North,Delhi,Electronics,Power Bank,3,910,0.1,2457.0,1390.46,1066.54,UPI
ORD103203,2025-06-19,CUST-02161,Consumer,North,Lucknow,Home & Kitchen,Water Purifier,1,6020,0.1,5418.0,3734.54,1683.46,Credit Card
ORD103204,2025-06-19,CUST-01971,Consumer,South,Coimbatore,Electronics,Tablet,3,28430,0.05,81025.5,65686.81,15338.69,Net Banking
ORD103205,2025-06-19,CUST-02153,Corporate,West,Nagpur,Home & Kitchen,Refrigerator,3,69200,0.1,186840.0,140997.19,45842.81,UPI
ORD103206,2025-06-20,CUST-02983,Small Business,South,Hyderabad,Electronics,Tablet,1,14040,0.05,13338.0,11911.44,1426.56,Credit Card
ORD103207,2025-06-20,CUST-01492,Corporate,North,Dehradun,Home & Kitchen,Ceiling Fan,5,2170,0.1,9765.0,6607.49,3157.51,Net Banking
ORD103208,2025-06-20,CUST-02805,Consumer,West,Nagpur,Fashion,Handbag,3,4010,0.1,10827.0,3930.69,6896.31,Net Banking
ORD103209,2025-06-20,CUST-01391,Small Business,South,Coimbatore,Electronics,Bluetooth Speaker,1,1270,0.05,1206.5,745.62,460.88,UPI
ORD103210,2025-06-20,CUST-01511,Consumer,South,Hyderabad,Electronics,Smartwatch,2,6990,0.05,13281.0,8812.38,4468.62,Cash on Delivery
ORD103211,2025-06-20,CUST-02026,Small Business,West,Mumbai,Home & Kitchen,Air Fryer,3,6620,0.1,17874.0,13492.55,4381.45,Credit Card
ORD103212,2025-06-20,CUST-00708,Small Business,West,Nagpur,Electronics,Smartwatch,2,2020,0.05,3838.0,2245.36,1592.64,Credit Card
ORD103213,2025-06-20,CUST-00711,Consumer,South,Coimbatore,Electronics,Bluetooth Speaker,2,3060,0.05,5814.0,3782.41,2031.59,EMI
ORD103214,2025-06-20,CUST-01604,Consumer,West,Ahmedabad,Fashion,Men's T-Shirt,3,1230,0.1,3321.0,1640.68,1680.32,UPI
ORD103215,2025-06-20,CUST-00229,Consumer,South,Coimbatore,Electronics,Tablet,1,29610,0.05,28129.5,21522.59,6606.91,Net Banking
ORD103216,2025-06-20,CUST-00779,Small Business,Central,Raipur,Fashion,Wrist Watch,2,4060,0.1,7308.0,3079.24,4228.76,Debit Card
ORD103217,2025-06-20,CUST-02529,Small Business,West,Pune,Office,Laptop Bag,1,2260,0.05,2147.0,1200.42,946.58,UPI
ORD103218,2025-06-20,CUST-01460,Small Business,West,Pune,Electronics,Smartwatch,1,14220,0.05,13509.0,9882.46,3626.54,Debit Card
ORD103219,2025-06-20,CUST-00088,Consumer,Central,Bhopal,Electronics,Bluetooth Earbuds,1,6130,0.05,5823.5,3985.49,1838.01,Debit Card
ORD103220,2025-06-20,CUST-00193,Consumer,South,Coimbatore,Fashion,Formal Shirt,5,700,0.1,3150.0,1573.55,1576.45,UPI
ORD103221,2025-06-20,CUST-02909,Consumer,East,Bhubaneswar,Electronics,Laptop,1,49920,0.05,47424.0,42271.25,5152.75,Credit Card
ORD103222,2025-06-20,CUST-03036,Consumer,North,Delhi,Fashion,Handbag,5,2040,0.1,9180.0,3403.52,5776.48,Cash on Delivery
ORD103223,2025-06-20,CUST-02057,Consumer,North,Delhi,Fashion,Running Shoes,3,1270,0.1,3429.0,2006.21,1422.79,Cash on Delivery
ORD103224,2025-06-20,CUST-00585,Consumer,East,Kolkata,Fashion,Formal Shirt,3,680,0.1,1836.0,813.33,1022.67,Credit Card
ORD103225,2025-06-20,CUST-01140,Consumer,East,Patna,Fashion,Running Shoes,2,1770,0.1,3186.0,1931.43,1254.57,UPI
ORD103226,2025-06-20,CUST-00951,Consumer,West,Nagpur,Office,File Organizer,1,780,0.05,741.0,388.31,352.69,Cash on Delivery
ORD103227,2025-06-21,CUST-02503,Consumer,Central,Gwalior,Fashion,Denim Jeans,1,2990,0.1,2691.0,1090.77,1600.23,UPI
ORD103228,2025-06-21,CUST-01686,Consumer,West,Pune,Office,Whiteboard,4,2240,0.05,8512.0,4227.83,4284.17,UPI
ORD103229,2025-06-21,CUST-02494,Consumer,West,Ahmedabad,Home & Kitchen,Pressure Cooker,3,1000,0.1,2700.0,1564.41,1135.59,Credit Card
ORD103230,2025-06-21,CUST-01110,Corporate,West,Surat,Electronics,Tablet,1,14330,0.05,13613.5,11904.67,1708.83,Cash on Delivery
ORD103231,2025-06-21,CUST-02760,Small Business,North,Dehradun,Home & Kitchen,Ceiling Fan,2,1300,0.1,2340.0,1436.37,903.63,Net Banking
ORD103232,2025-06-21,CUST-01338,Consumer,West,Nagpur,Home & Kitchen,Refrigerator,3,44670,0.1,120609.0,84402.98,36206.02,UPI
ORD103233,2025-06-21,CUST-01298,Consumer,South,Hyderabad,Office,Study Table,1,4620,0.05,4389.0,2676.37,1712.63,Credit Card
ORD103234,2025-06-21,CUST-01548,Consumer,North,Jaipur,Electronics,Smartphone,1,9020,0.1,8118.0,7427.16,690.84,UPI
ORD103235,2025-06-21,CUST-01878,Consumer,East,Patna,Electronics,LED Television,1,55710,0.05,52924.5,45158.61,7765.89,UPI
ORD103236,2025-06-21,CUST-02844,Consumer,South,Kochi,Home & Kitchen,Ceiling Fan,1,1320,0.05,1254.0,849.03,404.97,UPI
ORD103237,2025-06-21,CUST-01438,Consumer,West,Pune,Home & Kitchen,Pressure Cooker,4,2740,0.1,9864.0,5660.89,4203.11,Net Banking
ORD103238,2025-06-21,CUST-02939,Consumer,South,Bengaluru,Fashion,Women's Kurti,5,1750,0.1,7875.0,3799.83,4075.17,UPI
ORD103239,2025-06-21,CUST-01213,Consumer,East,Patna,Electronics,Laptop,1,49980,0.05,47481.0,41715.96,5765.04,Credit Card
ORD103240,2025-06-21,CUST-00989,Corporate,South,Coimbatore,Fashion,Running Shoes,2,1760,0.1,3168.0,1432.03,1735.97,Cash on Delivery
ORD103241,2025-06-21,CUST-00950,Consumer,West,Pune,Home & Kitchen,Mixer Grinder,4,6110,0.1,21996.0,13448.91,8547.09,Net Banking
ORD103242,2025-06-21,CUST-00059,Consumer,West,Nagpur,Fashion,Handbag,1,3080,0.1,2772.0,1259.29,1512.71,UPI
ORD103243,2025-06-21,CUST-02699,Consumer,West,Pune,Office,Printer,1,6940,0.05,6593.0,5458.68,1134.32,UPI
ORD103244,2025-06-21,CUST-00272,Consumer,West,Nagpur,Fashion,Denim Jeans,2,1910,0.1,3438.0,1359.63,2078.37,Credit Card
ORD103245,2025-06-21,CUST-01026,Consumer,South,Kochi,Fashion,Men's T-Shirt,5,810,0.1,3645.0,1578.67,2066.33,UPI
ORD103246,2025-06-21,CUST-00814,Consumer,South,Hyderabad,Office,Office Chair,1,6160,0.05,5852.0,3983.57,1868.43,UPI
ORD103247,2025-06-22,CUST-02390,Small Business,Central,Bhopal,Electronics,Bluetooth Speaker,2,1290,0.05,2451.0,1440.35,1010.65,Credit Card
ORD103248,2025-06-22,CUST-02946,Consumer,East,Guwahati,Home & Kitchen,Microwave Oven,3,7920,0.1,21384.0,14951.46,6432.54,Debit Card
ORD103249,2025-06-22,CUST-02604,Consumer,North,Dehradun,Home & Kitchen,Pressure Cooker,5,1010,0.1,4545.0,2832.09,1712.91,Cash on Delivery
ORD103250,2025-06-22,CUST-00986,Consumer,North,Chandigarh,Fashion,Wrist Watch,3,3890,0.1,10503.0,4280.79,6222.21,UPI
ORD103251,2025-06-22,CUST-01431,Consumer,South,Bengaluru,Fashion,Handbag,1,1380,0.1,1242.0,606.32,635.68,Credit Card
ORD103252,2025-06-22,CUST-00800,Consumer,East,Patna,Home & Kitchen,Pressure Cooker,2,2800,0.1,5040.0,2935.81,2104.19,UPI
ORD103253,2025-06-22,CUST-02917,Small Business,South,Chennai,Fashion,Winter Jacket,4,3900,0.1,14040.0,7165.8,6874.2,Debit Card
ORD103254,2025-06-22,CUST-00384,Consumer,South,Kochi,Home & Kitchen,Washing Machine,3,58070,0.05,165499.5,122399.01,43100.49,Cash on Delivery
ORD103255,2025-06-22,CUST-03023,Consumer,Central,Bhopal,Electronics,Bluetooth Earbuds,2,5900,0.05,11210.0,6809.78,4400.22,UPI
ORD103256,2025-06-22,CUST-02593,Small Business,North,Delhi,Home & Kitchen,Mixer Grinder,4,4490,0.1,16164.0,10825.57,5338.43,UPI
ORD103257,2025-06-22,CUST-02287,Small Business,West,Ahmedabad,Office,File Organizer,1,820,0.05,779.0,384.03,394.97,Net Banking
ORD103258,2025-06-22,CUST-02478,Consumer,South,Bengaluru,Fashion,Denim Jeans,2,2910,0.1,5238.0,2264.89,2973.11,Debit Card
ORD103259,2025-06-22,CUST-01026,Consumer,South,Kochi,Home & Kitchen,Pressure Cooker,2,2740,0.05,5206.0,3126.31,2079.69,EMI
ORD103260,2025-06-22,CUST-00950,Consumer,West,Pune,Home & Kitchen,Pressure Cooker,3,2050,0.1,5535.0,3615.81,1919.19,Credit Card
ORD103261,2025-06-22,CUST-01173,Consumer,North,Jaipur,Fashion,Wrist Watch,2,2550,0.1,4590.0,2075.36,2514.64,Debit Card
ORD103262,2025-06-22,CUST-00572,Consumer,East,Kolkata,Office,Stationery Kit,2,680,0.05,1292.0,613.34,678.66,UPI
ORD103263,2025-06-22,CUST-02390,Small Business,Central,Bhopal,Electronics,Smartphone,1,9040,0.05,8588.0,7549.79,1038.21,UPI
ORD103264,2025-06-22,CUST-01499,Small Business,North,Lucknow,Home & Kitchen,Air Fryer,5,6490,0.1,29205.0,18229.74,10975.26,Credit Card
ORD103265,2025-06-22,CUST-02820,Consumer,South,Chennai,Electronics,Power Bank,1,900,0.05,855.0,495.41,359.59,Debit Card
ORD103266,2025-06-22,CUST-02794,Consumer,East,Ranchi,Office,Study Table,1,9820,0.05,9329.0,5823.76,3505.24,Debit Card
ORD103267,2025-06-22,CUST-00496,Consumer,West,Pune,Fashion,Handbag,5,1990,0.1,8955.0,4398.73,4556.27,Credit Card
ORD103268,2025-06-23,CUST-00717,Consumer,East,Patna,Home & Kitchen,Air Fryer,4,4850,0.1,17460.0,12264.67,5195.33,UPI
ORD103269,2025-06-23,CUST-01273,Consumer,Central,Jabalpur,Home & Kitchen,Air Fryer,4,4090,0.05,15542.0,9922.9,5619.1,Not Specified
ORD103270,2025-06-23,CUST-00384,Consumer,South,Kochi,Office,Laptop Bag,1,2920,0.05,2774.0,1191.77,1582.23,Credit Card
ORD103271,2025-06-23,CUST-02212,Small Business,Central,Indore,Home & Kitchen,Refrigerator,1,59670,0.05,56686.5,38323.11,18363.39,UPI
ORD103272,2025-06-23,CUST-02370,Consumer,South,Bengaluru,Home & Kitchen,Ceiling Fan,4,2170,0.05,8246.0,5173.44,3072.56,Cash on Delivery
ORD103273,2025-06-23,CUST-02314,Consumer,East,Ranchi,Office,Printer,2,5140,0.05,9766.0,7708.01,2057.99,UPI
ORD103274,2025-06-23,CUST-01485,Small Business,East,Kolkata,Fashion,Formal Shirt,1,1920,0.1,1728.0,777.49,950.51,Cash on Delivery
ORD103275,2025-06-23,CUST-02676,Consumer,North,Dehradun,Home & Kitchen,Microwave Oven,4,10290,0.1,37044.0,27136.44,9907.56,Debit Card
ORD103276,2025-06-23,CUST-01927,Consumer,West,Pune,Electronics,LED Television,1,75390,0.05,71620.5,59718.27,11902.23,UPI
ORD103277,2025-06-23,CUST-03186,Consumer,North,Lucknow,Fashion,Women's Kurti,1,920,0.1,828.0,374.8,453.2,EMI
ORD103278,2025-06-23,CUST-02599,Consumer,West,Surat,Electronics,LED Television,2,30780,0.05,58482.0,46601.15,11880.85,Cash on Delivery
ORD103279,2025-06-23,CUST-02318,Corporate,West,Surat,Electronics,Tablet,1,23320,0.05,22154.0,18944.93,3209.07,Debit Card
ORD103280,2025-06-23,CUST-00394,Consumer,South,Coimbatore,Electronics,Bluetooth Speaker,2,1980,0.05,3762.0,2023.92,1738.08,Debit Card
ORD103281,2025-06-24,CUST-02651,Consumer,Central,Gwalior,Office,Laptop Bag,4,1730,0.05,6574.0,2978.3,3595.7,Credit Card
ORD103282,2025-06-24,CUST-00951,Consumer,West,Nagpur,Office,Laptop Bag,1,790,0.05,750.5,388.23,362.27,EMI
ORD103283,2025-06-24,CUST-01303,Consumer,East,Kolkata,Fashion,Running Shoes,3,5040,0.1,13608.0,7934.38,5673.62,UPI
ORD103284,2025-06-24,CUST-01457,Small Business,West,Surat,Home & Kitchen,Microwave Oven,4,16420,0.1,59112.0,41676.14,17435.86,Cash on Delivery
ORD103285,2025-06-24,CUST-01014,Small Business,West,Surat,Office,Laptop Bag,1,780,0.05,741.0,333.66,407.34,Debit Card
ORD103286,2025-06-24,CUST-00361,Consumer,South,Hyderabad,Fashion,Handbag,2,1420,0.1,2556.0,1342.97,1213.03,Credit Card
ORD103287,2025-06-24,CUST-00643,Consumer,West,Pune,Fashion,Women's Kurti,5,1760,0.1,7920.0,2822.07,5097.93,Credit Card
ORD103288,2025-06-24,CUST-02554,Consumer,North,Dehradun,Home & Kitchen,Microwave Oven,3,10270,0.1,27729.0,19265.88,8463.12,UPI
ORD103289,2025-06-24,CUST-02097,Consumer,West,Nagpur,Fashion,Winter Jacket,5,3950,0.1,17775.0,8737.45,9037.55,UPI
ORD103290,2025-06-24,CUST-02990,Consumer,South,Coimbatore,Office,Stationery Kit,2,300,0.05,570.0,264.15,305.85,Credit Card
ORD103291,2025-06-24,CUST-02614,Consumer,West,Nagpur,Fashion,Men's T-Shirt,1,1170,0.1,1053.0,367.19,685.81,Cash on Delivery
ORD103292,2025-06-24,CUST-01243,Corporate,North,Jaipur,Home & Kitchen,Water Purifier,2,5930,0.1,10674.0,6698.47,3975.53,Cash on Delivery
ORD103293,2025-06-25,CUST-02508,Consumer,West,Mumbai,Fashion,Formal Shirt,3,1920,0.1,5184.0,2685.82,2498.18,Net Banking
ORD103294,2025-06-25,CUST-01830,Small Business,South,Coimbatore,Electronics,Power Bank,1,900,0.05,855.0,457.9,397.1,EMI
ORD103295,2025-06-25,CUST-00950,Consumer,West,Pune,Electronics,Smartphone,2,42380,0.05,80522.0,66402.35,14119.65,UPI
ORD103296,2025-06-25,CUST-03108,Corporate,Central,Jabalpur,Electronics,LED Television,1,22610,0.05,21479.5,17235.6,4243.9,UPI
ORD103297,2025-06-25,CUST-02934,Consumer,North,Dehradun,Office,Stationery Kit,1,490,0.05,465.5,233.36,232.14,Credit Card
ORD103298,2025-06-25,CUST-00366,Small Business,Central,Gwalior,Electronics,Power Bank,1,2280,0.05,2166.0,1059.1,1106.9,Cash on Delivery
ORD103299,2025-06-25,CUST-02663,Small Business,South,Bengaluru,Home & Kitchen,Pressure Cooker,1,2010,0.05,1909.5,1092.33,817.17,Cash on Delivery
ORD103300,2025-06-25,CUST-00264,Consumer,North,Dehradun,Electronics,Laptop,2,49780,0.1,89604.0,82765.77,6838.23,Net Banking
ORD103301,2025-06-25,CUST-02934,Consumer,North,Dehradun,Home & Kitchen,Washing Machine,2,29940,0.1,53892.0,40889.22,13002.78,Cash on Delivery
ORD103302,2025-06-25,CUST-01987,Consumer,West,Mumbai,Home & Kitchen,Microwave Oven,5,10190,0.1,45855.0,34529.66,11325.34,Debit Card
ORD103303,2025-06-25,CUST-00533,Consumer,East,Kolkata,Fashion,Running Shoes,3,2450,0.1,6615.0,3555.22,3059.78,Debit Card
ORD103304,2025-06-25,CUST-02606,Consumer,North,Delhi,Office,Office Chair,2,4610,0.05,8759.0,5640.75,3118.25,Debit Card
ORD103305,2025-06-26,CUST-01614,Consumer,North,Lucknow,Fashion,Men's T-Shirt,5,800,0.1,3600.0,1214.85,2385.15,Credit Card
ORD103306,2025-06-26,CUST-00189,Consumer,South,Coimbatore,Fashion,Winter Jacket,3,3960,0.1,10692.0,5220.18,5471.82,Debit Card
ORD103307,2025-06-26,CUST-02539,Corporate,North,Dehradun,Fashion,Men's T-Shirt,4,1180,0.1,4248.0,1819.04,2428.96,EMI
ORD103308,2025-06-26,CUST-02516,Small Business,South,Hyderabad,Fashion,Running Shoes,3,2570,0.1,6939.0,3681.6,3257.4,Credit Card
ORD103309,2025-06-26,CUST-01529,Consumer,East,Bhubaneswar,Electronics,Laptop,2,39280,0.05,74632.0,69855.99,4776.01,Credit Card
ORD103310,2025-06-26,CUST-02346,Corporate,North,Delhi,Electronics,Laptop,1,40800,0.1,36720.0,33685.57,3034.43,UPI
ORD103311,2025-06-26,CUST-00121,Consumer,East,Guwahati,Home & Kitchen,Mixer Grinder,2,6160,0.1,11088.0,6855.07,4232.93,Not Specified
ORD103312,2025-06-26,CUST-00984,Consumer,West,Surat,Fashion,Handbag,3,1420,0.1,3834.0,1738.22,2095.78,Cash on Delivery
ORD103313,2025-06-26,CUST-02167,Small Business,South,Chennai,Home & Kitchen,Microwave Oven,2,5850,0.05,11115.0,8210.76,2904.24,EMI
ORD103314,2025-06-26,CUST-00754,Consumer,North,Chandigarh,Office,File Organizer,4,780,0.05,2964.0,1411.63,1552.37,Cash on Delivery
ORD103315,2025-06-26,CUST-01415,Consumer,East,Guwahati,Home & Kitchen,Water Purifier,1,6040,0.1,5436.0,3687.81,1748.19,Credit Card
ORD103316,2025-06-26,CUST-02945,Small Business,South,Kochi,Home & Kitchen,Washing Machine,1,59920,0.05,56924.0,37273.23,19650.77,Credit Card
ORD103317,2025-06-26,CUST-02630,Consumer,North,Jaipur,Home & Kitchen,Refrigerator,3,59010,0.1,159327.0,119657.64,39669.36,Net Banking
ORD103318,2025-06-26,CUST-01767,Consumer,East,Ranchi,Electronics,Smartwatch,2,7130,0.05,13547.0,8275.62,5271.38,Debit Card
ORD103319,2025-06-27,CUST-01832,Consumer,South,Coimbatore,Electronics,Bluetooth Earbuds,1,4100,0.05,3895.0,2292.32,1602.68,Cash on Delivery
ORD103320,2025-06-27,CUST-02821,Consumer,Central,Indore,Electronics,Bluetooth Earbuds,1,2930,0.05,2783.5,2050.02,733.48,UPI
ORD103321,2025-06-27,CUST-02742,Consumer,South,Chennai,Office,File Organizer,3,410,0.05,1168.5,554.45,614.05,Debit Card
ORD103322,2025-06-27,CUST-00307,Consumer,West,Nagpur,Office,Whiteboard,3,2240,0.05,6384.0,3171.53,3212.47,Debit Card
ORD103323,2025-06-27,CUST-01465,Small Business,West,Nagpur,Electronics,Bluetooth Earbuds,1,1330,0.05,1263.5,857.4,406.1,EMI
ORD103324,2025-06-27,CUST-00608,Consumer,West,Mumbai,Fashion,Women's Kurti,3,880,0.1,2376.0,996.16,1379.84,Cash on Delivery
ORD103325,2025-06-27,CUST-00290,Consumer,Central,Raipur,Fashion,Winter Jacket,2,2340,0.1,4212.0,2270.13,1941.87,Credit Card
ORD103326,2025-06-27,CUST-00950,Consumer,West,Pune,Fashion,Handbag,1,2040,0.1,1836.0,630.74,1205.26,UPI
ORD103327,2025-06-27,CUST-01943,Corporate,Central,Raipur,Fashion,Women's Kurti,4,1820,0.1,6552.0,3481.88,3070.12,Debit Card
ORD103328,2025-06-27,CUST-02532,Consumer,South,Coimbatore,Fashion,Denim Jeans,2,1940,0.1,3492.0,1629.5,1862.5,Credit Card
ORD103329,2025-06-27,CUST-02887,Corporate,West,Nagpur,Office,Office Chair,1,7770,0.05,7381.5,4621.22,2760.28,Debit Card
ORD103330,2025-06-27,CUST-01318,Consumer,South,Kochi,Fashion,Denim Jeans,2,1910,0.1,3438.0,1577.95,1860.05,UPI
ORD103331,2025-06-27,CUST-01314,Consumer,West,Mumbai,Home & Kitchen,Mixer Grinder,2,2520,0.1,4536.0,3051.53,1484.47,UPI
ORD103332,2025-06-27,CUST-00487,Consumer,South,Bengaluru,Home & Kitchen,Washing Machine,5,29430,0.05,139792.5,108007.79,31784.71,Net Banking
ORD103333,2025-06-27,CUST-00622,Consumer,South,Hyderabad,Fashion,Winter Jacket,3,2280,0.1,6156.0,2904.96,3251.04,Debit Card
ORD103334,2025-06-28,CUST-00341,Small Business,West,Surat,Home & Kitchen,Pressure Cooker,4,2050,0.1,7380.0,4470.45,2909.55,Credit Card
ORD103335,2025-06-28,CUST-03112,Corporate,West,Pune,Home & Kitchen,Air Fryer,1,3960,0.1,3564.0,2619.29,944.71,Credit Card
ORD103336,2025-06-28,CUST-00398,Small Business,West,Surat,Fashion,Denim Jeans,2,2560,0.1,4608.0,2359.73,2248.27,UPI
ORD103337,2025-06-28,CUST-02431,Consumer,South,Kochi,Fashion,Denim Jeans,2,1440,0.1,2592.0,1102.49,1489.51,EMI
ORD103338,2025-06-28,CUST-00983,Consumer,South,Bengaluru,Fashion,Formal Shirt,1,1000,0.1,900.0,358.23,541.77,Credit Card
ORD103339,2025-06-28,CUST-01687,Consumer,West,Mumbai,Home & Kitchen,Washing Machine,3,24720,0.1,66744.0,45479.11,21264.89,Net Banking
ORD103340,2025-06-28,CUST-02771,Small Business,West,Pune,Electronics,Bluetooth Earbuds,1,3930,0.05,3733.5,2460.49,1273.01,Credit Card
ORD103341,2025-06-29,CUST-02961,Consumer,South,Chennai,Fashion,Winter Jacket,3,2250,0.1,6075.0,3350.11,2724.89,Debit Card
ORD103342,2025-06-29,CUST-00784,Consumer,East,Bhubaneswar,Electronics,Power Bank,1,890,0.05,845.5,430.23,415.27,UPI
ORD103343,2025-06-29,CUST-02880,Corporate,North,Delhi,Electronics,Smartwatch,1,7050,0.1,6345.0,4594.87,1750.13,UPI
ORD103344,2025-06-29,CUST-00821,Consumer,Central,Bhopal,Fashion,Men's T-Shirt,3,1190,0.1,3213.0,1441.96,1771.04,Debit Card
ORD103345,2025-06-29,CUST-02558,Consumer,West,Surat,Fashion,Winter Jacket,3,2270,0.1,6129.0,2677.22,3451.78,Cash on Delivery
ORD103346,2025-06-29,CUST-00047,Corporate,East,Kolkata,Office,Office Chair,1,19880,0.05,18886.0,12034.44,6851.56,Credit Card
ORD103347,2025-06-29,CUST-01678,Consumer,East,Guwahati,Office,Whiteboard,4,2200,0.05,8360.0,4851.91,3508.09,Net Banking
ORD103348,2025-06-29,CUST-02331,Consumer,West,Ahmedabad,Home & Kitchen,Ceiling Fan,2,2150,0.1,3870.0,2405.06,1464.94,UPI
ORD103349,2025-06-30,CUST-02662,Consumer,South,Coimbatore,Fashion,Winter Jacket,2,2960,0.1,5328.0,2328.18,2999.82,Cash on Delivery
ORD103350,2025-06-30,CUST-02667,Consumer,North,Chandigarh,Fashion,Denim Jeans,3,3070,0.1,8289.0,3759.83,4529.17,UPI
ORD103351,2025-06-30,CUST-00950,Consumer,West,Pune,Office,Laptop Bag,2,3060,0.05,5814.0,3351.93,2462.07,UPI
ORD103352,2025-06-30,CUST-02714,Corporate,West,Pune,Office,Office Chair,1,14960,0.05,14212.0,8803.73,5408.27,Credit Card
ORD103353,2025-06-30,CUST-00988,Consumer,North,Dehradun,Electronics,Bluetooth Speaker,2,4060,0.1,7308.0,4312.02,2995.98,Credit Card
ORD103354,2025-06-30,CUST-00767,Corporate,West,Nagpur,Electronics,Bluetooth Speaker,1,3020,0.05,2869.0,1521.85,1347.15,UPI
ORD103355,2025-06-30,CUST-00009,Small Business,North,Chandigarh,Electronics,Power Bank,3,1300,0.1,3510.0,1898.91,1611.09,UPI
ORD103356,2025-07-01,CUST-00773,Corporate,North,Lucknow,Electronics,Bluetooth Speaker,2,3990,0.1,7182.0,4307.43,2874.57,Credit Card
ORD103357,2025-07-01,CUST-00384,Consumer,South,Kochi,Home & Kitchen,Ceiling Fan,2,3950,0.05,7505.0,4490.43,3014.57,Debit Card
ORD103358,2025-07-01,CUST-02178,Small Business,North,Dehradun,Home & Kitchen,Water Purifier,1,11040,0.1,9936.0,7418.14,2517.86,Net Banking
ORD103359,2025-07-01,CUST-00467,Consumer,East,Patna,Electronics,Laptop,3,58620,0.05,167067.0,148841.52,18225.48,Credit Card
ORD103360,2025-07-01,CUST-01858,Consumer,West,Mumbai,Home & Kitchen,Ceiling Fan,3,1280,0.1,3456.0,2580.15,875.85,Net Banking
ORD103361,2025-07-01,CUST-00396,Corporate,South,Chennai,Electronics,Bluetooth Speaker,2,1290,0.05,2451.0,1321.25,1129.75,UPI
ORD103362,2025-07-01,CUST-02266,Consumer,West,Mumbai,Office,Office Chair,4,4440,0.05,16872.0,10412.08,6459.92,Net Banking
ORD103363,2025-07-01,CUST-00950,Consumer,West,Pune,Electronics,Laptop,2,31370,0.05,59603.0,52430.16,7172.84,UPI
ORD103364,2025-07-01,CUST-00955,Consumer,East,Kolkata,Fashion,Women's Kurti,3,2330,0.1,6291.0,3312.97,2978.03,Debit Card
ORD103365,2025-07-01,CUST-02054,Small Business,South,Bengaluru,Fashion,Women's Kurti,5,610,0.1,2745.0,1315.33,1429.67,UPI
ORD103366,2025-07-01,CUST-02973,Corporate,East,Bhubaneswar,Electronics,Laptop,1,85920,0.05,81624.0,75315.36,6308.64,Cash on Delivery
ORD103367,2025-07-01,CUST-03178,Consumer,South,Chennai,Fashion,Wrist Watch,2,5900,0.1,10620.0,4378.81,6241.19,Credit Card
ORD103368,2025-07-01,CUST-01096,Consumer,North,Delhi,Fashion,Women's Kurti,1,600,0.1,540.0,229.27,310.73,Credit Card
ORD103369,2025-07-01,CUST-02999,Consumer,North,Dehradun,Fashion,Running Shoes,3,3500,0.1,9450.0,4777.96,4672.04,Credit Card
ORD103370,2025-07-01,CUST-01951,Corporate,North,Chandigarh,Electronics,Smartwatch,2,10280,0.1,18504.0,12200.64,6303.36,Cash on Delivery
ORD103371,2025-07-02,CUST-02867,Consumer,South,Chennai,Home & Kitchen,Washing Machine,2,49440,0.05,93936.0,72932.5,21003.5,UPI
ORD103372,2025-07-02,CUST-00096,Consumer,West,Ahmedabad,Home & Kitchen,Washing Machine,3,47810,0.1,129087.0,106697.52,22389.48,Net Banking
ORD103373,2025-07-02,CUST-00103,Consumer,North,Dehradun,Fashion,Winter Jacket,3,2320,0.1,6264.0,2827.17,3436.83,UPI
ORD103374,2025-07-02,CUST-00251,Consumer,South,Bengaluru,Electronics,Smartwatch,2,5070,0.05,9633.0,6141.71,3491.29,Debit Card
ORD103375,2025-07-02,CUST-02557,Consumer,West,Ahmedabad,Home & Kitchen,Microwave Oven,3,16190,0.1,43713.0,31065.63,12647.37,UPI
ORD103376,2025-07-02,CUST-00443,Consumer,East,Guwahati,Fashion,Denim Jeans,3,3080,0.1,8316.0,4036.09,4279.91,Debit Card
ORD103377,2025-07-02,CUST-00550,Small Business,East,Ranchi,Fashion,Handbag,2,2910,0.1,5238.0,1766.12,3471.88,EMI
ORD103378,2025-07-02,CUST-01858,Consumer,West,Mumbai,Home & Kitchen,Microwave Oven,2,13270,0.1,23886.0,18758.29,5127.71,Net Banking
ORD103379,2025-07-02,CUST-03038,Consumer,East,Ranchi,Electronics,LED Television,1,75250,0.05,71487.5,57166.56,14320.94,Debit Card
ORD103380,2025-07-02,CUST-01793,Corporate,South,Coimbatore,Office,Printer,3,19790,0.05,56401.5,47201.9,9199.6,Cash on Delivery
ORD103381,2025-07-02,CUST-02354,Consumer,Central,Indore,Fashion,Women's Kurti,5,610,0.1,2745.0,1100.58,1644.42,Credit Card
ORD103382,2025-07-02,CUST-00599,Corporate,North,Delhi,Office,Stationery Kit,3,700,0.05,1995.0,1007.44,987.56,UPI
ORD103383,2025-07-03,CUST-02896,Small Business,South,Chennai,Fashion,Winter Jacket,5,2250,0.1,10125.0,4413.13,5711.87,Cash on Delivery
ORD103384,2025-07-03,CUST-00180,Consumer,West,Nagpur,Home & Kitchen,Mixer Grinder,2,1760,0.1,3168.0,2031.71,1136.29,UPI
ORD103385,2025-07-03,CUST-00944,Consumer,Central,Raipur,Office,Desk Lamp,3,600,0.05,1710.0,889.03,820.97,Credit Card
ORD103386,2025-07-03,CUST-01426,Small Business,West,Ahmedabad,Electronics,Tablet,1,29080,0.05,27626.0,22481.02,5144.98,Credit Card
ORD103387,2025-07-03,CUST-00742,Small Business,North,Dehradun,Electronics,Tablet,1,10080,0.1,9072.0,8321.81,750.19,Net Banking
ORD103388,2025-07-03,CUST-02132,Consumer,South,Kochi,Electronics,Smartphone,2,24810,0.05,47139.0,43078.46,4060.54,Net Banking
ORD103389,2025-07-03,CUST-02189,Small Business,North,Chandigarh,Fashion,Denim Jeans,4,1850,0.1,6660.0,2732.25,3927.75,UPI
ORD103390,2025-07-03,CUST-00698,Corporate,Central,Indore,Fashion,Winter Jacket,4,2980,0.1,10728.0,4781.23,5946.77,Credit Card
ORD103391,2025-07-03,CUST-00031,Corporate,South,Coimbatore,Electronics,Tablet,1,10000,0.05,9500.0,7372.45,2127.55,Credit Card
ORD103392,2025-07-03,CUST-00250,Small Business,South,Hyderabad,Home & Kitchen,Air Fryer,5,5080,0.05,24130.0,16843.4,7286.6,UPI
ORD103393,2025-07-04,CUST-00002,Consumer,North,Jaipur,Office,Study Table,1,8240,0.05,7828.0,4403.03,3424.97,Debit Card
ORD103394,2025-07-04,CUST-02866,Small Business,East,Bhubaneswar,Fashion,Handbag,5,870,0.1,3915.0,1624.52,2290.48,Debit Card
ORD103395,2025-07-04,CUST-01981,Consumer,West,Pune,Fashion,Women's Kurti,3,2240,0.1,6048.0,2834.21,3213.79,Net Banking
ORD103396,2025-07-04,CUST-00444,Consumer,Central,Bhopal,Electronics,Smartwatch,2,9850,0.05,18715.0,13216.16,5498.84,Debit Card
ORD103397,2025-07-04,CUST-00321,Small Business,North,Dehradun,Fashion,Formal Shirt,2,1000,0.1,1800.0,806.33,993.67,EMI
ORD103398,2025-07-04,CUST-02607,Corporate,South,Kochi,Office,Study Table,1,4480,0.05,4256.0,2714.0,1542.0,UPI
ORD103399,2025-07-04,CUST-02582,Corporate,West,Pune,Office,Stationery Kit,2,290,0.05,551.0,208.14,342.86,Debit Card
ORD103400,2025-07-04,CUST-02928,Consumer,South,Coimbatore,Home & Kitchen,Refrigerator,3,27430,0.05,78175.5,55215.71,22959.79,Debit Card
ORD103401,2025-07-04,CUST-00510,Consumer,North,Lucknow,Electronics,Laptop,2,31520,0.1,56736.0,55535.5,1200.5,Cash on Delivery
ORD103402,2025-07-04,CUST-01636,Consumer,West,Ahmedabad,Electronics,Power Bank,2,3040,0.05,5776.0,3052.29,2723.71,Cash on Delivery
ORD103403,2025-07-04,CUST-00388,Consumer,North,Dehradun,Fashion,Winter Jacket,2,2370,0.1,4266.0,2565.16,1700.84,UPI
ORD103404,2025-07-04,CUST-02532,Consumer,South,Coimbatore,Fashion,Handbag,2,4010,0.1,7218.0,2688.02,4529.98,Credit Card
ORD103405,2025-07-04,CUST-01278,Corporate,North,Delhi,Fashion,Formal Shirt,3,1390,0.1,3753.0,1758.06,1994.94,UPI
ORD103406,2025-07-04,CUST-02237,Consumer,South,Kochi,Home & Kitchen,Air Fryer,3,4030,0.05,11485.5,8040.08,3445.42,UPI
ORD103407,2025-07-04,CUST-00098,Consumer,South,Kochi,Office,Desk Lamp,1,1750,0.05,1662.5,915.93,746.57,UPI
ORD103408,2025-07-04,CUST-02494,Consumer,West,Ahmedabad,Fashion,Winter Jacket,2,4910,0.1,8838.0,4707.26,4130.74,Credit Card
ORD103409,2025-07-05,CUST-00753,Consumer,South,Hyderabad,Fashion,Wrist Watch,2,6120,0.1,11016.0,6276.64,4739.36,Credit Card
ORD103410,2025-07-05,CUST-02674,Consumer,East,Ranchi,Home & Kitchen,Mixer Grinder,3,3350,0.1,9045.0,5966.53,3078.47,UPI
ORD103411,2025-07-05,CUST-00586,Corporate,South,Hyderabad,Home & Kitchen,Refrigerator,2,35070,0.05,66633.0,52421.36,14211.64,UPI
ORD103412,2025-07-05,CUST-02520,Small Business,West,Nagpur,Fashion,Formal Shirt,2,700,0.1,1260.0,650.16,609.84,UPI
ORD103413,2025-07-05,CUST-00428,Consumer,West,Pune,Office,Study Table,1,6120,0.05,5814.0,3300.23,2513.77,UPI
ORD103414,2025-07-05,CUST-02130,Consumer,West,Surat,Office,Desk Lamp,1,900,0.05,855.0,416.59,438.41,UPI
ORD103415,2025-07-05,CUST-02494,Consumer,West,Ahmedabad,Office,File Organizer,2,1230,0.05,2337.0,1144.29,1192.71,Net Banking
ORD103416,2025-07-05,CUST-01189,Consumer,South,Bengaluru,Home & Kitchen,Refrigerator,1,21480,0.05,20406.0,15347.7,5058.3,Cash on Delivery
ORD103417,2025-07-05,CUST-00790,Consumer,South,Coimbatore,Electronics,Power Bank,1,2940,0.05,2793.0,1608.16,1184.84,Credit Card
ORD103418,2025-07-05,CUST-01051,Consumer,South,Kochi,Electronics,Laptop,1,58430,0.05,55508.5,48271.25,7237.25,UPI
ORD103419,2025-07-05,CUST-00950,Consumer,West,Pune,Fashion,Formal Shirt,2,1890,0.1,3402.0,1440.8,1961.2,EMI
ORD103420,2025-07-05,CUST-02027,Consumer,South,Coimbatore,Electronics,Smartwatch,2,3560,0.05,6764.0,4428.92,2335.08,Net Banking
ORD103421,2025-07-05,CUST-00137,Small Business,West,Nagpur,Electronics,Bluetooth Earbuds,3,1990,0.05,5671.5,3963.59,1707.91,Cash on Delivery
ORD103422,2025-07-05,CUST-00126,Consumer,South,Hyderabad,Office,Laptop Bag,4,1200,0.05,4560.0,2303.3,2256.7,Net Banking
ORD103423,2025-07-05,CUST-00950,Consumer,West,Pune,Fashion,Formal Shirt,3,1010,0.1,2727.0,1100.77,1626.23,Debit Card
ORD103424,2025-07-05,CUST-00926,Consumer,West,Mumbai,Electronics,Tablet,1,22510,0.05,21384.5,16774.96,4609.54,Not Specified
ORD103425,2025-07-05,CUST-00552,Consumer,North,Chandigarh,Home & Kitchen,Water Purifier,2,8070,0.1,14526.0,10926.42,3599.58,UPI
ORD103426,2025-07-05,CUST-02300,Small Business,Central,Bhopal,Home & Kitchen,Air Fryer,5,6570,0.05,31207.5,21284.36,9923.14,UPI
ORD103427,2025-07-06,CUST-00075,Consumer,North,Jaipur,Fashion,Winter Jacket,3,2250,0.1,6075.0,3303.54,2771.46,Debit Card
ORD103428,2025-07-06,CUST-02917,Small Business,South,Chennai,Home & Kitchen,Water Purifier,4,6070,0.05,23066.0,14123.29,8942.71,Credit Card
ORD103429,2025-07-06,CUST-02436,Corporate,South,Hyderabad,Fashion,Running Shoes,3,1840,0.1,4968.0,2243.8,2724.2,Credit Card
ORD103430,2025-07-06,CUST-01243,Corporate,North,Jaipur,Electronics,Tablet,1,9900,0.1,8910.0,7801.42,1108.58,Credit Card
ORD103431,2025-07-06,CUST-02729,Consumer,North,Dehradun,Fashion,Handbag,2,880,0.1,1584.0,715.05,868.95,Net Banking
ORD103432,2025-07-06,CUST-01972,Consumer,North,Lucknow,Home & Kitchen,Ceiling Fan,1,1690,0.1,1521.0,1105.8,415.2,UPI
ORD103433,2025-07-06,CUST-01809,Corporate,West,Ahmedabad,Electronics,LED Television,3,29360,0.05,83676.0,74772.08,8903.92,Debit Card
ORD103434,2025-07-06,CUST-00970,Small Business,West,Mumbai,Fashion,Denim Jeans,1,1020,0.1,918.0,418.39,499.61,UPI
ORD103435,2025-07-06,CUST-02127,Small Business,South,Hyderabad,Electronics,Laptop,2,39300,0.05,74670.0,67602.22,7067.78,Net Banking
ORD103436,2025-07-06,CUST-00448,Small Business,West,Mumbai,Fashion,Women's Kurti,2,1770,0.1,3186.0,1193.41,1992.59,Debit Card
ORD103437,2025-07-06,CUST-01641,Consumer,South,Hyderabad,Office,Desk Lamp,3,1750,0.05,4987.5,2389.16,2598.34,Cash on Delivery
ORD103438,2025-07-06,CUST-00380,Consumer,East,Guwahati,Office,Printer,3,13670,0.05,38959.5,32616.82,6342.68,UPI
ORD103439,2025-07-06,CUST-01397,Small Business,North,Dehradun,Home & Kitchen,Air Fryer,2,5070,0.1,9126.0,5659.61,3466.39,UPI
ORD103440,2025-07-06,CUST-01969,Consumer,South,Kochi,Fashion,Formal Shirt,2,1920,0.1,3456.0,1841.77,1614.23,Credit Card
ORD103441,2025-07-07,CUST-00495,Consumer,West,Ahmedabad,Office,Stationery Kit,1,290,0.05,275.5,122.3,153.2,EMI
ORD103442,2025-07-07,CUST-00726,Small Business,West,Ahmedabad,Home & Kitchen,Pressure Cooker,5,1030,0.1,4635.0,3030.22,1604.78,Credit Card
ORD103443,2025-07-07,CUST-02591,Consumer,West,Nagpur,Fashion,Wrist Watch,1,1710,0.1,1539.0,642.17,896.83,Debit Card
ORD103444,2025-07-07,CUST-00835,Consumer,West,Ahmedabad,Fashion,Formal Shirt,2,1430,0.1,2574.0,1114.99,1459.01,UPI
ORD103445,2025-07-07,CUST-00331,Consumer,West,Mumbai,Electronics,Smartwatch,1,4890,0.05,4645.5,3002.56,1642.94,Credit Card
ORD103446,2025-07-07,CUST-01012,Corporate,East,Ranchi,Office,Printer,1,4890,0.05,4645.5,3338.34,1307.16,Debit Card
ORD103447,2025-07-07,CUST-02958,Small Business,North,Delhi,Home & Kitchen,Water Purifier,3,13820,0.1,37314.0,23447.21,13866.79,EMI
ORD103448,2025-07-07,CUST-02232,Corporate,East,Ranchi,Office,Printer,1,13740,0.05,13053.0,10513.55,2539.45,UPI
ORD103449,2025-07-07,CUST-01825,Consumer,Central,Gwalior,Office,Laptop Bag,4,780,0.05,2964.0,1340.22,1623.78,Credit Card
ORD103450,2025-07-07,CUST-02665,Consumer,South,Kochi,Fashion,Wrist Watch,3,2530,0.1,6831.0,2936.2,3894.8,UPI
ORD103451,2025-07-07,CUST-02116,Consumer,South,Kochi,Fashion,Formal Shirt,3,720,0.1,1944.0,724.45,1219.55,Net Banking
ORD103452,2025-07-07,CUST-02582,Corporate,West,Pune,Fashion,Women's Kurti,1,1770,0.1,1593.0,672.22,920.78,Net Banking
ORD103453,2025-07-07,CUST-02105,Consumer,North,Lucknow,Electronics,Smartwatch,1,2000,0.1,1800.0,1297.28,502.72,UPI
ORD103454,2025-07-07,CUST-02746,Consumer,South,Coimbatore,Electronics,Bluetooth Earbuds,1,4960,0.05,4712.0,2923.82,1788.18,Debit Card
ORD103455,2025-07-08,CUST-01986,Consumer,West,Mumbai,Office,Study Table,3,6110,0.05,17413.5,10837.93,6575.57,Credit Card
ORD103456,2025-07-08,CUST-00875,Consumer,West,Pune,Office,File Organizer,2,410,0.05,779.0,361.77,417.23,EMI
ORD103457,2025-07-08,CUST-00125,Consumer,South,Bengaluru,Office,Printer,4,10190,0.05,38722.0,29936.4,8785.6,Credit Card
ORD103458,2025-07-08,CUST-00350,Corporate,South,Bengaluru,Fashion,Women's Kurti,4,900,0.1,3240.0,1658.36,1581.64,Net Banking
ORD103459,2025-07-08,CUST-01607,Consumer,North,Chandigarh,Electronics,Laptop,2,40620,0.1,73116.0,71991.74,1124.26,UPI
ORD103460,2025-07-08,CUST-03092,Consumer,North,Delhi,Home & Kitchen,Washing Machine,2,24500,0.1,44100.0,29962.66,14137.34,UPI
ORD103461,2025-07-08,CUST-02446,Consumer,Central,Indore,Electronics,Bluetooth Speaker,1,1260,0.05,1197.0,777.95,419.05,Credit Card
ORD103462,2025-07-08,CUST-02484,Small Business,West,Pune,Fashion,Wrist Watch,5,4050,0.1,18225.0,10257.71,7967.29,Debit Card
ORD103463,2025-07-08,CUST-02132,Consumer,South,Kochi,Electronics,Bluetooth Earbuds,1,5080,0.05,4826.0,2920.22,1905.78,UPI
ORD103464,2025-07-08,CUST-02860,Consumer,North,Lucknow,Fashion,Denim Jeans,3,3040,0.1,8208.0,3561.21,4646.79,Cash on Delivery
ORD103465,2025-07-08,CUST-02363,Corporate,East,Bhubaneswar,Fashion,Wrist Watch,5,6020,0.1,27090.0,14184.53,12905.47,Cash on Delivery
ORD103466,2025-07-08,CUST-00846,Consumer,North,Jaipur,Office,Laptop Bag,4,790,0.05,3002.0,1265.71,1736.29,UPI
ORD103467,2025-07-08,CUST-01583,Small Business,North,Lucknow,Electronics,LED Television,2,40230,0.1,72414.0,61865.81,10548.19,Credit Card
ORD103468,2025-07-08,CUST-01248,Consumer,West,Mumbai,Fashion,Handbag,3,3890,0.1,10503.0,5600.51,4902.49,Credit Card
ORD103469,2025-07-08,CUST-00531,Consumer,East,Ranchi,Home & Kitchen,Water Purifier,1,5950,0.1,5355.0,3434.48,1920.52,Debit Card
ORD103470,2025-07-09,CUST-00727,Consumer,North,Delhi,Office,Laptop Bag,1,800,0.05,760.0,371.67,388.33,Credit Card
ORD103471,2025-07-09,CUST-00950,Consumer,West,Pune,Fashion,Handbag,3,1360,0.1,3672.0,1625.57,2046.43,Credit Card
ORD103472,2025-07-09,CUST-00547,Consumer,South,Coimbatore,Electronics,Smartphone,1,24940,0.05,23693.0,20859.38,2833.62,Credit Card
ORD103473,2025-07-09,CUST-00711,Consumer,South,Coimbatore,Home & Kitchen,Pressure Cooker,2,2790,0.05,5301.0,3075.52,2225.48,Credit Card
ORD103474,2025-07-09,CUST-02902,Consumer,North,Jaipur,Home & Kitchen,Ceiling Fan,2,2720,0.1,4896.0,3080.23,1815.77,Net Banking
ORD103475,2025-07-09,CUST-01044,Consumer,North,Chandigarh,Office,Laptop Bag,2,1690,0.05,3211.0,1388.66,1822.34,UPI
ORD103476,2025-07-09,CUST-02631,Corporate,North,Delhi,Fashion,Winter Jacket,3,5000,0.1,13500.0,6641.37,6858.63,UPI
ORD103477,2025-07-09,CUST-00208,Small Business,West,Pune,Home & Kitchen,Microwave Oven,2,7880,0.1,14184.0,9806.9,4377.1,Credit Card
ORD103478,2025-07-09,CUST-03138,Consumer,North,Lucknow,Electronics,Bluetooth Earbuds,1,6120,0.1,5508.0,3690.87,1817.13,UPI
ORD103479,2025-07-09,CUST-02451,Consumer,South,Hyderabad,Home & Kitchen,Ceiling Fan,1,2790,0.05,2650.5,1553.64,1096.86,Credit Card
ORD103480,2025-07-09,CUST-02867,Consumer,South,Chennai,Fashion,Handbag,2,2020,0.1,3636.0,1388.1,2247.9,Credit Card
ORD103481,2025-07-10,CUST-01645,Corporate,South,Kochi,Home & Kitchen,Washing Machine,1,30690,0.05,29155.5,19575.06,9580.44,UPI
ORD103482,2025-07-10,CUST-02034,Small Business,West,Ahmedabad,Home & Kitchen,Microwave Oven,5,7960,0.1,35820.0,27081.72,8738.28,UPI
ORD103483,2025-07-10,CUST-01111,Consumer,South,Kochi,Electronics,Smartphone,1,18290,0.05,17375.5,15662.92,1712.58,Credit Card
ORD103484,2025-07-10,CUST-01350,Consumer,West,Mumbai,Office,Whiteboard,1,1020,0.05,969.0,534.97,434.03,UPI
ORD103485,2025-07-10,CUST-02409,Consumer,Central,Raipur,Office,Whiteboard,2,1470,0.05,2793.0,1663.7,1129.3,Credit Card
ORD103486,2025-07-10,CUST-00149,Consumer,East,Guwahati,Fashion,Wrist Watch,2,2560,0.1,4608.0,2701.52,1906.48,UPI
ORD103487,2025-07-10,CUST-00115,Consumer,South,Chennai,Home & Kitchen,Pressure Cooker,3,1980,0.05,5643.0,3121.49,2521.51,UPI
ORD103488,2025-07-10,CUST-02777,Consumer,North,Dehradun,Electronics,Laptop,1,69070,0.1,62163.0,61300.68,862.32,Debit Card
ORD103489,2025-07-10,CUST-00362,Small Business,South,Chennai,Home & Kitchen,Ceiling Fan,3,2870,0.05,8179.5,5589.46,2590.04,UPI
ORD103490,2025-07-10,CUST-02311,Consumer,West,Surat,Home & Kitchen,Pressure Cooker,1,2840,0.1,2556.0,1593.67,962.33,Cash on Delivery
ORD103491,2025-07-10,CUST-00644,Consumer,South,Coimbatore,Office,Printer,2,6990,0.05,13281.0,10061.39,3219.61,Debit Card
ORD103492,2025-07-11,CUST-01128,Small Business,South,Chennai,Electronics,Smartwatch,2,14040,0.05,26676.0,15601.07,11074.93,Debit Card
ORD103493,2025-07-11,CUST-00950,Consumer,West,Pune,Home & Kitchen,Mixer Grinder,3,6010,0.1,16227.0,11125.26,5101.74,UPI
ORD103494,2025-07-11,CUST-01552,Consumer,West,Mumbai,Electronics,Smartwatch,1,3470,0.05,3296.5,1970.05,1326.45,Debit Card
ORD103495,2025-07-11,CUST-02630,Consumer,North,Jaipur,Electronics,Power Bank,1,1280,0.1,1152.0,644.58,507.42,UPI
ORD103496,2025-07-11,CUST-02778,Consumer,North,Jaipur,Office,Office Chair,2,5990,0.05,11381.0,6446.26,4934.74,Debit Card
ORD103497,2025-07-11,CUST-00726,Small Business,West,Ahmedabad,Home & Kitchen,Microwave Oven,2,9730,0.1,17514.0,14067.19,3446.81,UPI
ORD103498,2025-07-11,CUST-01026,Consumer,South,Kochi,Fashion,Women's Kurti,2,1260,0.1,2268.0,1147.61,1120.39,Cash on Delivery
ORD103499,2025-07-11,CUST-02662,Consumer,South,Coimbatore,Electronics,Power Bank,3,3030,0.05,8635.5,4898.99,3736.51,Net Banking
ORD103500,2025-07-12,CUST-00311,Consumer,East,Bhubaneswar,Home & Kitchen,Mixer Grinder,5,3320,0.1,14940.0,9146.85,5793.15,UPI
ORD103501,2025-07-12,CUST-00383,Consumer,East,Kolkata,Fashion,Denim Jeans,3,1920,0.1,5184.0,2666.35,2517.65,Debit Card
ORD103502,2025-07-12,CUST-01519,Corporate,North,Jaipur,Electronics,LED Television,2,39420,0.1,70956.0,62467.42,8488.58,Cash on Delivery
ORD103503,2025-07-12,CUST-02520,Small Business,West,Nagpur,Electronics,Power Bank,2,2290,0.05,4351.0,2148.51,2202.49,Credit Card
ORD103504,2025-07-12,CUST-01026,Consumer,South,Kochi,Electronics,Smartphone,2,17950,0.05,34105.0,29397.49,4707.51,Credit Card
ORD103505,2025-07-12,CUST-00235,Consumer,North,Lucknow,Electronics,Bluetooth Earbuds,1,1290,0.1,1161.0,824.19,336.81,Credit Card
ORD103506,2025-07-12,CUST-03077,Consumer,West,Mumbai,Electronics,Bluetooth Speaker,2,2920,0.05,5548.0,3463.22,2084.78,Debit Card
ORD103507,2025-07-12,CUST-02973,Corporate,East,Bhubaneswar,Electronics,Bluetooth Earbuds,1,5980,0.05,5681.0,3658.05,2022.95,Debit Card
ORD103508,2025-07-12,CUST-02096,Consumer,South,Bengaluru,Home & Kitchen,Washing Machine,5,19280,0.05,91580.0,71055.08,20524.92,UPI
ORD103509,2025-07-12,CUST-02192,Small Business,North,Lucknow,Office,Whiteboard,1,2180,0.05,2071.0,1089.16,981.84,UPI
ORD103510,2025-07-12,CUST-02950,Consumer,East,Ranchi,Electronics,Power Bank,1,910,0.05,864.5,493.25,371.25,Credit Card
ORD103511,2025-07-12,CUST-02070,Consumer,West,Surat,Electronics,LED Television,2,16150,0.05,30685.0,24392.71,6292.29,EMI
ORD103512,2025-07-12,CUST-02516,Small Business,South,Hyderabad,Fashion,Running Shoes,1,3510,0.1,3159.0,1725.74,1433.26,Net Banking
ORD103513,2025-07-12,CUST-01460,Small Business,West,Pune,Electronics,Tablet,1,13760,0.05,13072.0,11630.63,1441.37,Credit Card
ORD103514,2025-07-12,CUST-00749,Small Business,South,Coimbatore,Fashion,Handbag,2,1400,0.1,2520.0,1179.79,1340.21,UPI
ORD103515,2025-07-12,CUST-02651,Consumer,Central,Gwalior,Office,Whiteboard,4,1010,0.05,3838.0,2129.77,1708.23,Debit Card
ORD103516,2025-07-12,CUST-02197,Consumer,South,Coimbatore,Home & Kitchen,Water Purifier,2,18170,0.05,34523.0,20981.53,13541.47,Credit Card
ORD103517,2025-07-12,CUST-00950,Consumer,West,Pune,Electronics,LED Television,2,22650,0.05,43035.0,34409.72,8625.28,Credit Card
ORD103518,2025-07-12,CUST-01983,Consumer,West,Ahmedabad,Home & Kitchen,Mixer Grinder,3,1790,0.1,4833.0,3158.19,1674.81,Debit Card
ORD103519,2025-07-12,CUST-02603,Consumer,West,Nagpur,Home & Kitchen,Water Purifier,3,13780,0.1,37206.0,23780.84,13425.16,UPI
ORD103520,2025-07-13,CUST-00902,Small Business,North,Not Specified,Fashion,Denim Jeans,2,1010,0.1,1818.0,959.62,858.38,Net Banking
ORD103521,2025-07-13,CUST-02462,Consumer,South,Kochi,Fashion,Denim Jeans,2,2440,0.1,4392.0,2261.66,2130.34,Credit Card
ORD103522,2025-07-13,CUST-00245,Small Business,North,Dehradun,Fashion,Running Shoes,2,3450,0.1,6210.0,3133.38,3076.62,UPI
ORD103523,2025-07-13,CUST-01992,Small Business,East,Bhubaneswar,Home & Kitchen,Air Fryer,3,5000,0.1,13500.0,9805.3,3694.7,UPI
ORD103524,2025-07-13,CUST-03198,Consumer,East,Ranchi,Fashion,Wrist Watch,4,3970,0.1,14292.0,7216.56,7075.44,Credit Card
ORD103525,2025-07-13,CUST-02750,Consumer,South,Hyderabad,Fashion,Handbag,4,2920,0.1,10512.0,5266.13,5245.87,UPI
ORD103526,2025-07-13,CUST-02779,Corporate,East,Ranchi,Electronics,Smartwatch,1,9920,0.05,9424.0,6010.66,3413.34,UPI
ORD103527,2025-07-13,CUST-02192,Small Business,North,Lucknow,Home & Kitchen,Air Fryer,3,4910,0.1,13257.0,9763.27,3493.73,UPI
ORD103528,2025-07-13,CUST-01448,Small Business,South,Chennai,Home & Kitchen,Pressure Cooker,1,2870,0.05,2726.5,1725.84,1000.66,EMI
ORD103529,2025-07-13,CUST-02186,Consumer,North,Delhi,Office,Desk Lamp,3,880,0.05,2508.0,1355.01,1152.99,Debit Card
ORD103530,2025-07-13,CUST-00987,Consumer,North,Dehradun,Office,Printer,1,13800,0.05,13110.0,9849.93,3260.07,Credit Card
ORD103531,2025-07-13,CUST-01748,Consumer,West,Ahmedabad,Home & Kitchen,Washing Machine,2,37390,0.1,67302.0,48254.02,19047.98,Net Banking
ORD103532,2025-07-13,CUST-01693,Corporate,Central,Jabalpur,Fashion,Handbag,3,900,0.1,2430.0,1137.42,1292.58,Cash on Delivery
ORD103533,2025-07-14,CUST-01709,Small Business,Central,Raipur,Electronics,Smartphone,3,43460,0.05,123861.0,102981.33,20879.67,UPI
ORD103534,2025-07-14,CUST-01276,Consumer,West,Surat,Electronics,Power Bank,1,1290,0.05,1225.5,623.87,601.63,Cash on Delivery
ORD103535,2025-07-14,CUST-01085,Consumer,Central,Bhopal,Fashion,Winter Jacket,3,3030,0.1,8181.0,4699.21,3481.79,EMI
ORD103536,2025-07-14,CUST-01009,Consumer,West,Pune,Electronics,Bluetooth Earbuds,1,2940,0.05,2793.0,1681.84,1111.16,Debit Card
ORD103537,2025-07-14,CUST-00738,Consumer,Central,Raipur,Electronics,Laptop,3,32480,0.05,92568.0,81939.93,10628.07,Credit Card
ORD103538,2025-07-14,CUST-01370,Consumer,South,Chennai,Home & Kitchen,Washing Machine,5,18870,0.05,89632.5,59168.47,30464.03,Credit Card
ORD103539,2025-07-14,CUST-00384,Consumer,South,Kochi,Electronics,Laptop,1,49640,0.05,47158.0,42793.02,4364.98,UPI
ORD103540,2025-07-14,CUST-02859,Corporate,North,Delhi,Electronics,LED Television,1,15990,0.1,14391.0,13266.02,1124.98,UPI
ORD103541,2025-07-14,CUST-00237,Consumer,Central,Jabalpur,Office,Laptop Bag,1,790,0.05,750.5,417.9,332.6,Cash on Delivery
ORD103542,2025-07-14,CUST-02662,Consumer,South,Coimbatore,Fashion,Handbag,3,900,0.1,2430.0,937.48,1492.52,UPI
ORD103543,2025-07-14,CUST-00786,Corporate,West,Ahmedabad,Fashion,Wrist Watch,4,1700,0.1,6120.0,2705.67,3414.33,Cash on Delivery
ORD103544,2025-07-15,CUST-02715,Corporate,South,Bengaluru,Office,Study Table,2,9740,0.05,18506.0,11547.74,6958.26,Net Banking
ORD103545,2025-07-15,CUST-02307,Consumer,South,Coimbatore,Fashion,Women's Kurti,2,2350,0.1,4230.0,1732.61,2497.39,Cash on Delivery
ORD103546,2025-07-15,CUST-02910,Corporate,West,Nagpur,Fashion,Wrist Watch,5,3910,0.1,17595.0,10653.52,6941.48,Debit Card
ORD103547,2025-07-15,CUST-02763,Small Business,East,Patna,Fashion,Running Shoes,3,3410,0.1,9207.0,5249.69,3957.31,UPI
ORD103548,2025-07-15,CUST-02254,Consumer,West,Mumbai,Fashion,Men's T-Shirt,5,800,0.1,3600.0,1776.43,1823.57,Net Banking
ORD103549,2025-07-15,CUST-00480,Corporate,South,Chennai,Office,Laptop Bag,2,2960,0.05,5624.0,3239.4,2384.6,UPI
ORD103550,2025-07-15,CUST-01735,Consumer,West,Pune,Office,Printer,3,5090,0.05,14506.5,11592.43,2914.07,Net Banking
ORD103551,2025-07-15,CUST-01028,Small Business,North,Delhi,Electronics,Power Bank,1,1780,0.1,1602.0,1063.07,538.93,Credit Card
ORD103552,2025-07-15,CUST-02820,Consumer,South,Chennai,Electronics,Bluetooth Speaker,3,2040,0.05,5814.0,3911.31,1902.69,UPI
ORD103553,2025-07-15,CUST-02768,Consumer,South,Chennai,Home & Kitchen,Microwave Oven,2,16230,0.05,30837.0,23603.93,7233.07,UPI
ORD103554,2025-07-15,CUST-00970,Small Business,West,Mumbai,Fashion,Running Shoes,3,1790,0.1,4833.0,2350.65,2482.35,UPI
ORD103555,2025-07-16,CUST-02161,Consumer,North,Lucknow,Electronics,Bluetooth Earbuds,2,4020,0.1,7236.0,5532.41,1703.59,Credit Card
ORD103556,2025-07-16,CUST-01026,Consumer,South,Kochi,Home & Kitchen,Air Fryer,2,10980,0.05,20862.0,15272.36,5589.64,Net Banking
ORD103557,2025-07-16,CUST-02188,Consumer,South,Kochi,Electronics,Power Bank,1,890,0.05,845.5,492.11,353.39,Debit Card
ORD103558,2025-07-16,CUST-01956,Small Business,South,Bengaluru,Electronics,Bluetooth Earbuds,1,2980,0.05,2831.0,1755.64,1075.36,UPI
ORD103559,2025-07-16,CUST-01605,Small Business,West,Nagpur,Home & Kitchen,Ceiling Fan,1,4040,0.1,3636.0,2452.79,1183.21,Not Specified
ORD103560,2025-07-16,CUST-02794,Consumer,East,Ranchi,Home & Kitchen,Water Purifier,3,5890,0.1,15903.0,11682.46,4220.54,UPI
ORD103561,2025-07-16,CUST-00793,Small Business,East,Guwahati,Home & Kitchen,Microwave Oven,3,16110,0.1,43497.0,34907.02,8589.98,UPI
ORD103562,2025-07-16,CUST-02533,Consumer,South,Bengaluru,Home & Kitchen,Ceiling Fan,2,1700,0.05,3230.0,2285.94,944.06,Debit Card
ORD103563,2025-07-16,CUST-02212,Small Business,Central,Indore,Office,Printer,1,6940,0.05,6593.0,5374.67,1218.33,UPI
ORD103564,2025-07-16,CUST-00940,Consumer,West,Nagpur,Office,Office Chair,4,11260,0.05,42788.0,25315.83,17472.17,UPI
ORD103565,2025-07-17,CUST-01311,Consumer,East,Kolkata,Office,Office Chair,1,15220,0.05,14459.0,9050.22,5408.78,Cash on Delivery
ORD103566,2025-07-17,CUST-00232,Consumer,East,Ranchi,Office,Study Table,2,12810,0.05,24339.0,14834.34,9504.66,Debit Card
ORD103567,2025-07-17,CUST-01894,Small Business,West,Nagpur,Electronics,Power Bank,2,1790,0.05,3401.0,2045.09,1355.91,Credit Card
ORD103568,2025-07-17,CUST-02824,Consumer,North,Dehradun,Home & Kitchen,Pressure Cooker,1,970,0.1,873.0,569.51,303.49,UPI
ORD103569,2025-07-17,CUST-00384,Consumer,South,Kochi,Home & Kitchen,Microwave Oven,4,13080,0.05,49704.0,35488.56,14215.44,Cash on Delivery
ORD103570,2025-07-17,CUST-00415,Consumer,North,Jaipur,Electronics,Bluetooth Speaker,1,3990,0.1,3591.0,2168.83,1422.17,UPI
ORD103571,2025-07-17,CUST-01498,Consumer,South,Bengaluru,Office,File Organizer,4,610,0.05,2318.0,1135.37,1182.63,UPI
ORD103572,2025-07-17,CUST-00939,Small Business,West,Nagpur,Home & Kitchen,Washing Machine,1,29700,0.1,26730.0,18624.84,8105.16,UPI
ORD103573,2025-07-17,CUST-00926,Consumer,West,Mumbai,Electronics,Laptop,2,32830,0.05,62377.0,55025.16,7351.84,Not Specified
ORD103574,2025-07-17,CUST-02046,Consumer,Central,Jabalpur,Electronics,Smartphone,1,42610,0.05,40479.5,34111.96,6367.54,Net Banking
ORD103575,2025-07-18,CUST-01273,Consumer,Central,Jabalpur,Home & Kitchen,Ceiling Fan,2,4100,0.05,7790.0,5067.16,2722.84,UPI
ORD103576,2025-07-18,CUST-02681,Small Business,West,Pune,Fashion,Women's Kurti,3,1330,0.1,3591.0,1833.55,1757.45,Net Banking
ORD103577,2025-07-18,CUST-01337,Consumer,South,Kochi,Home & Kitchen,Mixer Grinder,2,3220,0.05,6118.0,4265.71,1852.29,Debit Card
ORD103578,2025-07-18,CUST-01964,Consumer,North,Dehradun,Office,File Organizer,3,800,0.05,2280.0,1097.72,1182.28,Credit Card
ORD103579,2025-07-18,CUST-01227,Consumer,South,Coimbatore,Office,Whiteboard,1,1500,0.05,1425.0,721.4,703.6,EMI
ORD103580,2025-07-18,CUST-00836,Consumer,North,Lucknow,Office,Desk Lamp,2,1790,0.05,3401.0,1572.04,1828.96,Credit Card
ORD103581,2025-07-18,CUST-01486,Small Business,North,Chandigarh,Home & Kitchen,Ceiling Fan,1,2720,0.1,2448.0,1729.76,718.24,Net Banking
ORD103582,2025-07-18,CUST-02309,Consumer,East,Kolkata,Fashion,Women's Kurti,1,1840,0.1,1656.0,827.07,828.93,Debit Card
ORD103583,2025-07-19,CUST-03024,Small Business,East,Patna,Fashion,Men's T-Shirt,1,2380,0.1,2142.0,997.42,1144.58,Credit Card
ORD103584,2025-07-19,CUST-00129,Consumer,Central,Gwalior,Electronics,Smartphone,2,13270,0.05,25213.0,20954.62,4258.38,EMI
ORD103585,2025-07-19,CUST-01662,Consumer,South,Hyderabad,Electronics,Smartwatch,2,9710,0.05,18449.0,11428.19,7020.81,UPI
ORD103586,2025-07-19,CUST-02037,Consumer,South,Bengaluru,Office,Office Chair,4,14830,0.05,56354.0,36867.91,19486.09,Credit Card
ORD103587,2025-07-19,CUST-00294,Consumer,South,Bengaluru,Fashion,Wrist Watch,3,1670,0.1,4509.0,2567.86,1941.14,Debit Card
ORD103588,2025-07-19,CUST-02640,Consumer,West,Pune,Office,Whiteboard,2,3360,0.05,6384.0,3849.07,2534.93,Debit Card
ORD103589,2025-07-19,CUST-00925,Consumer,Central,Gwalior,Office,Desk Lamp,3,1280,0.05,3648.0,1861.86,1786.14,Net Banking
ORD103590,2025-07-19,CUST-02777,Consumer,North,Dehradun,Electronics,Bluetooth Earbuds,2,3880,0.1,6984.0,4834.14,2149.86,UPI
ORD103591,2025-07-19,CUST-01748,Consumer,West,Ahmedabad,Home & Kitchen,Washing Machine,3,23660,0.1,63882.0,42769.83,21112.17,UPI
ORD103592,2025-07-19,CUST-00481,Small Business,North,Chandigarh,Fashion,Men's T-Shirt,1,1710,0.1,1539.0,632.66,906.34,EMI
ORD103593,2025-07-19,CUST-02374,Consumer,West,Pune,Office,Office Chair,3,14800,0.05,42180.0,22347.63,19832.37,Credit Card
ORD103594,2025-07-19,CUST-00501,Consumer,West,Surat,Fashion,Wrist Watch,2,3900,0.1,7020.0,3877.94,3142.06,EMI
ORD103595,2025-07-19,CUST-02308,Corporate,South,Chennai,Office,Whiteboard,2,1510,0.05,2869.0,1690.99,1178.01,UPI
ORD103596,2025-07-19,CUST-02571,Consumer,West,Pune,Electronics,Bluetooth Earbuds,1,1990,0.05,1890.5,1173.13,717.37,Credit Card
ORD103597,2025-07-19,CUST-01826,Consumer,East,Patna,Home & Kitchen,Pressure Cooker,4,1470,0.1,5292.0,3504.41,1787.59,Cash on Delivery
ORD103598,2025-07-19,CUST-00905,Consumer,North,Jaipur,Fashion,Wrist Watch,3,2430,0.1,6561.0,3822.9,2738.1,UPI
ORD103599,2025-07-19,CUST-01365,Consumer,North,Dehradun,Office,File Organizer,1,1220,0.05,1159.0,526.17,632.83,Credit Card
ORD103600,2025-07-19,CUST-01655,Small Business,West,Mumbai,Office,Printer,3,13610,0.05,38788.5,28658.08,10130.42,Cash on Delivery
ORD103601,2025-07-19,CUST-02136,Consumer,East,Guwahati,Electronics,Power Bank,1,2300,0.05,2185.0,1229.5,955.5,Credit Card
ORD103602,2025-07-19,CUST-02032,Corporate,South,Hyderabad,Fashion,Denim Jeans,3,2450,0.1,6615.0,2613.79,4001.21,Cash on Delivery
ORD103603,2025-07-19,CUST-01237,Small Business,East,Kolkata,Home & Kitchen,Water Purifier,4,7900,0.1,28440.0,21407.61,7032.39,Debit Card
ORD103604,2025-07-20,CUST-02439,Consumer,South,Hyderabad,Office,Office Chair,1,4580,0.05,4351.0,2969.47,1381.53,Credit Card
ORD103605,2025-07-20,CUST-02471,Consumer,Central,Raipur,Electronics,LED Television,3,15830,0.05,45115.5,38955.04,6160.46,UPI
ORD103606,2025-07-20,CUST-02237,Consumer,South,Kochi,Office,Office Chair,1,10880,0.05,10336.0,5541.96,4794.04,UPI
ORD103607,2025-07-20,CUST-00909,Corporate,North,Dehradun,Office,Desk Lamp,1,1760,0.05,1672.0,859.01,812.99,UPI
ORD103608,2025-07-20,CUST-01482,Consumer,North,Lucknow,Office,Laptop Bag,2,3070,0.05,5833.0,3271.88,2561.12,UPI
ORD103609,2025-07-20,CUST-01352,Small Business,South,Bengaluru,Home & Kitchen,Water Purifier,5,6070,0.05,28832.5,21232.05,7600.45,Cash on Delivery
ORD103610,2025-07-20,CUST-02604,Consumer,North,Dehradun,Electronics,Tablet,2,17760,0.1,31968.0,29902.23,2065.77,Debit Card
ORD103611,2025-07-20,CUST-02571,Consumer,West,Pune,Electronics,Bluetooth Speaker,1,1960,0.05,1862.0,1135.61,726.39,EMI
ORD103612,2025-07-20,CUST-02750,Consumer,South,Hyderabad,Fashion,Running Shoes,3,3570,0.1,9639.0,4342.04,5296.96,UPI
ORD103613,2025-07-20,CUST-00756,Consumer,East,Kolkata,Electronics,Power Bank,1,870,0.05,826.5,461.89,364.61,Net Banking
ORD103614,2025-07-21,CUST-02399,Small Business,South,Kochi,Electronics,Power Bank,1,2310,0.05,2194.5,1122.58,1071.92,UPI
ORD103615,2025-07-21,CUST-02763,Small Business,East,Patna,Fashion,Men's T-Shirt,3,2370,0.1,6399.0,2268.58,4130.42,UPI
ORD103616,2025-07-21,CUST-00533,Consumer,East,Kolkata,Electronics,Tablet,1,23270,0.05,22106.5,18623.25,3483.25,UPI
ORD103617,2025-07-21,CUST-00120,Corporate,East,Ranchi,Electronics,Tablet,2,18250,0.05,34675.0,30127.45,4547.55,Net Banking
ORD103618,2025-07-21,CUST-00352,Consumer,North,Lucknow,Home & Kitchen,Ceiling Fan,3,4060,0.1,10962.0,6708.58,4253.42,UPI
ORD103619,2025-07-21,CUST-01929,Corporate,North,Jaipur,Fashion,Winter Jacket,2,2970,0.1,5346.0,3010.42,2335.58,Credit Card
ORD103620,2025-07-21,CUST-01310,Corporate,North,Jaipur,Fashion,Winter Jacket,2,1700,0.1,3060.0,1453.89,1606.11,UPI
ORD103621,2025-07-21,CUST-00622,Consumer,South,Hyderabad,Fashion,Denim Jeans,5,1370,0.1,6165.0,2715.11,3449.89,UPI
ORD103622,2025-07-21,CUST-01655,Small Business,West,Mumbai,Fashion,Winter Jacket,3,3960,0.1,10692.0,6403.73,4288.27,Credit Card
ORD103623,2025-07-21,CUST-02506,Consumer,North,Delhi,Fashion,Formal Shirt,5,1900,0.1,8550.0,3298.63,5251.37,UPI
ORD103624,2025-07-21,CUST-02718,Corporate,North,Lucknow,Office,Printer,4,19700,0.05,74860.0,55158.69,19701.31,UPI
ORD103625,2025-07-21,CUST-02412,Consumer,Central,Bhopal,Office,Stationery Kit,2,980,0.05,1862.0,840.09,1021.91,Cash on Delivery
ORD103626,2025-07-21,CUST-02820,Consumer,South,Chennai,Office,Laptop Bag,2,2340,0.05,4446.0,2548.48,1897.52,Debit Card
ORD103627,2025-07-21,CUST-01920,Corporate,East,Kolkata,Home & Kitchen,Water Purifier,5,7930,0.1,35685.0,24738.93,10946.07,Cash on Delivery
ORD103628,2025-07-21,CUST-02662,Consumer,South,Coimbatore,Office,Printer,1,10050,0.05,9547.5,7459.62,2087.88,Credit Card
ORD103629,2025-07-21,CUST-01297,Small Business,Central,Gwalior,Electronics,Power Bank,1,1290,0.05,1225.5,658.22,567.28,Net Banking
ORD103630,2025-07-21,CUST-02709,Consumer,South,Bengaluru,Electronics,Laptop,1,32170,0.05,30561.5,28730.59,1830.91,UPI
ORD103631,2025-07-22,CUST-02853,Consumer,South,Hyderabad,Office,Office Chair,2,20600,0.05,39140.0,23697.85,15442.15,Not Specified
ORD103632,2025-07-22,CUST-02207,Consumer,Central,Jabalpur,Fashion,Wrist Watch,2,3890,0.1,7002.0,3144.34,3857.66,Net Banking
ORD103633,2025-07-22,CUST-01347,Corporate,South,Hyderabad,Fashion,Formal Shirt,3,1380,0.1,3726.0,1402.19,2323.81,Debit Card
ORD103634,2025-07-22,CUST-00941,Consumer,West,Ahmedabad,Fashion,Men's T-Shirt,2,820,0.1,1476.0,650.38,825.62,UPI
ORD103635,2025-07-22,CUST-00992,Small Business,South,Bengaluru,Home & Kitchen,Refrigerator,3,45610,0.05,129988.5,98190.17,31798.33,UPI
ORD103636,2025-07-22,CUST-00417,Corporate,West,Pune,Electronics,Smartphone,1,13080,0.05,12426.0,10877.17,1548.83,Credit Card
ORD103637,2025-07-22,CUST-00147,Corporate,South,Coimbatore,Home & Kitchen,Mixer Grinder,2,1840,0.05,3496.0,2485.66,1010.34,Credit Card
ORD103638,2025-07-22,CUST-01288,Consumer,South,Chennai,Office,Office Chair,4,14750,0.05,56050.0,32841.96,23208.04,Net Banking
ORD103639,2025-07-22,CUST-00131,Consumer,North,Lucknow,Office,Stationery Kit,2,500,0.05,950.0,458.19,491.81,Credit Card
ORD103640,2025-07-22,CUST-02802,Small Business,South,Coimbatore,Fashion,Wrist Watch,3,2550,0.1,6885.0,2897.79,3987.21,UPI
ORD103641,2025-07-23,CUST-02087,Consumer,South,Chennai,Fashion,Handbag,3,890,0.1,2403.0,984.47,1418.53,Cash on Delivery
ORD103642,2025-07-23,CUST-02678,Consumer,East,Kolkata,Office,Desk Lamp,2,910,0.05,1729.0,892.66,836.34,UPI
ORD103643,2025-07-23,CUST-01393,Small Business,South,Chennai,Fashion,Formal Shirt,3,1390,0.1,3753.0,1841.06,1911.94,UPI
ORD103644,2025-07-23,CUST-00734,Consumer,West,Nagpur,Electronics,Smartwatch,1,13880,0.05,13186.0,8625.15,4560.85,UPI
ORD103645,2025-07-23,CUST-00950,Consumer,West,Pune,Home & Kitchen,Mixer Grinder,2,3400,0.1,6120.0,3984.19,2135.81,Credit Card
ORD103646,2025-07-23,CUST-02718,Corporate,North,Lucknow,Fashion,Winter Jacket,4,1650,0.1,5940.0,2599.63,3340.37,Net Banking
ORD103647,2025-07-23,CUST-00389,Consumer,West,Nagpur,Office,Study Table,2,6000,0.05,11400.0,7102.94,4297.06,UPI
ORD103648,2025-07-23,CUST-02245,Consumer,West,Ahmedabad,Fashion,Men's T-Shirt,2,2360,0.1,4248.0,1614.64,2633.36,Credit Card
ORD103649,2025-07-23,CUST-00741,Consumer,West,Pune,Office,Office Chair,2,4460,0.05,8474.0,4919.02,3554.98,Cash on Delivery
ORD103650,2025-07-23,CUST-01086,Small Business,West,Pune,Fashion,Wrist Watch,5,1670,0.1,7515.0,4549.31,2965.69,Credit Card
ORD103651,2025-07-23,CUST-00016,Corporate,West,Mumbai,Electronics,Laptop,3,41090,0.05,117106.5,101539.68,15566.82,UPI
ORD103652,2025-07-23,CUST-01517,Consumer,West,Surat,Office,Desk Lamp,2,590,0.05,1121.0,608.36,512.64,Credit Card
ORD103653,2025-07-23,CUST-00401,Consumer,West,Pune,Fashion,Formal Shirt,4,1940,0.1,6984.0,2599.0,4385.0,UPI
ORD103654,2025-07-23,CUST-02730,Consumer,West,Nagpur,Home & Kitchen,Microwave Oven,2,8080,0.1,14544.0,11708.29,2835.71,UPI
ORD103655,2025-07-23,CUST-00336,Consumer,South,Kochi,Fashion,Women's Kurti,2,1770,0.1,3186.0,1443.3,1742.7,Debit Card
ORD103656,2025-07-24,CUST-00814,Consumer,South,Hyderabad,Office,Printer,2,13940,0.05,26486.0,19013.91,7472.09,Debit Card
ORD103657,2025-07-24,CUST-00044,Small Business,West,Ahmedabad,Fashion,Wrist Watch,2,6050,0.1,10890.0,6622.71,4267.29,Credit Card
ORD103658,2025-07-24,CUST-03186,Consumer,North,Lucknow,Home & Kitchen,Washing Machine,5,29810,0.1,134145.0,94548.76,39596.24,UPI
ORD103659,2025-07-24,CUST-02061,Consumer,North,Delhi,Home & Kitchen,Mixer Grinder,2,1800,0.1,3240.0,2079.92,1160.08,UPI
ORD103660,2025-07-24,CUST-02070,Consumer,West,Surat,Home & Kitchen,Air Fryer,1,6500,0.1,5850.0,4196.1,1653.9,UPI
ORD103661,2025-07-24,CUST-01623,Small Business,East,Kolkata,Electronics,Tablet,1,17920,0.05,17024.0,13387.65,3636.35,Credit Card
ORD103662,2025-07-24,CUST-02757,Consumer,North,Jaipur,Electronics,Power Bank,1,1780,0.1,1602.0,1035.08,566.92,EMI
ORD103663,2025-07-24,CUST-00467,Consumer,East,Patna,Home & Kitchen,Microwave Oven,5,9810,0.1,44145.0,33805.8,10339.2,Net Banking
ORD103664,2025-07-24,CUST-02528,Consumer,South,Hyderabad,Fashion,Running Shoes,4,1820,0.1,6552.0,3413.91,3138.09,Not Specified
ORD103665,2025-07-24,CUST-02567,Consumer,West,Mumbai,Electronics,Bluetooth Speaker,1,6100,0.05,5795.0,3494.01,2300.99,UPI
ORD103666,2025-07-24,CUST-00114,Consumer,West,Mumbai,Office,Printer,1,10180,0.05,9671.0,7799.41,1871.59,EMI
ORD103667,2025-07-24,CUST-00419,Corporate,South,Coimbatore,Office,Desk Lamp,1,1780,0.05,1691.0,966.78,724.22,Debit Card
ORD103668,2025-07-24,CUST-01728,Consumer,East,Ranchi,Fashion,Men's T-Shirt,3,2420,0.1,6534.0,2473.39,4060.61,Cash on Delivery
ORD103669,2025-07-24,CUST-00313,Consumer,West,Pune,Office,Printer,4,20340,0.05,77292.0,57128.74,20163.26,Credit Card
ORD103670,2025-07-24,CUST-00944,Consumer,Central,Raipur,Fashion,Running Shoes,4,1830,0.1,6588.0,3377.93,3210.07,Cash on Delivery
ORD103671,2025-07-25,CUST-01246,Consumer,North,Lucknow,Home & Kitchen,Refrigerator,2,43750,0.1,78750.0,58957.85,19792.15,Debit Card
ORD103672,2025-07-25,CUST-00501,Consumer,West,Surat,Office,Laptop Bag,4,1680,0.05,6384.0,3092.87,3291.13,Cash on Delivery
ORD103673,2025-07-25,CUST-02266,Consumer,West,Mumbai,Electronics,Tablet,1,13930,0.05,13233.5,11093.58,2139.92,Credit Card
ORD103674,2025-07-25,CUST-01573,Consumer,South,Kochi,Fashion,Women's Kurti,4,1760,0.1,6336.0,2241.75,4094.25,UPI
ORD103675,2025-07-25,CUST-02052,Small Business,Central,Raipur,Fashion,Women's Kurti,2,880,0.1,1584.0,843.65,740.35,Credit Card
ORD103676,2025-07-25,CUST-01496,Consumer,East,Patna,Office,Laptop Bag,4,2250,0.05,8550.0,4366.61,4183.39,UPI
ORD103677,2025-07-25,CUST-01278,Corporate,North,Delhi,Electronics,LED Television,1,73920,0.1,66528.0,57491.91,9036.09,UPI
ORD103678,2025-07-25,CUST-01559,Consumer,North,Chandigarh,Fashion,Denim Jeans,1,1420,0.1,1278.0,629.38,648.62,Net Banking
ORD103679,2025-07-25,CUST-02859,Corporate,North,Delhi,Fashion,Men's T-Shirt,2,2370,0.1,4266.0,1655.06,2610.94,UPI
ORD103680,2025-07-25,CUST-01222,Consumer,East,Kolkata,Home & Kitchen,Microwave Oven,2,12910,0.1,23238.0,19067.72,4170.28,UPI
ORD103681,2025-07-25,CUST-02064,Consumer,South,Chennai,Home & Kitchen,Microwave Oven,1,16250,0.05,15437.5,11629.25,3808.25,Credit Card
ORD103682,2025-07-26,CUST-02655,Corporate,West,Ahmedabad,Fashion,Running Shoes,2,2470,0.1,4446.0,2622.63,1823.37,Credit Card
ORD103683,2025-07-26,CUST-01979,Corporate,East,Kolkata,Electronics,LED Television,2,55500,0.05,105450.0,89088.43,16361.57,UPI
ORD103684,2025-07-26,CUST-00742,Small Business,North,Dehradun,Home & Kitchen,Mixer Grinder,4,1790,0.1,6444.0,4725.83,1718.17,Cash on Delivery
ORD103685,2025-07-26,CUST-00389,Consumer,West,Nagpur,Home & Kitchen,Air Fryer,4,8360,0.1,30096.0,21984.88,8111.12,Net Banking
ORD103686,2025-07-26,CUST-01875,Consumer,South,Bengaluru,Home & Kitchen,Refrigerator,2,57810,0.05,109839.0,83463.68,26375.32,UPI
ORD103687,2025-07-26,CUST-02331,Consumer,West,Ahmedabad,Electronics,Bluetooth Earbuds,3,4110,0.05,11713.5,7404.29,4309.21,Not Specified
ORD103688,2025-07-26,CUST-02464,Small Business,West,Ahmedabad,Fashion,Handbag,3,880,0.1,2376.0,1190.8,1185.2,Credit Card
ORD103689,2025-07-26,CUST-02232,Corporate,East,Ranchi,Electronics,Laptop,2,38970,0.05,74043.0,69320.65,4722.35,UPI
ORD103690,2025-07-26,CUST-00018,Small Business,South,Coimbatore,Electronics,Smartphone,3,17580,0.05,50103.0,45959.57,4143.43,Cash on Delivery
ORD103691,2025-07-26,CUST-02478,Consumer,South,Bengaluru,Office,Office Chair,3,14560,0.05,41496.0,28216.33,13279.67,Debit Card
ORD103692,2025-07-26,CUST-01924,Consumer,South,Hyderabad,Fashion,Formal Shirt,3,1400,0.1,3780.0,1897.8,1882.2,Cash on Delivery
ORD103693,2025-07-26,CUST-03161,Small Business,South,Kochi,Home & Kitchen,Ceiling Fan,5,1300,0.05,6175.0,3860.98,2314.02,Debit Card
ORD103694,2025-07-26,CUST-02451,Consumer,South,Hyderabad,Fashion,Handbag,2,900,0.1,1620.0,659.74,960.26,Net Banking
ORD103695,2025-07-26,CUST-01343,Consumer,South,Hyderabad,Office,Laptop Bag,1,810,0.05,769.5,344.61,424.89,Debit Card
ORD103696,2025-07-26,CUST-02183,Corporate,South,Bengaluru,Office,Printer,1,19770,0.05,18781.5,15528.44,3253.06,UPI
ORD103697,2025-07-26,CUST-01968,Consumer,Central,Jabalpur,Fashion,Wrist Watch,4,1650,0.1,5940.0,3136.01,2803.99,Credit Card
ORD103698,2025-07-27,CUST-01026,Consumer,South,Kochi,Fashion,Men's T-Shirt,1,780,0.1,702.0,334.74,367.26,Debit Card
ORD103699,2025-07-27,CUST-01671,Small Business,North,Lucknow,Fashion,Running Shoes,3,1270,0.1,3429.0,1501.87,1927.13,Credit Card
ORD103700,2025-07-27,CUST-00665,Corporate,West,Surat,Electronics,Laptop,1,32420,0.05,30799.0,26860.83,3938.17,Credit Card
ORD103701,2025-07-27,CUST-00303,Small Business,West,Surat,Home & Kitchen,Microwave Oven,4,9860,0.1,35496.0,28688.73,6807.27,EMI
ORD103702,2025-07-27,CUST-02356,Consumer,East,Patna,Electronics,LED Television,1,22300,0.05,21185.0,17358.37,3826.63,Cash on Delivery
ORD103703,2025-07-27,CUST-01180,Small Business,Central,Indore,Home & Kitchen,Refrigerator,3,21140,0.05,60249.0,43458.43,16790.57,Net Banking
ORD103704,2025-07-27,CUST-02430,Small Business,West,Mumbai,Office,Whiteboard,2,3300,0.05,6270.0,3618.09,2651.91,Credit Card
ORD103705,2025-07-27,CUST-01545,Corporate,South,Coimbatore,Fashion,Wrist Watch,2,6000,0.1,10800.0,4552.69,6247.31,UPI
ORD103706,2025-07-27,CUST-02578,Consumer,East,Ranchi,Electronics,Bluetooth Speaker,3,1300,0.05,3705.0,2308.96,1396.04,Net Banking
ORD103707,2025-07-27,CUST-02378,Consumer,East,Bhubaneswar,Fashion,Handbag,4,4060,0.1,14616.0,6950.41,7665.59,Net Banking
ORD103708,2025-07-27,CUST-02450,Consumer,South,Chennai,Electronics,Smartwatch,1,7110,0.05,6754.5,4174.0,2580.5,Credit Card
ORD103709,2025-07-27,CUST-01339,Consumer,North,Dehradun,Fashion,Men's T-Shirt,5,810,0.1,3645.0,1239.8,2405.2,Credit Card
ORD103710,2025-07-28,CUST-03059,Consumer,West,Ahmedabad,Home & Kitchen,Refrigerator,3,59130,0.1,159651.0,131085.47,28565.53,Credit Card
ORD103711,2025-07-28,CUST-01250,Consumer,South,Chennai,Electronics,Smartphone,1,9150,0.05,8692.5,7697.66,994.84,UPI
ORD103712,2025-07-28,CUST-02528,Consumer,South,Hyderabad,Fashion,Men's T-Shirt,3,2400,0.1,6480.0,2492.47,3987.53,UPI
ORD103713,2025-07-28,CUST-01550,Small Business,West,Pune,Office,Laptop Bag,1,1170,0.05,1111.5,493.05,618.45,UPI
ORD103714,2025-07-28,CUST-00770,Consumer,South,Chennai,Fashion,Men's T-Shirt,1,2350,0.1,2115.0,859.16,1255.84,Cash on Delivery
ORD103715,2025-07-28,CUST-02008,Consumer,North,Jaipur,Office,Study Table,4,4400,0.05,16720.0,10662.63,6057.37,Debit Card
ORD103716,2025-07-28,CUST-01482,Consumer,North,Lucknow,Electronics,LED Television,1,55650,0.1,50085.0,42937.87,7147.13,UPI
ORD103717,2025-07-28,CUST-00869,Consumer,South,Hyderabad,Fashion,Handbag,1,880,0.1,792.0,374.68,417.32,UPI
ORD103718,2025-07-28,CUST-01174,Corporate,East,Patna,Electronics,LED Television,1,21440,0.05,20368.0,17710.15,2657.85,Net Banking
ORD103719,2025-07-28,CUST-00513,Consumer,South,Kochi,Electronics,Bluetooth Earbuds,2,5850,0.05,11115.0,6763.34,4351.66,Net Banking
ORD103720,2025-07-28,CUST-03155,Consumer,South,Kochi,Office,Printer,1,7120,0.05,6764.0,5511.93,1252.07,Debit Card
ORD103721,2025-07-28,CUST-02068,Consumer,West,Pune,Fashion,Running Shoes,4,5060,0.1,18216.0,11031.36,7184.64,Credit Card
ORD103722,2025-07-28,CUST-00547,Consumer,South,Coimbatore,Office,Laptop Bag,2,3000,0.05,5700.0,3211.76,2488.24,Debit Card
ORD103723,2025-07-28,CUST-02451,Consumer,South,Hyderabad,Fashion,Denim Jeans,1,990,0.1,891.0,378.78,512.22,UPI
ORD103724,2025-07-28,CUST-01910,Consumer,South,Chennai,Home & Kitchen,Water Purifier,1,7800,0.05,7410.0,4454.29,2955.71,Debit Card
ORD103725,2025-07-29,CUST-02319,Small Business,North,Chandigarh,Fashion,Running Shoes,5,2520,0.1,11340.0,6427.0,4913.0,UPI
ORD103726,2025-07-29,CUST-01855,Corporate,West,Nagpur,Home & Kitchen,Microwave Oven,4,13380,0.1,48168.0,39556.63,8611.37,Cash on Delivery
ORD103727,2025-07-29,CUST-00192,Consumer,North,Jaipur,Office,File Organizer,2,390,0.05,741.0,341.45,399.55,Cash on Delivery
ORD103728,2025-07-29,CUST-00658,Consumer,West,Mumbai,Office,Whiteboard,3,3290,0.05,9376.5,5068.37,4308.13,Debit Card
ORD103729,2025-07-29,CUST-02464,Small Business,West,Ahmedabad,Fashion,Wrist Watch,2,5980,0.1,10764.0,4920.3,5843.7,Credit Card
ORD103730,2025-07-29,CUST-02426,Consumer,South,Hyderabad,Home & Kitchen,Air Fryer,2,5050,0.05,9595.0,5557.41,4037.59,UPI
ORD103731,2025-07-29,CUST-02424,Small Business,East,Kolkata,Electronics,Smartphone,2,50770,0.05,96463.0,85967.71,10495.29,Debit Card
ORD103732,2025-07-29,CUST-00047,Corporate,East,Kolkata,Home & Kitchen,Ceiling Fan,1,4010,0.1,3609.0,2655.55,953.45,Credit Card
ORD103733,2025-07-29,CUST-02559,Consumer,North,Jaipur,Office,Office Chair,4,5960,0.05,22648.0,15256.67,7391.33,UPI
ORD103734,2025-07-29,CUST-01373,Small Business,North,Delhi,Home & Kitchen,Pressure Cooker,3,2860,0.1,7722.0,4537.69,3184.31,UPI
ORD103735,2025-07-29,CUST-02232,Corporate,East,Ranchi,Fashion,Formal Shirt,3,1390,0.1,3753.0,1759.02,1993.98,Credit Card
ORD103736,2025-07-29,CUST-00908,Small Business,North,Chandigarh,Electronics,Laptop,1,32750,0.1,29475.0,27716.97,1758.03,Credit Card
ORD103737,2025-07-29,CUST-02466,Small Business,North,Jaipur,Electronics,Tablet,1,14270,0.1,12843.0,10508.77,2334.23,UPI
ORD103738,2025-07-29,CUST-03139,Consumer,West,Mumbai,Fashion,Wrist Watch,2,5960,0.1,10728.0,6322.72,4405.28,Cash on Delivery
ORD103739,2025-07-30,CUST-00824,Not Specified,West,Nagpur,Fashion,Handbag,2,4020,0.1,7236.0,3749.5,3486.5,Debit Card
ORD103740,2025-07-30,CUST-02500,Consumer,North,Dehradun,Office,Stationery Kit,4,680,0.05,2584.0,1320.54,1263.46,UPI
ORD103741,2025-07-30,CUST-01924,Consumer,South,Hyderabad,Home & Kitchen,Air Fryer,2,8450,0.05,16055.0,10733.8,5321.2,Credit Card
ORD103742,2025-07-30,CUST-00912,Corporate,East,Bhubaneswar,Office,Stationery Kit,3,510,0.05,1453.5,611.89,841.61,UPI
ORD103743,2025-07-30,CUST-00950,Consumer,West,Pune,Electronics,Smartphone,2,24760,0.05,47044.0,38867.02,8176.98,Cash on Delivery
ORD103744,2025-07-30,CUST-02347,Corporate,South,Chennai,Home & Kitchen,Mixer Grinder,1,6110,0.05,5804.5,3726.18,2078.32,EMI
ORD103745,2025-07-30,CUST-00950,Consumer,West,Pune,Fashion,Denim Jeans,3,990,0.1,2673.0,1164.52,1508.48,Cash on Delivery
ORD103746,2025-07-30,CUST-00147,Corporate,South,Coimbatore,Electronics,Laptop,2,32440,0.05,61636.0,57923.07,3712.93,Debit Card
ORD103747,2025-07-30,CUST-02775,Consumer,North,Delhi,Fashion,Wrist Watch,3,2450,0.1,6615.0,2884.29,3730.71,Cash on Delivery
ORD103748,2025-07-30,CUST-01864,Consumer,North,Dehradun,Office,Desk Lamp,1,890,0.05,845.5,408.33,437.17,UPI
ORD103749,2025-07-30,CUST-02441,Small Business,North,Chandigarh,Electronics,Bluetooth Speaker,1,1290,0.1,1161.0,787.19,373.81,Credit Card
ORD103750,2025-07-30,CUST-01914,Small Business,North,Dehradun,Fashion,Handbag,3,1380,0.1,3726.0,1613.19,2112.81,Credit Card
ORD103751,2025-07-30,CUST-01616,Small Business,South,Chennai,Electronics,Bluetooth Earbuds,3,1290,0.05,3676.5,2568.26,1108.24,Cash on Delivery
ORD103752,2025-07-31,CUST-02467,Consumer,North,Chandigarh,Electronics,Smartwatch,2,1960,0.1,3528.0,2476.85,1051.15,UPI
ORD103753,2025-07-31,CUST-00099,Consumer,East,Guwahati,Electronics,Bluetooth Speaker,1,4020,0.05,3819.0,2433.98,1385.02,Credit Card
ORD103754,2025-07-31,CUST-00967,Consumer,West,Pune,Electronics,Smartphone,2,43940,0.05,83486.0,75121.52,8364.48,Cash on Delivery
ORD103755,2025-07-31,CUST-02005,Consumer,West,Surat,Fashion,Formal Shirt,2,690,0.1,1242.0,455.34,786.66,UPI
ORD103756,2025-07-31,CUST-02993,Consumer,South,Chennai,Office,Whiteboard,4,3330,0.05,12654.0,7613.85,5040.15,Debit Card
ORD103757,2025-07-31,CUST-01213,Consumer,East,Patna,Office,Desk Lamp,4,1770,0.05,6726.0,3840.84,2885.16,EMI
ORD103758,2025-07-31,CUST-03109,Consumer,West,Pune,Electronics,Laptop,2,58010,0.05,110219.0,100056.33,10162.67,UPI
ORD103759,2025-07-31,CUST-02429,Consumer,Central,Bhopal,Home & Kitchen,Air Fryer,3,4890,0.05,13936.5,9574.94,4361.56,EMI
ORD103760,2025-07-31,CUST-01540,Consumer,West,Surat,Electronics,Smartwatch,3,4890,0.05,13936.5,9150.28,4786.22,UPI
ORD103761,2025-08-01,CUST-01338,Consumer,West,Nagpur,Home & Kitchen,Washing Machine,2,24400,0.1,43920.0,30623.01,13296.99,Cash on Delivery
ORD103762,2025-08-01,CUST-00406,Consumer,Central,Raipur,Fashion,Denim Jeans,1,980,0.1,882.0,476.92,405.08,Credit Card
ORD103763,2025-08-01,CUST-01964,Consumer,North,Dehradun,Fashion,Denim Jeans,4,2460,0.1,8856.0,4442.72,4413.28,UPI
ORD103764,2025-08-01,CUST-00161,Corporate,South,Hyderabad,Office,Printer,1,19630,0.05,18648.5,15052.3,3596.2,Debit Card
ORD103765,2025-08-01,CUST-01338,Consumer,West,Nagpur,Home & Kitchen,Washing Machine,3,37150,0.1,100305.0,78897.87,21407.13,UPI
ORD103766,2025-08-01,CUST-00782,Small Business,Central,Bhopal,Fashion,Women's Kurti,2,890,0.1,1602.0,680.17,921.83,Credit Card
ORD103767,2025-08-01,CUST-03036,Consumer,North,Delhi,Office,Desk Lamp,2,610,0.05,1159.0,645.9,513.1,Debit Card
ORD103768,2025-08-01,CUST-01117,Corporate,East,Guwahati,Electronics,LED Television,1,15940,0.05,15143.0,12434.34,2708.66,UPI
ORD103769,2025-08-01,CUST-01550,Small Business,West,Pune,Electronics,Smartphone,1,42350,0.05,40232.5,33464.75,6767.75,Net Banking
ORD103770,2025-08-01,CUST-01152,Consumer,South,Chennai,Office,Whiteboard,4,2260,0.05,8588.0,4970.66,3617.34,Credit Card
ORD103771,2025-08-01,CUST-00439,Small Business,South,Chennai,Fashion,Women's Kurti,3,1830,0.1,4941.0,1706.11,3234.89,Credit Card
ORD103772,2025-08-01,CUST-01085,Consumer,Central,Bhopal,Home & Kitchen,Pressure Cooker,2,1980,0.05,3762.0,1983.5,1778.5,Credit Card
ORD103773,2025-08-01,CUST-02494,Consumer,West,Ahmedabad,Fashion,Men's T-Shirt,2,410,0.1,738.0,334.99,403.01,UPI
ORD103774,2025-08-01,CUST-01979,Corporate,East,Kolkata,Electronics,LED Television,1,76890,0.05,73045.5,62945.15,10100.35,Cash on Delivery
ORD103775,2025-08-01,CUST-01365,Consumer,North,Dehradun,Electronics,Bluetooth Speaker,1,1940,0.1,1746.0,1126.71,619.29,UPI
ORD103776,2025-08-01,CUST-02614,Consumer,West,Nagpur,Fashion,Running Shoes,2,1300,0.1,2340.0,1308.85,1031.15,Credit Card
ORD103777,2025-08-01,CUST-00021,Corporate,West,Nagpur,Electronics,Bluetooth Speaker,1,3000,0.05,2850.0,1615.81,1234.19,Net Banking
ORD103778,2025-08-01,CUST-02630,Consumer,North,Jaipur,Office,File Organizer,2,390,0.05,741.0,366.93,374.07,UPI
ORD103779,2025-08-01,CUST-00188,Consumer,West,Surat,Home & Kitchen,Refrigerator,2,68690,0.1,123642.0,98226.74,25415.26,UPI
ORD103780,2025-08-01,CUST-02763,Small Business,East,Patna,Home & Kitchen,Refrigerator,2,21270,0.1,38286.0,27283.15,11002.85,Credit Card
ORD103781,2025-08-01,CUST-03006,Corporate,North,Jaipur,Home & Kitchen,Microwave Oven,1,16040,0.1,14436.0,10470.89,3965.11,Net Banking
ORD103782,2025-08-01,CUST-02609,Consumer,Central,Indore,Fashion,Handbag,2,2030,0.1,3654.0,1371.82,2282.18,UPI
ORD103783,2025-08-02,CUST-00052,Consumer,West,Pune,Electronics,Tablet,3,22860,0.05,65151.0,51173.71,13977.29,Credit Card
ORD103784,2025-08-02,CUST-01646,Corporate,South,Coimbatore,Fashion,Men's T-Shirt,3,800,0.1,2160.0,827.81,1332.19,Net Banking
ORD103785,2025-08-02,CUST-02636,Consumer,East,Kolkata,Home & Kitchen,Mixer Grinder,3,2450,0.1,6615.0,4990.22,1624.78,UPI
ORD103786,2025-08-02,CUST-01716,Consumer,Central,Gwalior,Home & Kitchen,Pressure Cooker,3,2760,0.05,7866.0,4872.68,2993.32,Debit Card
ORD103787,2025-08-02,CUST-01107,Corporate,Central,Raipur,Office,Office Chair,3,4610,0.05,13138.5,8230.85,4907.65,Credit Card
ORD103788,2025-08-02,CUST-01486,Small Business,North,Chandigarh,Office,Study Table,2,12640,0.05,24016.0,13206.59,10809.41,EMI
ORD103789,2025-08-02,CUST-00276,Consumer,North,Jaipur,Home & Kitchen,Pressure Cooker,3,2880,0.1,7776.0,4668.73,3107.27,Credit Card
ORD103790,2025-08-02,CUST-01577,Consumer,West,Nagpur,Fashion,Winter Jacket,5,1660,0.1,7470.0,3252.11,4217.89,Cash on Delivery
ORD103791,2025-08-02,CUST-00096,Consumer,West,Ahmedabad,Fashion,Denim Jeans,2,2440,0.1,4392.0,1964.9,2427.1,Debit Card
ORD103792,2025-08-02,CUST-02070,Consumer,West,Surat,Office,Whiteboard,3,980,0.05,2793.0,1542.38,1250.62,UPI
ORD103793,2025-08-02,CUST-01199,Consumer,South,Coimbatore,Electronics,Laptop,2,32560,0.05,61864.0,54144.44,7719.56,Debit Card
ORD103794,2025-08-02,CUST-00609,Small Business,South,Chennai,Home & Kitchen,Refrigerator,1,21170,0.05,20111.5,14251.33,5860.17,Credit Card
ORD103795,2025-08-02,CUST-00047,Corporate,East,Kolkata,Home & Kitchen,Mixer Grinder,3,1830,0.1,4941.0,3244.32,1696.68,Credit Card
ORD103796,2025-08-02,CUST-02913,Consumer,North,Delhi,Office,Office Chair,2,8040,0.05,15276.0,10240.5,5035.5,Debit Card
ORD103797,2025-08-02,CUST-01766,Consumer,West,Mumbai,Home & Kitchen,Ceiling Fan,4,4120,0.1,14832.0,10989.88,3842.12,UPI
ORD103798,2025-08-02,CUST-02078,Small Business,North,Chandigarh,Home & Kitchen,Water Purifier,1,7960,0.1,7164.0,4551.26,2612.74,Debit Card
ORD103799,2025-08-02,CUST-02494,Consumer,West,Ahmedabad,Electronics,Tablet,2,13890,0.05,26391.0,20182.03,6208.97,Debit Card
ORD103800,2025-08-02,CUST-01999,Consumer,West,Nagpur,Home & Kitchen,Mixer Grinder,2,4570,0.1,8226.0,5077.21,3148.79,UPI
ORD103801,2025-08-02,CUST-01278,Corporate,North,Delhi,Electronics,Power Bank,1,3010,0.1,2709.0,1457.94,1251.06,Credit Card
ORD103802,2025-08-02,CUST-02005,Consumer,West,Surat,Fashion,Women's Kurti,3,1850,0.1,4995.0,1930.53,3064.47,Credit Card
ORD103803,2025-08-02,CUST-00821,Consumer,Central,Bhopal,Electronics,Tablet,1,18100,0.05,17195.0,15266.01,1928.99,UPI
ORD103804,2025-08-02,CUST-01773,Small Business,South,Coimbatore,Electronics,Bluetooth Earbuds,1,1300,0.05,1235.0,787.36,447.64,Credit Card
ORD103805,2025-08-02,CUST-00670,Corporate,West,Surat,Electronics,Bluetooth Speaker,2,1960,0.05,3724.0,1969.09,1754.91,Debit Card
ORD103806,2025-08-02,CUST-02902,Consumer,North,Jaipur,Electronics,Power Bank,2,880,0.1,1584.0,956.44,627.56,UPI
ORD103807,2025-08-02,CUST-01604,Consumer,West,Ahmedabad,Home & Kitchen,Washing Machine,3,48570,0.1,131139.0,91654.72,39484.28,Debit Card
ORD103808,2025-08-02,CUST-00767,Corporate,West,Nagpur,Fashion,Denim Jeans,4,2500,0.1,9000.0,4324.61,4675.39,Net Banking
ORD103809,2025-08-02,CUST-02051,Consumer,West,Surat,Fashion,Wrist Watch,5,1740,0.1,7830.0,3487.16,4342.84,Net Banking
ORD103810,2025-08-02,CUST-00314,Small Business,North,Dehradun,Electronics,Smartwatch,2,13870,0.1,24966.0,15342.59,9623.41,Cash on Delivery
ORD103811,2025-08-02,CUST-01355,Small Business,North,Dehradun,Office,Laptop Bag,2,2940,0.05,5586.0,2963.93,2622.07,UPI
ORD103812,2025-08-02,CUST-02750,Consumer,South,Hyderabad,Office,Whiteboard,4,1510,0.05,5738.0,3495.2,2242.8,Debit Card
ORD103813,2025-08-02,CUST-02459,Consumer,North,Lucknow,Office,Office Chair,1,4510,0.05,4284.5,2267.44,2017.06,Net Banking
ORD103814,2025-08-02,CUST-02262,Consumer,South,Hyderabad,Electronics,Bluetooth Speaker,1,3030,0.05,2878.5,1871.16,1007.34,Net Banking
ORD103815,2025-08-02,CUST-01486,Small Business,North,Chandigarh,Fashion,Men's T-Shirt,3,780,0.1,2106.0,859.53,1246.47,Cash on Delivery
ORD103816,2025-08-02,CUST-01399,Corporate,East,Patna,Electronics,Tablet,1,28970,0.05,27521.5,22138.51,5382.99,Credit Card
ORD103817,2025-08-02,CUST-00035,Consumer,West,Surat,Office,Office Chair,3,11050,0.05,31492.5,21381.0,10111.5,UPI
ORD103818,2025-08-03,CUST-01902,Small Business,South,Hyderabad,Fashion,Running Shoes,2,3520,0.1,6336.0,3574.08,2761.92,UPI
ORD103819,2025-08-03,CUST-01833,Small Business,North,Chandigarh,Fashion,Women's Kurti,4,590,0.1,2124.0,1031.34,1092.66,Cash on Delivery
ORD103820,2025-08-03,CUST-00022,Corporate,North,Delhi,Fashion,Winter Jacket,2,1740,0.1,3132.0,1506.6,1625.4,Not Specified
ORD103821,2025-08-03,CUST-00439,Small Business,South,Chennai,Electronics,Smartwatch,2,3570,0.05,6783.0,4464.96,2318.04,UPI
ORD103822,2025-08-03,CUST-00035,Consumer,West,Surat,Office,Desk Lamp,2,880,0.05,1672.0,808.66,863.34,Credit Card
ORD103823,2025-08-03,CUST-00822,Consumer,East,Kolkata,Office,Whiteboard,1,3300,0.05,3135.0,1856.64,1278.36,UPI
ORD103824,2025-08-03,CUST-00019,Consumer,East,Ranchi,Office,Whiteboard,2,1020,0.05,1938.0,1063.37,874.63,Credit Card
ORD103825,2025-08-03,CUST-01298,Consumer,South,Hyderabad,Electronics,Smartwatch,1,2020,0.05,1919.0,1361.1,557.9,UPI
ORD103826,2025-08-03,CUST-01503,Consumer,South,Hyderabad,Home & Kitchen,Pressure Cooker,3,1510,0.05,4303.5,2669.1,1634.4,Credit Card
ORD103827,2025-08-03,CUST-01364,Consumer,South,Hyderabad,Electronics,LED Television,1,21860,0.05,20767.0,17645.44,3121.56,UPI
ORD103828,2025-08-03,CUST-00644,Consumer,South,Coimbatore,Fashion,Formal Shirt,1,690,0.1,621.0,324.18,296.82,UPI
ORD103829,2025-08-03,CUST-01639,Corporate,South,Chennai,Electronics,LED Television,1,40260,0.05,38247.0,32641.33,5605.67,Credit Card
ORD103830,2025-08-03,CUST-02596,Small Business,West,Pune,Electronics,Power Bank,1,3000,0.05,2850.0,1528.61,1321.39,Cash on Delivery
ORD103831,2025-08-03,CUST-00950,Consumer,West,Pune,Home & Kitchen,Water Purifier,1,5840,0.1,5256.0,3342.96,1913.04,Cash on Delivery
ORD103832,2025-08-03,CUST-00968,Small Business,West,Pune,Electronics,Laptop,1,49230,0.05,46768.5,41482.96,5285.54,Credit Card
ORD103833,2025-08-03,CUST-01703,Consumer,West,Nagpur,Fashion,Handbag,1,1370,0.1,1233.0,630.45,602.55,EMI
ORD103834,2025-08-03,CUST-00767,Corporate,West,Nagpur,Office,Desk Lamp,4,880,0.05,3344.0,1457.95,1886.05,Cash on Delivery
ORD103835,2025-08-03,CUST-01026,Consumer,South,Kochi,Home & Kitchen,Pressure Cooker,5,1530,0.05,7267.5,4200.29,3067.21,UPI
ORD103836,2025-08-03,CUST-01422,Consumer,South,Hyderabad,Office,Stationery Kit,3,710,0.05,2023.5,920.1,1103.4,Credit Card
ORD103837,2025-08-03,CUST-01189,Consumer,South,Bengaluru,Electronics,Bluetooth Earbuds,2,1270,0.05,2413.0,1539.87,873.13,Credit Card
ORD103838,2025-08-03,CUST-02607,Corporate,South,Kochi,Electronics,Bluetooth Earbuds,1,4910,0.05,4664.5,2718.14,1946.36,Debit Card
ORD103839,2025-08-04,CUST-02699,Consumer,West,Pune,Fashion,Handbag,4,4010,0.1,14436.0,5909.26,8526.74,Debit Card
ORD103840,2025-08-04,CUST-01243,Corporate,North,Jaipur,Fashion,Wrist Watch,5,1690,0.1,7605.0,3996.75,3608.25,Cash on Delivery
ORD103841,2025-08-04,CUST-01403,Small Business,North,Chandigarh,Electronics,Tablet,1,13990,0.1,12591.0,11290.69,1300.31,UPI
ORD103842,2025-08-04,CUST-03036,Consumer,North,Delhi,Electronics,Smartphone,2,49480,0.1,89064.0,79551.82,9512.18,UPI
ORD103843,2025-08-04,CUST-01599,Consumer,West,Surat,Electronics,Smartwatch,1,13900,0.05,13205.0,8129.64,5075.36,Credit Card
ORD103844,2025-08-04,CUST-03186,Consumer,North,Lucknow,Electronics,Bluetooth Earbuds,1,5920,0.1,5328.0,3932.68,1395.32,Net Banking
ORD103845,2025-08-04,CUST-02448,Consumer,East,Patna,Fashion,Women's Kurti,2,1330,0.1,2394.0,1118.73,1275.27,Credit Card
ORD103846,2025-08-04,CUST-00871,Small Business,North,Jaipur,Fashion,Winter Jacket,4,1650,0.1,5940.0,2785.45,3154.55,Cash on Delivery
ORD103847,2025-08-04,CUST-00752,Consumer,North,Lucknow,Office,Study Table,1,7770,0.05,7381.5,4567.99,2813.51,Credit Card
ORD103848,2025-08-04,CUST-00509,Consumer,Central,Gwalior,Home & Kitchen,Mixer Grinder,3,6000,0.05,17100.0,11989.09,5110.91,Credit Card
ORD103849,2025-08-04,CUST-02563,Consumer,North,Chandigarh,Fashion,Women's Kurti,3,590,0.1,1593.0,605.82,987.18,Net Banking
ORD103850,2025-08-04,CUST-00955,Consumer,East,Kolkata,Electronics,Smartwatch,2,2000,0.05,3800.0,2674.57,1125.43,EMI
ORD103851,2025-08-04,CUST-02181,Corporate,West,Mumbai,Office,Office Chair,1,8210,0.05,7799.5,4242.73,3556.77,Credit Card
ORD103852,2025-08-04,CUST-01694,Consumer,East,Kolkata,Electronics,Smartwatch,1,9830,0.05,9338.5,6531.08,2807.42,Credit Card
ORD103853,2025-08-04,CUST-02626,Consumer,Central,Indore,Home & Kitchen,Ceiling Fan,2,1660,0.05,3154.0,2024.47,1129.53,Debit Card
ORD103854,2025-08-04,CUST-02409,Consumer,Central,Raipur,Electronics,Smartphone,1,42370,0.05,40251.5,33531.82,6719.68,Credit Card
ORD103855,2025-08-04,CUST-00205,Consumer,West,Nagpur,Fashion,Handbag,3,1970,0.1,5319.0,2335.97,2983.03,UPI
ORD103856,2025-08-04,CUST-01026,Consumer,South,Kochi,Electronics,Laptop,3,32760,0.05,93366.0,82507.95,10858.05,UPI
ORD103857,2025-08-04,CUST-01629,Consumer,South,Hyderabad,Home & Kitchen,Washing Machine,2,48370,0.05,91903.0,72105.32,19797.68,EMI
ORD103858,2025-08-05,CUST-02554,Consumer,North,Dehradun,Electronics,Smartwatch,3,10230,0.1,27621.0,18251.8,9369.2,Net Banking
ORD103859,2025-08-05,CUST-02296,Consumer,Central,Jabalpur,Fashion,Winter Jacket,3,2300,0.1,6210.0,3451.89,2758.11,Cash on Delivery
ORD103860,2025-08-05,CUST-01735,Consumer,West,Pune,Electronics,Laptop,2,40200,0.05,76380.0,68805.18,7574.82,Net Banking
ORD103861,2025-08-05,CUST-02571,Consumer,West,Pune,Home & Kitchen,Mixer Grinder,4,4410,0.1,15876.0,9771.63,6104.37,Cash on Delivery
ORD103862,2025-08-05,CUST-01357,Small Business,West,Pune,Fashion,Formal Shirt,4,1360,0.1,4896.0,1829.28,3066.72,Net Banking
ORD103863,2025-08-05,CUST-00179,Consumer,North,Jaipur,Electronics,Tablet,1,17830,0.1,16047.0,13329.04,2717.96,EMI
ORD103864,2025-08-05,CUST-02763,Small Business,East,Patna,Fashion,Winter Jacket,1,2920,0.1,2628.0,1141.35,1486.65,Debit Card
ORD103865,2025-08-05,CUST-01648,Consumer,South,Hyderabad,Office,Laptop Bag,1,1220,0.05,1159.0,664.69,494.31,EMI
ORD103866,2025-08-05,CUST-02571,Consumer,West,Pune,Home & Kitchen,Ceiling Fan,3,3960,0.1,10692.0,7557.76,3134.24,UPI
ORD103867,2025-08-05,CUST-01207,Consumer,North,Chandigarh,Fashion,Denim Jeans,2,1850,0.1,3330.0,1548.38,1781.62,Net Banking
ORD103868,2025-08-05,CUST-01862,Consumer,West,Nagpur,Home & Kitchen,Microwave Oven,2,13080,0.1,23544.0,16230.41,7313.59,UPI
ORD103869,2025-08-05,CUST-01014,Small Business,West,Surat,Office,Office Chair,4,6030,0.05,22914.0,13454.39,9459.61,EMI
ORD103870,2025-08-05,CUST-01270,Corporate,Central,Jabalpur,Electronics,Bluetooth Speaker,2,1310,0.05,2489.0,1695.65,793.35,Net Banking
ORD103871,2025-08-05,CUST-00474,Consumer,West,Mumbai,Office,Stationery Kit,3,510,0.05,1453.5,693.12,760.38,Credit Card
ORD103872,2025-08-05,CUST-02385,Consumer,West,Mumbai,Home & Kitchen,Washing Machine,3,57600,0.1,155520.0,113847.46,41672.54,Debit Card
ORD103873,2025-08-05,CUST-00936,Consumer,North,Dehradun,Home & Kitchen,Pressure Cooker,2,3540,0.1,6372.0,3995.38,2376.62,UPI
ORD103874,2025-08-05,CUST-00950,Consumer,West,Pune,Home & Kitchen,Air Fryer,1,4080,0.1,3672.0,2291.7,1380.3,UPI
ORD103875,2025-08-05,CUST-01087,Small Business,West,Pune,Electronics,Bluetooth Speaker,2,1270,0.05,2413.0,1476.16,936.84,Credit Card
ORD103876,2025-08-05,CUST-01351,Small Business,South,Kochi,Home & Kitchen,Ceiling Fan,5,2810,0.05,13347.5,9143.08,4204.42,Credit Card
ORD103877,2025-08-05,CUST-01828,Consumer,North,Chandigarh,Fashion,Denim Jeans,1,990,0.1,891.0,401.43,489.57,Debit Card
ORD103878,2025-08-06,CUST-02194,Small Business,South,Bengaluru,Home & Kitchen,Air Fryer,1,10850,0.05,10307.5,7197.95,3109.55,UPI
ORD103879,2025-08-06,CUST-02180,Consumer,South,Coimbatore,Fashion,Denim Jeans,2,1390,0.1,2502.0,999.14,1502.86,UPI
ORD103880,2025-08-06,CUST-01320,Consumer,South,Kochi,Electronics,Laptop,2,83430,0.05,158517.0,143836.83,14680.17,EMI
ORD103881,2025-08-06,CUST-01529,Consumer,East,Bhubaneswar,Electronics,Smartphone,2,24410,0.05,46379.0,38740.3,7638.7,Cash on Delivery
ORD103882,2025-08-06,CUST-00449,Small Business,North,Jaipur,Home & Kitchen,Water Purifier,3,10780,0.1,29106.0,18089.08,11016.92,Credit Card
ORD103883,2025-08-06,CUST-01633,Corporate,South,Chennai,Home & Kitchen,Pressure Cooker,3,2020,0.05,5757.0,3114.24,2642.76,Net Banking
ORD103884,2025-08-06,CUST-02787,Consumer,North,Lucknow,Office,File Organizer,1,1170,0.05,1111.5,499.6,611.9,Credit Card
ORD103885,2025-08-06,CUST-01447,Consumer,North,Jaipur,Office,Office Chair,2,6000,0.05,11400.0,6366.66,5033.34,EMI
ORD103886,2025-08-06,CUST-02966,Corporate,North,Chandigarh,Electronics,Bluetooth Earbuds,3,6140,0.1,16578.0,12273.48,4304.52,UPI
ORD103887,2025-08-06,CUST-00496,Consumer,West,Pune,Electronics,Smartphone,1,44090,0.05,41885.5,36148.97,5736.53,UPI
ORD103888,2025-08-06,CUST-02368,Consumer,East,Guwahati,Fashion,Women's Kurti,4,1260,0.1,4536.0,1527.63,3008.37,Credit Card
ORD103889,2025-08-06,CUST-02279,Small Business,South,Bengaluru,Home & Kitchen,Washing Machine,4,37330,0.05,141854.0,107622.71,34231.29,Credit Card
ORD103890,2025-08-06,CUST-02192,Small Business,North,Lucknow,Electronics,Bluetooth Speaker,2,6070,0.1,10926.0,6143.23,4782.77,UPI
ORD103891,2025-08-06,CUST-02127,Small Business,South,Hyderabad,Fashion,Denim Jeans,5,2520,0.1,11340.0,4420.47,6919.53,Debit Card
ORD103892,2025-08-06,CUST-00065,Consumer,West,Surat,Fashion,Formal Shirt,1,710,0.1,639.0,309.47,329.53,UPI
ORD103893,2025-08-06,CUST-02388,Corporate,North,Chandigarh,Electronics,LED Television,2,75120,0.1,135216.0,121424.77,13791.23,Net Banking
ORD103894,2025-08-06,CUST-01584,Consumer,West,Nagpur,Home & Kitchen,Air Fryer,4,8330,0.1,29988.0,21324.69,8663.31,Credit Card
ORD103895,2025-08-06,CUST-01641,Consumer,South,Hyderabad,Fashion,Formal Shirt,5,1370,0.1,6165.0,3260.2,2904.8,Net Banking
ORD103896,2025-08-06,CUST-00155,Small Business,Central,Bhopal,Home & Kitchen,Ceiling Fan,4,1300,0.05,4940.0,3489.98,1450.02,UPI
ORD103897,2025-08-06,CUST-00601,Consumer,North,Dehradun,Fashion,Men's T-Shirt,3,1650,0.1,4455.0,1887.39,2567.61,Debit Card
ORD103898,2025-08-06,CUST-02880,Corporate,North,Delhi,Electronics,Bluetooth Speaker,2,1300,0.1,2340.0,1471.23,868.77,Not Specified
ORD103899,2025-08-07,CUST-00971,Corporate,North,Delhi,Fashion,Denim Jeans,2,1380,0.1,2484.0,1161.46,1322.54,Credit Card
ORD103900,2025-08-07,CUST-01213,Consumer,East,Patna,Fashion,Formal Shirt,1,710,0.1,639.0,250.68,388.32,Net Banking
ORD103901,2025-08-07,CUST-00604,Corporate,West,Surat,Office,Office Chair,4,11060,0.05,42028.0,23841.47,18186.53,Cash on Delivery
ORD103902,2025-08-07,CUST-02022,Small Business,West,Ahmedabad,Home & Kitchen,Refrigerator,2,69200,0.1,124560.0,86595.96,37964.04,UPI
ORD103903,2025-08-07,CUST-02382,Consumer,West,Ahmedabad,Home & Kitchen,Pressure Cooker,5,3490,0.1,15705.0,8785.92,6919.08,Credit Card
ORD103904,2025-08-07,CUST-02910,Corporate,West,Nagpur,Electronics,Bluetooth Earbuds,2,5870,0.05,11153.0,7263.12,3889.88,Credit Card
ORD103905,2025-08-07,CUST-01775,Consumer,North,Dehradun,Home & Kitchen,Refrigerator,2,35830,0.1,64494.0,50005.66,14488.34,UPI
ORD103906,2025-08-07,CUST-00925,Consumer,Central,Gwalior,Electronics,Power Bank,1,1790,0.05,1700.5,820.86,879.64,UPI
ORD103907,2025-08-07,CUST-00241,Small Business,South,Coimbatore,Electronics,Smartwatch,2,5030,0.05,9557.0,5738.92,3818.08,Credit Card
ORD103908,2025-08-07,CUST-00881,Small Business,West,Pune,Office,Study Table,1,4420,0.05,4199.0,2366.41,1832.59,UPI
ORD103909,2025-08-07,CUST-01972,Consumer,North,Lucknow,Office,Laptop Bag,3,3040,0.05,8664.0,4923.39,3740.61,UPI
ORD103910,2025-08-07,CUST-03104,Consumer,South,Bengaluru,Office,Stationery Kit,1,1000,0.05,950.0,472.42,477.58,UPI
ORD103911,2025-08-07,CUST-00272,Consumer,West,Nagpur,Fashion,Winter Jacket,3,4010,0.1,10827.0,5358.64,5468.36,UPI
ORD103912,2025-08-07,CUST-01196,Consumer,West,Mumbai,Electronics,Smartwatch,1,1990,0.05,1890.5,1138.73,751.77,EMI
ORD103913,2025-08-07,CUST-02143,Consumer,Central,Jabalpur,Fashion,Men's T-Shirt,5,1180,0.1,5310.0,2087.3,3222.7,Debit Card
ORD103914,2025-08-07,CUST-01822,Consumer,North,Chandigarh,Office,File Organizer,1,820,0.05,779.0,324.37,454.63,Cash on Delivery
ORD103915,2025-08-08,CUST-02095,Consumer,North,Chandigarh,Fashion,Men's T-Shirt,2,590,0.1,1062.0,488.28,573.72,UPI
ORD103916,2025-08-08,CUST-01459,Consumer,North,Lucknow,Fashion,Formal Shirt,1,690,0.1,621.0,233.84,387.16,Debit Card
ORD103917,2025-08-08,CUST-00885,Small Business,Central,Jabalpur,Electronics,Smartwatch,2,7010,0.05,13319.0,8439.68,4879.32,Debit Card
ORD103918,2025-08-08,CUST-01532,Corporate,Central,Indore,Fashion,Handbag,2,890,0.1,1602.0,567.4,1034.6,Net Banking
ORD103919,2025-08-08,CUST-01173,Consumer,North,Jaipur,Fashion,Denim Jeans,2,2430,0.1,4374.0,1762.91,2611.09,UPI
ORD103920,2025-08-08,CUST-02280,Consumer,East,Kolkata,Fashion,Winter Jacket,5,1700,0.1,7650.0,4609.49,3040.51,Debit Card
ORD103921,2025-08-08,CUST-00542,Small Business,South,Coimbatore,Home & Kitchen,Washing Machine,2,57950,0.05,110105.0,77355.52,32749.48,Credit Card
ORD103922,2025-08-08,CUST-01576,Consumer,South,Chennai,Home & Kitchen,Water Purifier,4,17720,0.05,67336.0,46589.05,20746.95,UPI
ORD103923,2025-08-08,CUST-03044,Small Business,South,Kochi,Home & Kitchen,Refrigerator,4,35680,0.05,135584.0,90167.81,45416.19,UPI
ORD103924,2025-08-08,CUST-01662,Consumer,South,Hyderabad,Fashion,Formal Shirt,2,1020,0.1,1836.0,792.98,1043.02,UPI
ORD103925,2025-08-08,CUST-00782,Small Business,Central,Bhopal,Fashion,Formal Shirt,2,1000,0.1,1800.0,726.81,1073.19,Debit Card
ORD103926,2025-08-08,CUST-02961,Consumer,South,Chennai,Office,Office Chair,1,4430,0.05,4208.5,2684.56,1523.94,UPI
ORD103927,2025-08-08,CUST-00790,Consumer,South,Coimbatore,Electronics,Tablet,2,23080,0.05,43852.0,35569.2,8282.8,UPI
ORD103928,2025-08-08,CUST-02411,Consumer,East,Guwahati,Home & Kitchen,Water Purifier,3,8040,0.1,21708.0,14942.12,6765.88,UPI
ORD103929,2025-08-09,CUST-00362,Small Business,South,Chennai,Electronics,Tablet,2,14330,0.05,27227.0,24286.39,2940.61,Net Banking
ORD103930,2025-08-09,CUST-02708,Consumer,East,Ranchi,Home & Kitchen,Mixer Grinder,2,5960,0.1,10728.0,7222.7,3505.3,Debit Card
ORD103931,2025-08-09,CUST-00567,Consumer,East,Patna,Electronics,Bluetooth Speaker,1,1980,0.05,1881.0,1098.85,782.15,Debit Card
ORD103932,2025-08-09,CUST-01215,Consumer,North,Chandigarh,Office,Study Table,1,12880,0.05,12236.0,7498.01,4737.99,Credit Card
ORD103933,2025-08-09,CUST-03072,Small Business,Central,Indore,Office,File Organizer,1,1220,0.05,1159.0,465.84,693.16,Cash on Delivery
ORD103934,2025-08-09,CUST-01841,Small Business,North,Lucknow,Home & Kitchen,Air Fryer,1,6330,0.1,5697.0,3638.13,2058.87,Net Banking
ORD103935,2025-08-09,CUST-00869,Consumer,South,Hyderabad,Home & Kitchen,Washing Machine,2,37700,0.05,71630.0,48738.54,22891.46,Debit Card
ORD103936,2025-08-09,CUST-00004,Consumer,West,Surat,Fashion,Running Shoes,3,3540,0.1,9558.0,4620.24,4937.76,Credit Card
ORD103937,2025-08-09,CUST-00028,Consumer,West,Ahmedabad,Office,Study Table,1,7930,0.05,7533.5,4677.72,2855.78,Not Specified
ORD103938,2025-08-09,CUST-00920,Corporate,West,Surat,Electronics,Smartphone,1,24540,0.05,23313.0,21296.6,2016.4,Cash on Delivery
ORD103939,2025-08-09,CUST-01650,Small Business,South,Kochi,Fashion,Denim Jeans,2,1890,0.1,3402.0,1452.48,1949.52,Debit Card
ORD103940,2025-08-09,CUST-01540,Consumer,West,Surat,Electronics,Tablet,2,13720,0.05,26068.0,22152.02,3915.98,EMI
ORD103941,2025-08-09,CUST-02911,Corporate,North,Delhi,Home & Kitchen,Washing Machine,2,18890,0.1,34002.0,26226.56,7775.44,Cash on Delivery
ORD103942,2025-08-09,CUST-02450,Consumer,South,Chennai,Home & Kitchen,Water Purifier,1,6040,0.05,5738.0,3661.14,2076.86,EMI
ORD103943,2025-08-09,CUST-02919,Consumer,Central,Jabalpur,Office,Study Table,1,4560,0.05,4332.0,2505.39,1826.61,UPI
ORD103944,2025-08-10,CUST-01605,Small Business,West,Nagpur,Office,Desk Lamp,2,1780,0.1,3204.0,1440.81,1763.19,Credit Card
ORD103945,2025-08-10,CUST-01398,Consumer,North,Delhi,Office,Desk Lamp,3,1300,0.1,3510.0,1774.01,1735.99,Net Banking
ORD103946,2025-08-10,CUST-01787,Corporate,West,Ahmedabad,Office,Stationery Kit,3,290,0.1,783.0,371.95,411.05,UPI
ORD103947,2025-08-10,CUST-01148,Consumer,Central,Raipur,Home & Kitchen,Air Fryer,2,6690,0.1,12042.0,7891.55,4150.45,Net Banking
ORD103948,2025-08-10,CUST-00697,Consumer,West,Surat,Office,Laptop Bag,1,1670,0.1,1503.0,768.79,734.21,Credit Card
ORD103949,2025-08-10,CUST-02662,Consumer,South,Coimbatore,Electronics,Bluetooth Speaker,1,2010,0.1,1809.0,1213.94,595.06,EMI
ORD103950,2025-08-10,CUST-02192,Small Business,North,Lucknow,Home & Kitchen,Refrigerator,5,28100,0.15,119425.0,89815.0,29610.0,Credit Card
ORD103951,2025-08-10,CUST-00994,Small Business,South,Chennai,Electronics,Smartphone,1,48520,0.1,43668.0,38727.64,4940.36,Cash on Delivery
ORD103952,2025-08-10,CUST-01398,Consumer,North,Delhi,Fashion,Wrist Watch,2,6140,0.15,10438.0,4818.35,5619.65,Credit Card
ORD103953,2025-08-10,CUST-00741,Consumer,West,Pune,Fashion,Wrist Watch,3,970,0.15,2473.5,1157.53,1315.97,Debit Card
ORD103954,2025-08-10,CUST-01779,Consumer,South,Kochi,Home & Kitchen,Washing Machine,4,29630,0.1,106668.0,82907.12,23760.88,Debit Card
ORD103955,2025-08-10,CUST-01103,Corporate,East,Ranchi,Home & Kitchen,Pressure Cooker,3,1490,0.15,3799.5,2421.61,1377.89,UPI
ORD103956,2025-08-10,CUST-02779,Corporate,East,Ranchi,Fashion,Running Shoes,4,5040,0.15,17136.0,8427.85,8708.15,Debit Card
ORD103957,2025-08-10,CUST-01655,Small Business,West,Mumbai,Electronics,LED Television,1,40200,0.1,36180.0,30332.44,5847.56,UPI
ORD103958,2025-08-10,CUST-01275,Small Business,West,Nagpur,Electronics,Bluetooth Earbuds,1,1290,0.1,1161.0,761.25,399.75,UPI
ORD103959,2025-08-10,CUST-02402,Consumer,West,Mumbai,Fashion,Handbag,2,2030,0.15,3451.0,1818.69,1632.31,Debit Card
ORD103960,2025-08-10,CUST-02866,Small Business,East,Bhubaneswar,Home & Kitchen,Mixer Grinder,4,4470,0.15,15198.0,10809.61,4388.39,Credit Card
ORD103961,2025-08-10,CUST-02607,Corporate,South,Kochi,Home & Kitchen,Ceiling Fan,4,1290,0.1,4644.0,3466.64,1177.36,Credit Card
ORD103962,2025-08-10,CUST-01572,Small Business,West,Ahmedabad,Fashion,Running Shoes,1,2540,0.15,2159.0,1263.17,895.83,Credit Card
ORD103963,2025-08-10,CUST-01091,Consumer,North,Dehradun,Fashion,Winter Jacket,2,3030,0.15,5151.0,3332.2,1818.8,Cash on Delivery
ORD103964,2025-08-10,CUST-02125,Consumer,South,Coimbatore,Fashion,Denim Jeans,2,1400,0.15,2380.0,1396.49,983.51,UPI
ORD103965,2025-08-10,CUST-02604,Consumer,North,Dehradun,Home & Kitchen,Mixer Grinder,2,3330,0.15,5661.0,4461.99,1199.01,Debit Card
ORD103966,2025-08-10,CUST-03125,Corporate,West,Nagpur,Home & Kitchen,Refrigerator,4,20530,0.15,69802.0,54871.24,14930.76,Debit Card
ORD103967,2025-08-10,CUST-01438,Consumer,West,Pune,Fashion,Denim Jeans,2,3050,0.15,5185.0,2908.3,2276.7,EMI
ORD103968,2025-08-10,CUST-02148,Consumer,East,Bhubaneswar,Electronics,Bluetooth Speaker,3,1970,0.1,5319.0,3484.6,1834.4,Cash on Delivery
ORD103969,2025-08-10,CUST-00950,Consumer,West,Pune,Office,Whiteboard,1,990,0.1,891.0,498.73,392.27,Credit Card
ORD103970,2025-08-11,CUST-00301,Consumer,West,Pune,Office,Desk Lamp,2,610,0.1,1098.0,623.31,474.69,UPI
ORD103971,2025-08-11,CUST-00822,Consumer,East,Kolkata,Fashion,Women's Kurti,3,2290,0.15,5839.5,3255.76,2583.74,Debit Card
ORD103972,2025-08-11,CUST-00042,Corporate,Central,Jabalpur,Electronics,LED Television,2,29660,0.1,53388.0,45746.11,7641.89,UPI
ORD103973,2025-08-11,CUST-01604,Consumer,West,Ahmedabad,Office,Printer,4,6860,0.1,24696.0,21264.65,3431.35,UPI
ORD103974,2025-08-11,CUST-01148,Consumer,Central,Raipur,Fashion,Women's Kurti,3,590,0.15,1504.5,755.63,748.87,Credit Card
ORD103975,2025-08-11,CUST-02188,Consumer,South,Kochi,Home & Kitchen,Air Fryer,1,5020,0.1,4518.0,2841.35,1676.65,UPI
ORD103976,2025-08-11,CUST-01964,Consumer,North,Dehradun,Fashion,Denim Jeans,5,1020,0.15,4335.0,2278.09,2056.91,UPI
ORD103977,2025-08-11,CUST-00537,Consumer,West,Pune,Electronics,LED Television,2,21450,0.1,38610.0,32863.91,5746.09,UPI
ORD103978,2025-08-11,CUST-02170,Small Business,West,Ahmedabad,Office,File Organizer,1,580,0.1,522.0,280.22,241.78,UPI
ORD103979,2025-08-11,CUST-00597,Corporate,West,Nagpur,Electronics,Smartwatch,3,7150,0.1,19305.0,13562.39,5742.61,UPI
ORD103980,2025-08-11,CUST-00025,Consumer,North,Chandigarh,Electronics,Bluetooth Earbuds,1,6060,0.15,5151.0,3356.6,1794.4,UPI
ORD103981,2025-08-11,CUST-03083,Consumer,South,Bengaluru,Home & Kitchen,Mixer Grinder,3,4460,0.1,12042.0,8388.65,3653.35,Net Banking
ORD103982,2025-08-11,CUST-00090,Consumer,Central,Raipur,Home & Kitchen,Ceiling Fan,4,1750,0.1,6300.0,4356.21,1943.79,UPI
ORD103983,2025-08-11,CUST-01036,Consumer,South,Chennai,Home & Kitchen,Refrigerator,3,67740,0.1,182898.0,139361.25,43536.75,Credit Card
ORD103984,2025-08-11,CUST-02041,Consumer,North,Dehradun,Fashion,Formal Shirt,2,690,0.15,1173.0,483.22,689.78,Credit Card
ORD103985,2025-08-11,CUST-01144,Consumer,North,Chandigarh,Electronics,Bluetooth Speaker,2,4020,0.15,6834.0,4882.78,1951.22,Debit Card
ORD103986,2025-08-11,CUST-01172,Corporate,South,Kochi,Fashion,Men's T-Shirt,3,2430,0.15,6196.5,2942.04,3254.46,Credit Card
ORD103987,2025-08-11,CUST-02321,Corporate,South,Kochi,Home & Kitchen,Ceiling Fan,3,2860,0.1,7722.0,5810.81,1911.19,Credit Card
ORD103988,2025-08-11,CUST-01911,Consumer,West,Ahmedabad,Home & Kitchen,Ceiling Fan,1,1730,0.15,1470.5,1159.3,311.2,Debit Card
ORD103989,2025-08-11,CUST-01621,Consumer,Central,Bhopal,Home & Kitchen,Ceiling Fan,1,1710,0.1,1539.0,1024.26,514.74,Credit Card
ORD103990,2025-08-11,CUST-02820,Consumer,South,Chennai,Fashion,Wrist Watch,5,1730,0.15,7352.5,3465.56,3886.94,Net Banking
ORD103991,2025-08-11,CUST-00361,Consumer,South,Hyderabad,Electronics,LED Television,1,74260,0.1,66834.0,57013.76,9820.24,Cash on Delivery
ORD103992,2025-08-12,CUST-01484,Corporate,South,Chennai,Home & Kitchen,Microwave Oven,3,13070,0.1,35289.0,27669.38,7619.62,Net Banking
ORD103993,2025-08-12,CUST-00782,Small Business,Central,Bhopal,Fashion,Formal Shirt,3,690,0.15,1759.5,690.22,1069.28,UPI
ORD103994,2025-08-12,CUST-00115,Consumer,South,Chennai,Home & Kitchen,Pressure Cooker,2,1520,0.1,2736.0,1683.02,1052.98,Debit Card
ORD103995,2025-08-12,CUST-03128,Consumer,Central,Raipur,Electronics,LED Television,3,21770,0.1,58779.0,54006.05,4772.95,UPI
ORD103996,2025-08-12,CUST-02358,Consumer,East,Bhubaneswar,Fashion,Running Shoes,2,2470,0.15,4199.0,2242.75,1956.25,Cash on Delivery
ORD103997,2025-08-12,CUST-00708,Small Business,West,Nagpur,Fashion,Running Shoes,1,1770,0.15,1504.5,969.29,535.21,UPI
ORD103998,2025-08-12,CUST-01243,Corporate,North,Jaipur,Home & Kitchen,Mixer Grinder,2,2490,0.15,4233.0,3371.62,861.38,Credit Card
ORD103999,2025-08-12,CUST-00742,Small Business,North,Dehradun,Electronics,Bluetooth Earbuds,2,4870,0.15,8279.0,6710.83,1568.17,Credit Card
ORD104000,2025-08-12,CUST-02200,Consumer,West,Nagpur,Office,Laptop Bag,2,2940,0.1,5292.0,3226.66,2065.34,Net Banking
ORD104001,2025-08-12,CUST-01078,Small Business,Central,Indore,Fashion,Winter Jacket,3,2920,0.15,7446.0,4700.53,2745.47,UPI
ORD104002,2025-08-12,CUST-02910,Corporate,West,Nagpur,Home & Kitchen,Water Purifier,5,18510,0.15,78667.5,62258.98,16408.52,Debit Card
ORD104003,2025-08-12,CUST-00671,Consumer,Central,Bhopal,Fashion,Wrist Watch,1,6170,0.15,5244.5,2713.53,2530.97,Net Banking
ORD104004,2025-08-12,CUST-01075,Corporate,North,Lucknow,Fashion,Formal Shirt,4,1000,0.15,3400.0,1415.26,1984.74,Credit Card
ORD104005,2025-08-12,CUST-02944,Corporate,West,Surat,Electronics,Bluetooth Speaker,1,1300,0.1,1170.0,676.65,493.35,Debit Card
ORD104006,2025-08-12,CUST-02815,Corporate,North,Delhi,Office,Whiteboard,2,3340,0.1,6012.0,3545.68,2466.32,Debit Card
ORD104007,2025-08-12,CUST-00950,Consumer,West,Pune,Home & Kitchen,Washing Machine,3,24180,0.15,61659.0,51442.57,10216.43,Cash on Delivery
ORD104008,2025-08-12,CUST-01535,Consumer,South,Kochi,Fashion,Women's Kurti,1,610,0.15,518.5,258.39,260.11,UPI
ORD104009,2025-08-12,CUST-02812,Small Business,North,Jaipur,Electronics,Tablet,2,17510,0.15,29767.0,27046.13,2720.87,Credit Card
ORD104010,2025-08-12,CUST-02157,Small Business,North,Jaipur,Electronics,Laptop,3,57650,0.15,147007.5,155543.77,-8536.27,Debit Card
ORD104011,2025-08-12,CUST-02040,Small Business,East,Guwahati,Office,Study Table,2,13240,0.1,23832.0,13390.9,10441.1,UPI
ORD104012,2025-08-12,CUST-02118,Corporate,North,Jaipur,Electronics,Bluetooth Speaker,2,1330,0.15,2261.0,1566.6,694.4,Credit Card
ORD104013,2025-08-12,CUST-02910,Corporate,West,Nagpur,Electronics,LED Television,3,55560,0.1,150012.0,127070.18,22941.82,Credit Card
ORD104014,2025-08-13,CUST-01618,Consumer,Central,Jabalpur,Electronics,Laptop,1,70100,0.1,63090.0,62720.83,369.17,UPI
ORD104015,2025-08-13,CUST-00573,Consumer,Central,Gwalior,Electronics,Bluetooth Speaker,3,3000,0.1,8100.0,5134.07,2965.93,Debit Card
ORD104016,2025-08-13,CUST-01490,Small Business,South,Hyderabad,Fashion,Handbag,3,3080,0.15,7854.0,3305.45,4548.55,UPI
ORD104017,2025-08-13,CUST-02334,Consumer,North,Lucknow,Office,Stationery Kit,2,300,0.1,540.0,213.0,327.0,Cash on Delivery
ORD104018,2025-08-13,CUST-01558,Small Business,South,Kochi,Fashion,Handbag,4,3920,0.15,13328.0,5296.92,8031.08,Credit Card
ORD104019,2025-08-13,CUST-00970,Small Business,West,Mumbai,Office,Printer,2,20390,0.1,36702.0,31426.38,5275.62,UPI
ORD104020,2025-08-13,CUST-02140,Consumer,North,Chandigarh,Fashion,Men's T-Shirt,2,2420,0.15,4114.0,2078.66,2035.34,Credit Card
ORD104021,2025-08-13,CUST-01414,Corporate,West,Mumbai,Office,Printer,2,6980,0.1,12564.0,10223.03,2340.97,Cash on Delivery
ORD104022,2025-08-13,CUST-03066,Consumer,Central,Gwalior,Office,Whiteboard,1,1470,0.1,1323.0,723.11,599.89,Credit Card
ORD104023,2025-08-13,CUST-01085,Consumer,Central,Bhopal,Fashion,Men's T-Shirt,2,1200,0.15,2040.0,1059.61,980.39,UPI
ORD104024,2025-08-13,CUST-02305,Corporate,West,Pune,Home & Kitchen,Air Fryer,1,4030,0.15,3425.5,2387.18,1038.32,Net Banking
ORD104025,2025-08-13,CUST-01759,Corporate,South,Kochi,Electronics,Bluetooth Speaker,1,2910,0.1,2619.0,1610.01,1008.99,UPI
ORD104026,2025-08-13,CUST-00263,Consumer,South,Kochi,Home & Kitchen,Ceiling Fan,3,1730,0.1,4671.0,3005.17,1665.83,Credit Card
ORD104027,2025-08-13,CUST-01484,Corporate,South,Chennai,Home & Kitchen,Mixer Grinder,5,1830,0.1,8235.0,5656.4,2578.6,EMI
ORD104028,2025-08-13,CUST-00098,Consumer,South,Kochi,Electronics,Tablet,2,28800,0.1,51840.0,44338.39,7501.61,Debit Card
ORD104029,2025-08-13,CUST-02520,Small Business,West,Nagpur,Fashion,Running Shoes,1,1780,0.15,1513.0,825.22,687.78,Debit Card
ORD104030,2025-08-13,CUST-02358,Consumer,East,Bhubaneswar,Office,File Organizer,1,1200,0.1,1080.0,545.65,534.35,Cash on Delivery
ORD104031,2025-08-13,CUST-00152,Corporate,South,Coimbatore,Home & Kitchen,Pressure Cooker,4,1000,0.1,3600.0,2417.1,1182.9,Debit Card
ORD104032,2025-08-13,CUST-01584,Consumer,West,Nagpur,Electronics,Bluetooth Earbuds,1,3950,0.1,3555.0,2556.94,998.06,Debit Card
ORD104033,2025-08-13,CUST-03059,Consumer,West,Ahmedabad,Office,Study Table,4,9940,0.1,35784.0,20944.69,14839.31,UPI
ORD104034,2025-08-13,CUST-00950,Consumer,West,Pune,Office,Printer,1,6930,0.1,6237.0,4760.06,1476.94,Debit Card
ORD104035,2025-08-13,CUST-02862,Small Business,North,Chandigarh,Office,Stationery Kit,3,990,0.1,2673.0,1091.24,1581.76,UPI
ORD104036,2025-08-14,CUST-00478,Small Business,Central,Indore,Electronics,Tablet,1,13690,0.1,12321.0,10508.72,1812.28,Credit Card
ORD104037,2025-08-14,CUST-00027,Consumer,North,Delhi,Electronics,LED Television,1,22280,0.15,18938.0,16906.56,2031.44,Credit Card
ORD104038,2025-08-14,CUST-01659,Corporate,West,Mumbai,Home & Kitchen,Water Purifier,3,14350,0.15,36592.5,28449.56,8142.94,Cash on Delivery
ORD104039,2025-08-14,CUST-00782,Small Business,Central,Bhopal,Office,Desk Lamp,4,600,0.1,2160.0,1263.52,896.48,UPI
ORD104040,2025-08-14,CUST-02797,Small Business,West,Mumbai,Office,Whiteboard,1,980,0.1,882.0,539.99,342.01,Credit Card
ORD104041,2025-08-14,CUST-02171,Small Business,North,Dehradun,Home & Kitchen,Washing Machine,3,18890,0.15,48169.5,41621.65,6547.85,Credit Card
ORD104042,2025-08-14,CUST-02207,Consumer,Central,Jabalpur,Home & Kitchen,Pressure Cooker,2,3440,0.1,6192.0,3559.63,2632.37,Credit Card
ORD104043,2025-08-14,CUST-02167,Small Business,South,Chennai,Home & Kitchen,Air Fryer,1,4870,0.1,4383.0,3219.94,1163.06,Debit Card
ORD104044,2025-08-14,CUST-02190,Corporate,West,Mumbai,Fashion,Wrist Watch,2,1680,0.15,2856.0,1521.11,1334.89,Debit Card
ORD104045,2025-08-14,CUST-02392,Corporate,West,Surat,Office,Office Chair,2,4410,0.1,7938.0,4817.72,3120.28,Net Banking
ORD104046,2025-08-14,CUST-02153,Corporate,West,Nagpur,Home & Kitchen,Air Fryer,2,8450,0.15,14365.0,11556.54,2808.46,Credit Card
ORD104047,2025-08-14,CUST-02655,Corporate,West,Ahmedabad,Electronics,Smartphone,2,50730,0.1,91314.0,83988.63,7325.37,Not Specified
ORD104048,2025-08-14,CUST-01767,Consumer,East,Ranchi,Fashion,Handbag,2,4070,0.15,6919.0,2471.13,4447.87,Credit Card
ORD104049,2025-08-14,CUST-01079,Consumer,West,Nagpur,Home & Kitchen,Ceiling Fan,2,2760,0.15,4692.0,3684.89,1007.11,Cash on Delivery
ORD104050,2025-08-14,CUST-01469,Consumer,South,Coimbatore,Office,Study Table,1,7820,0.1,7038.0,4738.29,2299.71,Net Banking
ORD104051,2025-08-14,CUST-01379,Corporate,South,Bengaluru,Fashion,Men's T-Shirt,2,820,0.15,1394.0,537.77,856.23,UPI
ORD104052,2025-08-14,CUST-01021,Corporate,North,Lucknow,Office,File Organizer,3,810,0.1,2187.0,1145.9,1041.1,Credit Card
ORD104053,2025-08-14,CUST-01292,Consumer,North,Chandigarh,Home & Kitchen,Microwave Oven,3,16410,0.15,41845.5,31425.49,10420.01,Debit Card
ORD104054,2025-08-14,CUST-01184,Small Business,West,Mumbai,Office,Office Chair,1,8100,0.1,7290.0,4156.96,3133.04,UPI
ORD104055,2025-08-14,CUST-00365,Small Business,East,Patna,Fashion,Women's Kurti,1,600,0.15,510.0,220.56,289.44,UPI
ORD104056,2025-08-14,CUST-02647,Small Business,West,Pune,Electronics,Tablet,2,22830,0.1,41094.0,37712.72,3381.28,Net Banking
ORD104057,2025-08-14,CUST-02431,Consumer,South,Kochi,Home & Kitchen,Ceiling Fan,4,4020,0.1,14472.0,9815.53,4656.47,UPI
ORD104058,2025-08-14,CUST-01026,Consumer,South,Kochi,Office,Whiteboard,2,3330,0.1,5994.0,3496.4,2497.6,UPI
ORD104059,2025-08-14,CUST-02996,Consumer,West,Pune,Fashion,Handbag,2,3050,0.15,5185.0,2494.25,2690.75,Credit Card
ORD104060,2025-08-14,CUST-03008,Consumer,South,Coimbatore,Fashion,Winter Jacket,1,5080,0.15,4318.0,2271.88,2046.12,Credit Card
ORD104061,2025-08-15,CUST-02719,Consumer,North,Jaipur,Fashion,Wrist Watch,2,2480,0.15,4216.0,2223.2,1992.8,Debit Card
ORD104062,2025-08-15,CUST-00098,Consumer,South,Kochi,Fashion,Handbag,5,890,0.15,3782.5,1856.27,1926.23,Cash on Delivery
ORD104063,2025-08-15,CUST-01147,Consumer,West,Nagpur,Electronics,LED Television,2,54730,0.1,98514.0,89614.35,8899.65,Cash on Delivery
ORD104064,2025-08-15,CUST-01438,Consumer,West,Pune,Fashion,Winter Jacket,2,4850,0.15,8245.0,4986.22,3258.78,UPI
ORD104065,2025-08-15,CUST-02305,Corporate,West,Pune,Home & Kitchen,Microwave Oven,3,6170,0.15,15733.5,12208.55,3524.95,Debit Card
ORD104066,2025-08-15,CUST-02034,Small Business,West,Ahmedabad,Fashion,Women's Kurti,1,920,0.15,782.0,366.11,415.89,EMI
ORD104067,2025-08-15,CUST-02188,Consumer,South,Kochi,Office,File Organizer,3,1170,0.1,3159.0,1699.27,1459.73,UPI
ORD104068,2025-08-15,CUST-02454,Consumer,West,Surat,Fashion,Formal Shirt,3,1870,0.15,4768.5,2559.9,2208.6,UPI
ORD104069,2025-08-15,CUST-03008,Consumer,South,Coimbatore,Electronics,Laptop,1,59840,0.1,53856.0,50747.1,3108.9,Credit Card
ORD104070,2025-08-15,CUST-01744,Corporate,South,Coimbatore,Office,File Organizer,2,1210,0.1,2178.0,1158.77,1019.23,UPI
ORD104071,2025-08-15,CUST-02862,Small Business,North,Chandigarh,Office,Printer,1,14270,0.1,12843.0,11269.1,1573.9,UPI
ORD104072,2025-08-15,CUST-02598,Small Business,West,Surat,Electronics,Tablet,2,9900,0.1,17820.0,14477.26,3342.74,UPI
ORD104073,2025-08-15,CUST-01026,Consumer,South,Kochi,Fashion,Denim Jeans,2,1020,0.15,1734.0,812.67,921.33,UPI
ORD104074,2025-08-15,CUST-02593,Small Business,North,Delhi,Electronics,Bluetooth Speaker,1,1960,0.15,1666.0,1040.74,625.26,Credit Card
ORD104075,2025-08-15,CUST-00384,Consumer,South,Kochi,Fashion,Women's Kurti,3,920,0.15,2346.0,1169.83,1176.17,UPI
ORD104076,2025-08-15,CUST-00508,Consumer,South,Bengaluru,Fashion,Handbag,2,3010,0.15,5117.0,2659.34,2457.66,UPI
ORD104077,2025-08-15,CUST-03183,Consumer,North,Lucknow,Fashion,Women's Kurti,4,920,0.15,3128.0,1693.78,1434.22,EMI
ORD104078,2025-08-15,CUST-01336,Consumer,South,Hyderabad,Fashion,Denim Jeans,2,1860,0.15,3162.0,1737.48,1424.52,UPI
ORD104079,2025-08-15,CUST-01447,Consumer,North,Jaipur,Fashion,Formal Shirt,5,980,0.15,4165.0,1800.95,2364.05,Cash on Delivery
ORD104080,2025-08-15,CUST-03019,Consumer,South,Hyderabad,Fashion,Women's Kurti,3,2270,0.15,5788.5,2272.34,3516.16,UPI
ORD104081,2025-08-15,CUST-01113,Corporate,West,Surat,Fashion,Running Shoes,3,5000,0.15,12750.0,6738.7,6011.3,UPI
ORD104082,2025-08-15,CUST-00781,Corporate,Central,Raipur,Home & Kitchen,Washing Machine,5,23330,0.1,104985.0,86481.23,18503.77,UPI
ORD104083,2025-08-16,CUST-00265,Consumer,West,Ahmedabad,Electronics,Bluetooth Speaker,2,3980,0.1,7164.0,5040.02,2123.98,Credit Card
ORD104084,2025-08-16,CUST-01636,Consumer,West,Ahmedabad,Electronics,Bluetooth Earbuds,1,3910,0.1,3519.0,2489.07,1029.93,EMI
ORD104085,2025-08-16,CUST-00644,Consumer,South,Coimbatore,Electronics,Smartwatch,2,9700,0.1,17460.0,13205.9,4254.1,UPI
ORD104086,2025-08-16,CUST-00210,Consumer,North,Lucknow,Electronics,Smartphone,2,9150,0.15,15555.0,15404.71,150.29,UPI
ORD104087,2025-08-16,CUST-02590,Consumer,North,Chandigarh,Home & Kitchen,Refrigerator,5,68070,0.15,289297.5,238436.58,50860.92,Credit Card
ORD104088,2025-08-16,CUST-01003,Small Business,West,Ahmedabad,Fashion,Handbag,2,880,0.15,1496.0,637.28,858.72,UPI
ORD104089,2025-08-16,CUST-01841,Small Business,North,Lucknow,Fashion,Wrist Watch,3,1030,0.15,2626.5,1609.35,1017.15,Net Banking
ORD104090,2025-08-16,CUST-00349,Small Business,North,Jaipur,Office,Desk Lamp,1,1300,0.1,1170.0,704.13,465.87,UPI
ORD104091,2025-08-16,CUST-01602,Consumer,West,Pune,Fashion,Denim Jeans,4,2920,0.15,9928.0,5530.21,4397.79,Cash on Delivery
ORD104092,2025-08-16,CUST-02020,Small Business,West,Pune,Fashion,Wrist Watch,2,5870,0.15,9979.0,4223.69,5755.31,UPI
ORD104093,2025-08-16,CUST-01412,Consumer,East,Kolkata,Fashion,Winter Jacket,4,4050,0.15,13770.0,7671.28,6098.72,Net Banking
ORD104094,2025-08-16,CUST-01026,Consumer,South,Kochi,Home & Kitchen,Mixer Grinder,4,5860,0.1,21096.0,15575.75,5520.25,Cash on Delivery
ORD104095,2025-08-16,CUST-00963,Consumer,West,Ahmedabad,Fashion,Winter Jacket,5,2930,0.15,12452.5,5760.98,6691.52,Credit Card
ORD104096,2025-08-16,CUST-00362,Small Business,South,Chennai,Office,Desk Lamp,2,1800,0.1,3240.0,1730.65,1509.35,UPI
ORD104097,2025-08-16,CUST-00377,Consumer,West,Mumbai,Home & Kitchen,Water Purifier,2,11100,0.15,18870.0,13010.67,5859.33,UPI
ORD104098,2025-08-16,CUST-01575,Corporate,West,Ahmedabad,Home & Kitchen,Mixer Grinder,3,3360,0.15,8568.0,5930.57,2637.43,Net Banking
ORD104099,2025-08-17,CUST-00444,Consumer,Central,Bhopal,Electronics,Tablet,2,28800,0.1,51840.0,43734.21,8105.79,Credit Card
ORD104100,2025-08-17,CUST-00729,Consumer,Central,Gwalior,Office,Desk Lamp,4,930,0.1,3348.0,1628.68,1719.32,Debit Card
ORD104101,2025-08-17,CUST-00528,Small Business,North,Jaipur,Home & Kitchen,Pressure Cooker,3,1470,0.15,3748.5,2636.35,1112.15,Net Banking
ORD104102,2025-08-17,CUST-02549,Small Business,East,Patna,Home & Kitchen,Water Purifier,2,13900,0.15,23630.0,18048.29,5581.71,UPI
ORD104103,2025-08-17,CUST-01410,Consumer,South,Coimbatore,Home & Kitchen,Air Fryer,1,4080,0.1,3672.0,2317.33,1354.67,Net Banking
ORD104104,2025-08-17,CUST-01748,Consumer,West,Ahmedabad,Electronics,Smartphone,3,50470,0.1,136269.0,118760.48,17508.52,Debit Card
ORD104105,2025-08-17,CUST-01849,Corporate,West,Surat,Fashion,Formal Shirt,4,710,0.15,2414.0,1220.99,1193.01,UPI
ORD104106,2025-08-17,CUST-01222,Consumer,East,Kolkata,Electronics,Smartwatch,1,4980,0.1,4482.0,3137.01,1344.99,Credit Card
ORD104107,2025-08-17,CUST-00950,Consumer,West,Pune,Fashion,Handbag,3,1430,0.15,3646.5,1418.95,2227.55,UPI
ORD104108,2025-08-17,CUST-01174,Corporate,East,Patna,Electronics,Bluetooth Earbuds,1,2010,0.1,1809.0,1320.49,488.51,EMI
ORD104109,2025-08-17,CUST-01676,Consumer,West,Mumbai,Electronics,Power Bank,1,2240,0.1,2016.0,1230.97,785.03,Credit Card
ORD104110,2025-08-17,CUST-01104,Consumer,North,Dehradun,Fashion,Winter Jacket,1,2350,0.15,1997.5,1018.2,979.3,Credit Card
ORD104111,2025-08-17,CUST-00439,Small Business,South,Chennai,Fashion,Men's T-Shirt,3,400,0.15,1020.0,504.08,515.92,Not Specified
ORD104112,2025-08-17,CUST-02894,Consumer,South,Chennai,Fashion,Winter Jacket,3,5040,0.15,12852.0,6941.79,5910.21,UPI
ORD104113,2025-08-17,CUST-02353,Corporate,South,Chennai,Home & Kitchen,Water Purifier,5,11280,0.1,50760.0,32306.26,18453.74,Credit Card
ORD104114,2025-08-17,CUST-00220,Consumer,North,Lucknow,Office,Study Table,2,8010,0.1,14418.0,9169.79,5248.21,UPI
ORD104115,2025-08-17,CUST-02866,Small Business,East,Bhubaneswar,Electronics,Bluetooth Speaker,1,4000,0.1,3600.0,2551.96,1048.04,Net Banking
ORD104116,2025-08-17,CUST-00542,Small Business,South,Coimbatore,Electronics,Power Bank,1,2920,0.1,2628.0,1553.57,1074.43,Credit Card
ORD104117,2025-08-17,CUST-00336,Consumer,South,Kochi,Fashion,Men's T-Shirt,3,1740,0.15,4437.0,2095.61,2341.39,Credit Card
ORD104118,2025-08-17,CUST-00545,Consumer,North,Delhi,Office,Whiteboard,3,980,0.1,2646.0,1411.86,1234.14,UPI
ORD104119,2025-08-17,CUST-02948,Small Business,Central,Bhopal,Fashion,Women's Kurti,3,2260,0.15,5763.0,2164.39,3598.61,Debit Card
ORD104120,2025-08-17,CUST-00722,Corporate,North,Chandigarh,Fashion,Women's Kurti,3,1770,0.15,4513.5,2522.78,1990.72,UPI
ORD104121,2025-08-17,CUST-02512,Consumer,North,Lucknow,Home & Kitchen,Water Purifier,4,18050,0.15,61370.0,42863.01,18506.99,UPI
ORD104122,2025-08-18,CUST-02067,Corporate,North,Jaipur,Home & Kitchen,Air Fryer,2,6630,0.15,11271.0,7358.09,3912.91,Credit Card
ORD104123,2025-08-18,CUST-01621,Consumer,Central,Bhopal,Fashion,Men's T-Shirt,3,2340,0.15,5967.0,2724.42,3242.58,Net Banking
ORD104124,2025-08-18,CUST-01127,Consumer,North,Jaipur,Office,Office Chair,2,20020,0.1,36036.0,23248.89,12787.11,UPI
ORD104125,2025-08-18,CUST-00321,Small Business,North,Dehradun,Office,Whiteboard,1,3260,0.1,2934.0,1486.66,1447.34,Credit Card
ORD104126,2025-08-18,CUST-02283,Small Business,South,Coimbatore,Fashion,Denim Jeans,2,2450,0.15,4165.0,1910.28,2254.72,UPI
ORD104127,2025-08-18,CUST-01215,Consumer,North,Chandigarh,Electronics,Smartphone,1,25750,0.15,21887.5,22153.73,-266.23,Credit Card
ORD104128,2025-08-18,CUST-01677,Consumer,West,Ahmedabad,Fashion,Winter Jacket,2,5050,0.15,8585.0,5322.27,3262.73,UPI
ORD104129,2025-08-18,CUST-00160,Consumer,South,Coimbatore,Electronics,Power Bank,1,2310,0.1,2079.0,1354.31,724.69,UPI
ORD104130,2025-08-18,CUST-02485,Consumer,West,Ahmedabad,Office,Laptop Bag,2,2320,0.1,4176.0,2212.03,1963.97,Debit Card
ORD104131,2025-08-18,CUST-02223,Consumer,East,Ranchi,Home & Kitchen,Ceiling Fan,3,1650,0.15,4207.5,3051.07,1156.43,Debit Card
ORD104132,2025-08-18,CUST-01658,Consumer,South,Hyderabad,Office,Study Table,1,4380,0.1,3942.0,2717.55,1224.45,Credit Card
ORD104133,2025-08-18,CUST-01577,Consumer,West,Nagpur,Fashion,Running Shoes,3,5000,0.15,12750.0,7162.98,5587.02,Credit Card
ORD104134,2025-08-18,CUST-01026,Consumer,South,Kochi,Home & Kitchen,Mixer Grinder,3,1750,0.1,4725.0,2905.69,1819.31,UPI
ORD104135,2025-08-18,CUST-01039,Consumer,Central,Raipur,Fashion,Handbag,3,3050,0.15,7777.5,4098.54,3678.96,UPI
ORD104136,2025-08-18,CUST-00228,Consumer,South,Kochi,Electronics,Bluetooth Speaker,3,5830,0.1,15741.0,8797.8,6943.2,Credit Card
ORD104137,2025-08-18,CUST-02207,Consumer,Central,Jabalpur,Home & Kitchen,Water Purifier,3,14050,0.1,37935.0,23342.87,14592.13,UPI
ORD104138,2025-08-18,CUST-00140,Consumer,North,Dehradun,Fashion,Denim Jeans,3,3010,0.15,7675.5,4498.99,3176.51,Credit Card
ORD104139,2025-08-18,CUST-00009,Small Business,North,Chandigarh,Fashion,Formal Shirt,1,1020,0.15,867.0,337.45,529.55,UPI
ORD104140,2025-08-18,CUST-00098,Consumer,South,Kochi,Electronics,Laptop,1,39850,0.1,35865.0,33519.6,2345.4,Credit Card
ORD104141,2025-08-18,CUST-00658,Consumer,West,Mumbai,Electronics,Smartphone,1,24720,0.1,22248.0,20889.72,1358.28,Debit Card
ORD104142,2025-08-18,CUST-01809,Corporate,West,Ahmedabad,Electronics,LED Television,1,15700,0.1,14130.0,13237.71,892.29,Credit Card
ORD104143,2025-08-19,CUST-02192,Small Business,North,Lucknow,Office,Desk Lamp,1,910,0.1,819.0,452.56,366.44,Credit Card
ORD104144,2025-08-19,CUST-01308,Consumer,Central,Bhopal,Home & Kitchen,Mixer Grinder,3,3370,0.1,9099.0,5583.26,3515.74,Credit Card
ORD104145,2025-08-19,CUST-01264,Consumer,Central,Bhopal,Electronics,Laptop,1,47670,0.1,42903.0,40188.69,2714.31,Net Banking
ORD104146,2025-08-19,CUST-01832,Consumer,South,Coimbatore,Fashion,Denim Jeans,3,1360,0.15,3468.0,1628.56,1839.44,UPI
ORD104147,2025-08-19,CUST-01892,Consumer,North,Dehradun,Fashion,Denim Jeans,2,2970,0.15,5049.0,2904.22,2144.78,Debit Card
ORD104148,2025-08-19,CUST-02681,Small Business,West,Pune,Office,Whiteboard,1,2150,0.1,1935.0,1209.51,725.49,Cash on Delivery
ORD104149,2025-08-19,CUST-02609,Consumer,Central,Indore,Fashion,Handbag,1,2020,0.15,1717.0,657.99,1059.01,UPI
ORD104150,2025-08-19,CUST-02618,Consumer,South,Chennai,Electronics,Tablet,1,9970,0.1,8973.0,8034.34,938.66,Debit Card
ORD104151,2025-08-19,CUST-02681,Small Business,West,Pune,Home & Kitchen,Microwave Oven,2,8030,0.15,13651.0,11445.67,2205.33,UPI
ORD104152,2025-08-19,CUST-02800,Corporate,East,Guwahati,Fashion,Winter Jacket,3,4070,0.15,10378.5,5938.54,4439.96,Debit Card
ORD104153,2025-08-19,CUST-01761,Consumer,East,Guwahati,Office,Printer,3,9820,0.1,26514.0,22244.59,4269.41,EMI
ORD104154,2025-08-19,CUST-01886,Consumer,Central,Indore,Fashion,Men's T-Shirt,5,1700,0.15,7225.0,3277.09,3947.91,Credit Card
ORD104155,2025-08-19,CUST-02331,Consumer,West,Ahmedabad,Fashion,Formal Shirt,4,1400,0.15,4760.0,2629.64,2130.36,UPI
ORD104156,2025-08-19,CUST-00640,Consumer,East,Kolkata,Home & Kitchen,Water Purifier,5,6090,0.15,25882.5,20328.69,5553.81,Debit Card
ORD104157,2025-08-19,CUST-01109,Small Business,West,Pune,Electronics,Power Bank,3,1290,0.1,3483.0,1757.89,1725.11,UPI
ORD104158,2025-08-19,CUST-02888,Consumer,West,Surat,Home & Kitchen,Microwave Oven,5,16290,0.15,69232.5,57189.7,12042.8,Cash on Delivery
ORD104159,2025-08-19,CUST-01636,Consumer,West,Ahmedabad,Home & Kitchen,Pressure Cooker,2,2050,0.15,3485.0,2525.07,959.93,Debit Card
ORD104160,2025-08-19,CUST-00160,Consumer,South,Coimbatore,Fashion,Formal Shirt,3,1930,0.15,4921.5,2740.45,2181.05,Net Banking
ORD104161,2025-08-19,CUST-01250,Consumer,South,Chennai,Home & Kitchen,Refrigerator,2,66960,0.1,120528.0,87761.14,32766.86,UPI
ORD104162,2025-08-19,CUST-00515,Consumer,Central,Jabalpur,Fashion,Denim Jeans,3,2490,0.15,6349.5,2892.52,3456.98,Net Banking
ORD104163,2025-08-19,CUST-01091,Consumer,North,Dehradun,Home & Kitchen,Mixer Grinder,2,4420,0.15,7514.0,5114.88,2399.12,Debit Card
ORD104164,2025-08-19,CUST-01716,Consumer,Central,Gwalior,Home & Kitchen,Washing Machine,1,50090,0.1,45081.0,33705.06,11375.94,UPI
ORD104165,2025-08-19,CUST-01602,Consumer,West,Pune,Fashion,Wrist Watch,2,2440,0.15,4148.0,1848.45,2299.55,UPI
ORD104166,2025-08-19,CUST-01554,Small Business,South,Coimbatore,Electronics,Power Bank,2,3010,0.1,5418.0,2923.36,2494.64,Debit Card
ORD104167,2025-08-20,CUST-00048,Corporate,South,Kochi,Office,Laptop Bag,2,820,0.1,1476.0,887.04,588.96,Net Banking
ORD104168,2025-08-20,CUST-01397,Small Business,North,Dehradun,Home & Kitchen,Pressure Cooker,2,1460,0.15,2482.0,1794.97,687.03,Debit Card
ORD104169,2025-08-20,CUST-00098,Consumer,South,Kochi,Electronics,Tablet,1,17880,0.1,16092.0,15173.1,918.9,UPI
ORD104170,2025-08-20,CUST-01250,Consumer,South,Chennai,Fashion,Formal Shirt,2,1370,0.15,2329.0,906.92,1422.08,Credit Card
ORD104171,2025-08-20,CUST-02078,Small Business,North,Chandigarh,Electronics,Smartphone,1,9000,0.15,7650.0,7677.41,-27.41,Debit Card
ORD104172,2025-08-20,CUST-00396,Corporate,South,Chennai,Home & Kitchen,Microwave Oven,2,10170,0.1,18306.0,13115.08,5190.92,Debit Card
ORD104173,2025-08-20,CUST-02902,Consumer,North,Jaipur,Fashion,Men's T-Shirt,2,1160,0.15,1972.0,998.23,973.77,Cash on Delivery
ORD104174,2025-08-20,CUST-02013,Consumer,West,Nagpur,Electronics,Smartwatch,1,3440,0.1,3096.0,2025.17,1070.83,UPI
ORD104175,2025-08-20,CUST-00712,Consumer,South,Kochi,Home & Kitchen,Washing Machine,5,18480,0.1,83160.0,59915.28,23244.72,Debit Card
ORD104176,2025-08-20,CUST-01214,Small Business,West,Mumbai,Fashion,Winter Jacket,2,1670,0.15,2839.0,1354.97,1484.03,UPI
ORD104177,2025-08-20,CUST-00331,Consumer,West,Mumbai,Home & Kitchen,Pressure Cooker,2,2050,0.15,3485.0,2294.23,1190.77,Not Specified
ORD104178,2025-08-20,CUST-00063,Corporate,North,Delhi,Electronics,Laptop,1,83090,0.15,70626.5,68993.12,1633.38,EMI
ORD104179,2025-08-20,CUST-02902,Consumer,North,Jaipur,Office,Printer,3,6890,0.1,18603.0,14500.29,4102.71,UPI
ORD104180,2025-08-20,CUST-02180,Consumer,South,Coimbatore,Electronics,Tablet,2,29180,0.1,52524.0,47946.93,4577.07,UPI
ORD104181,2025-08-20,CUST-02494,Consumer,West,Ahmedabad,Fashion,Women's Kurti,2,1790,0.15,3043.0,1221.61,1821.39,UPI
ORD104182,2025-08-20,CUST-01981,Consumer,West,Pune,Office,File Organizer,1,1200,0.1,1080.0,456.32,623.68,Credit Card
ORD104183,2025-08-20,CUST-02867,Consumer,South,Chennai,Electronics,Power Bank,1,2290,0.1,2061.0,1286.37,774.63,Net Banking
ORD104184,2025-08-20,CUST-02853,Consumer,South,Hyderabad,Fashion,Running Shoes,2,2510,0.15,4267.0,2035.66,2231.34,Credit Card
ORD104185,2025-08-20,CUST-00183,Consumer,West,Pune,Office,Whiteboard,2,1020,0.1,1836.0,1040.69,795.31,Cash on Delivery
ORD104186,2025-08-20,CUST-00605,Corporate,West,Pune,Office,Office Chair,1,7760,0.1,6984.0,4117.36,2866.64,UPI
ORD104187,2025-08-20,CUST-01221,Corporate,East,Bhubaneswar,Fashion,Denim Jeans,3,1020,0.15,2601.0,1085.36,1515.64,Not Specified
ORD104188,2025-08-20,CUST-01032,Small Business,West,Surat,Home & Kitchen,Air Fryer,3,8410,0.15,21445.5,14924.87,6520.63,Cash on Delivery
ORD104189,2025-08-20,CUST-01643,Corporate,West,Nagpur,Electronics,Laptop,1,87250,0.1,78525.0,70833.2,7691.8,Cash on Delivery
ORD104190,2025-08-20,CUST-00882,Not Specified,West,Nagpur,Home & Kitchen,Water Purifier,4,11300,0.15,38420.0,30654.14,7765.86,UPI
ORD104191,2025-08-20,CUST-02533,Consumer,South,Bengaluru,Fashion,Men's T-Shirt,1,400,0.15,340.0,130.15,209.85,UPI
ORD104192,2025-08-21,CUST-00029,Small Business,West,Pune,Electronics,Tablet,2,13720,0.05,26068.0,22033.31,4034.69,Debit Card
ORD104193,2025-08-21,CUST-02526,Corporate,West,Nagpur,Home & Kitchen,Ceiling Fan,1,2750,0.1,2475.0,1776.15,698.85,Credit Card
ORD104194,2025-08-21,CUST-01213,Consumer,East,Patna,Home & Kitchen,Mixer Grinder,3,1790,0.1,4833.0,3436.83,1396.17,Cash on Delivery
ORD104195,2025-08-21,CUST-00022,Corporate,North,Delhi,Fashion,Formal Shirt,4,1010,0.1,3636.0,1880.96,1755.04,Net Banking
ORD104196,2025-08-21,CUST-02690,Consumer,West,Pune,Electronics,Bluetooth Speaker,1,2050,0.05,1947.5,1163.26,784.24,Debit Card
ORD104197,2025-08-21,CUST-01398,Consumer,North,Delhi,Electronics,LED Television,2,40070,0.1,72126.0,67085.05,5040.95,Debit Card
ORD104198,2025-08-21,CUST-02329,Corporate,North,Lucknow,Electronics,Smartphone,2,49710,0.1,89478.0,80088.11,9389.89,Credit Card
ORD104199,2025-08-21,CUST-02794,Consumer,East,Ranchi,Home & Kitchen,Water Purifier,3,18470,0.1,49869.0,37106.6,12762.4,UPI
ORD104200,2025-08-21,CUST-00108,Consumer,West,Pune,Office,Desk Lamp,1,1850,0.05,1757.5,932.96,824.54,Net Banking
ORD104201,2025-08-21,CUST-00863,Consumer,East,Patna,Home & Kitchen,Microwave Oven,2,10190,0.1,18342.0,13238.52,5103.48,Credit Card
ORD104202,2025-08-21,CUST-00384,Consumer,South,Kochi,Fashion,Women's Kurti,1,610,0.1,549.0,240.86,308.14,Credit Card
ORD104203,2025-08-21,CUST-00337,Consumer,West,Mumbai,Home & Kitchen,Air Fryer,2,8500,0.1,15300.0,10013.64,5286.36,EMI
ORD104204,2025-08-22,CUST-02998,Small Business,West,Nagpur,Electronics,Laptop,2,82750,0.05,157225.0,147398.68,9826.32,Debit Card
ORD104205,2025-08-22,CUST-02561,Consumer,West,Pune,Fashion,Men's T-Shirt,3,390,0.1,1053.0,362.38,690.62,UPI
ORD104206,2025-08-22,CUST-01123,Corporate,West,Surat,Electronics,Laptop,2,39770,0.05,75563.0,66643.03,8919.97,Credit Card
ORD104207,2025-08-22,CUST-02207,Consumer,Central,Jabalpur,Electronics,Bluetooth Speaker,3,1960,0.05,5586.0,3238.39,2347.61,EMI
ORD104208,2025-08-22,CUST-02909,Consumer,East,Bhubaneswar,Fashion,Winter Jacket,5,2330,0.1,10485.0,5063.13,5421.87,Debit Card
ORD104209,2025-08-22,CUST-00722,Corporate,North,Chandigarh,Office,Office Chair,4,8060,0.05,30628.0,17764.78,12863.22,Credit Card
ORD104210,2025-08-22,CUST-00042,Corporate,Central,Jabalpur,Office,Whiteboard,2,2150,0.05,4085.0,2439.33,1645.67,UPI
ORD104211,2025-08-22,CUST-02622,Consumer,West,Pune,Home & Kitchen,Microwave Oven,5,15730,0.1,70785.0,58206.78,12578.22,UPI
ORD104212,2025-08-22,CUST-02320,Consumer,North,Jaipur,Fashion,Denim Jeans,4,3080,0.1,11088.0,5913.1,5174.9,Debit Card
ORD104213,2025-08-22,CUST-00513,Consumer,South,Kochi,Office,Office Chair,2,4630,0.05,8797.0,5669.29,3127.71,Net Banking
ORD104214,2025-08-22,CUST-01550,Small Business,West,Pune,Fashion,Wrist Watch,3,1670,0.1,4509.0,2656.77,1852.23,Debit Card
ORD104215,2025-08-22,CUST-00513,Consumer,South,Kochi,Fashion,Men's T-Shirt,2,1720,0.1,3096.0,1241.95,1854.05,Net Banking
ORD104216,2025-08-22,CUST-01913,Small Business,South,Kochi,Electronics,Power Bank,1,1280,0.05,1216.0,703.38,512.62,Debit Card
ORD104217,2025-08-22,CUST-02081,Consumer,West,Surat,Fashion,Men's T-Shirt,4,1230,0.1,4428.0,2019.69,2408.31,Debit Card
ORD104218,2025-08-22,CUST-00926,Consumer,West,Mumbai,Fashion,Running Shoes,3,2470,0.1,6669.0,2848.82,3820.18,Credit Card
ORD104219,2025-08-22,CUST-02494,Consumer,West,Ahmedabad,Electronics,Laptop,1,49920,0.05,47424.0,41768.73,5655.27,UPI
ORD104220,2025-08-22,CUST-01493,Consumer,Central,Indore,Fashion,Running Shoes,3,2460,0.1,6642.0,2840.78,3801.22,Credit Card
ORD104221,2025-08-22,CUST-02272,Consumer,North,Delhi,Home & Kitchen,Pressure Cooker,3,2880,0.1,7776.0,4480.74,3295.26,Credit Card
ORD104222,2025-08-22,CUST-02052,Small Business,Central,Raipur,Electronics,Smartphone,1,49040,0.05,46588.0,40332.07,6255.93,Cash on Delivery
ORD104223,2025-08-22,CUST-01416,Consumer,West,Pune,Fashion,Denim Jeans,3,1410,0.1,3807.0,1931.89,1875.11,UPI
ORD104224,2025-08-22,CUST-00950,Consumer,West,Pune,Electronics,Bluetooth Speaker,2,1990,0.05,3781.0,2536.79,1244.21,Debit Card
ORD104225,2025-08-23,CUST-00665,Corporate,West,Surat,Electronics,LED Television,2,15930,0.05,30267.0,25952.31,4314.69,Debit Card
ORD104226,2025-08-23,CUST-02390,Small Business,Central,Bhopal,Home & Kitchen,Microwave Oven,5,15550,0.05,73862.5,56845.35,17017.15,UPI
ORD104227,2025-08-23,CUST-02064,Consumer,South,Chennai,Home & Kitchen,Water Purifier,1,8020,0.05,7619.0,4798.84,2820.16,UPI
ORD104228,2025-08-23,CUST-00938,Corporate,South,Bengaluru,Home & Kitchen,Mixer Grinder,3,3230,0.05,9205.5,5967.93,3237.57,UPI
ORD104229,2025-08-23,CUST-03076,Consumer,South,Hyderabad,Office,Stationery Kit,4,300,0.05,1140.0,597.71,542.29,EMI
ORD104230,2025-08-23,CUST-02581,Consumer,South,Bengaluru,Fashion,Men's T-Shirt,1,2440,0.1,2196.0,776.84,1419.16,Net Banking
ORD104231,2025-08-23,CUST-00397,Corporate,North,Delhi,Electronics,Power Bank,2,1770,0.1,3186.0,2009.26,1176.74,Cash on Delivery
ORD104232,2025-08-23,CUST-00517,Consumer,South,Chennai,Fashion,Formal Shirt,2,980,0.1,1764.0,938.36,825.64,Net Banking
ORD104233,2025-08-23,CUST-01710,Consumer,East,Bhubaneswar,Home & Kitchen,Washing Machine,4,49240,0.1,177264.0,131208.28,46055.72,Credit Card
ORD104234,2025-08-23,CUST-00341,Small Business,West,Surat,Electronics,Power Bank,2,3060,0.05,5814.0,3226.79,2587.21,Debit Card
ORD104235,2025-08-23,CUST-03067,Consumer,South,Kochi,Home & Kitchen,Mixer Grinder,3,3240,0.05,9234.0,6213.67,3020.33,Net Banking
ORD104236,2025-08-23,CUST-02043,Consumer,South,Coimbatore,Electronics,Smartwatch,1,6960,0.05,6612.0,4813.26,1798.74,Debit Card
ORD104237,2025-08-23,CUST-00220,Consumer,North,Lucknow,Fashion,Winter Jacket,5,2960,0.1,13320.0,6863.26,6456.74,Credit Card
ORD104238,2025-08-23,CUST-01389,Consumer,South,Hyderabad,Electronics,Smartwatch,2,13790,0.05,26201.0,18284.95,7916.05,Debit Card
ORD104239,2025-08-23,CUST-00726,Small Business,West,Ahmedabad,Electronics,Power Bank,1,1850,0.05,1757.5,934.04,823.46,UPI
ORD104240,2025-08-23,CUST-01554,Small Business,South,Coimbatore,Home & Kitchen,Pressure Cooker,3,2810,0.05,8008.5,4541.55,3466.95,UPI
ORD104241,2025-08-23,CUST-00800,Consumer,East,Patna,Home & Kitchen,Mixer Grinder,5,3360,0.1,15120.0,10670.17,4449.83,Debit Card
ORD104242,2025-08-23,CUST-02650,Consumer,South,Chennai,Home & Kitchen,Refrigerator,4,45940,0.05,174572.0,119842.57,54729.43,Debit Card
ORD104243,2025-08-23,CUST-02312,Consumer,North,Chandigarh,Electronics,LED Television,2,56000,0.1,100800.0,92148.66,8651.34,UPI
ORD104244,2025-08-23,CUST-02867,Consumer,South,Chennai,Home & Kitchen,Pressure Cooker,2,1010,0.05,1919.0,1159.6,759.4,Cash on Delivery
ORD104245,2025-08-23,CUST-00638,Small Business,South,Bengaluru,Electronics,Bluetooth Earbuds,2,1310,0.05,2489.0,1738.47,750.53,EMI
ORD104246,2025-08-23,CUST-01186,Consumer,North,Dehradun,Fashion,Wrist Watch,5,1010,0.1,4545.0,2587.52,1957.48,Net Banking
ORD104247,2025-08-23,CUST-02561,Consumer,West,Pune,Home & Kitchen,Pressure Cooker,2,1000,0.1,1800.0,1219.85,580.15,Credit Card
ORD104248,2025-08-23,CUST-01149,Consumer,North,Dehradun,Home & Kitchen,Pressure Cooker,3,2730,0.1,7371.0,4109.69,3261.31,EMI
ORD104249,2025-08-24,CUST-01165,Consumer,North,Dehradun,Fashion,Wrist Watch,2,2540,0.1,4572.0,2636.04,1935.96,UPI
ORD104250,2025-08-24,CUST-03150,Consumer,West,Mumbai,Electronics,LED Television,1,40340,0.05,38323.0,32520.52,5802.48,Credit Card
ORD104251,2025-08-24,CUST-02468,Corporate,South,Kochi,Office,Study Table,3,9780,0.05,27873.0,17781.59,10091.41,Credit Card
ORD104252,2025-08-24,CUST-02732,Corporate,North,Delhi,Fashion,Winter Jacket,4,1720,0.1,6192.0,2854.76,3337.24,UPI
ORD104253,2025-08-24,CUST-01259,Corporate,North,Delhi,Home & Kitchen,Water Purifier,5,8080,0.1,36360.0,23751.39,12608.61,Cash on Delivery
ORD104254,2025-08-24,CUST-01858,Consumer,West,Mumbai,Fashion,Winter Jacket,2,2920,0.1,5256.0,2794.33,2461.67,Net Banking
ORD104255,2025-08-24,CUST-01416,Consumer,West,Pune,Home & Kitchen,Refrigerator,5,59010,0.1,265545.0,206739.74,58805.26,Debit Card
ORD104256,2025-08-24,CUST-01415,Consumer,East,Guwahati,Fashion,Formal Shirt,3,710,0.1,1917.0,1008.52,908.48,Cash on Delivery
ORD104257,2025-08-24,CUST-00399,Consumer,South,Chennai,Electronics,Smartphone,1,43610,0.05,41429.5,36386.73,5042.77,Debit Card
ORD104258,2025-08-24,CUST-02670,Corporate,South,Chennai,Electronics,Smartphone,2,50130,0.05,95247.0,88134.39,7112.61,Net Banking
ORD104259,2025-08-24,CUST-01200,Consumer,Central,Jabalpur,Home & Kitchen,Pressure Cooker,5,2060,0.05,9785.0,6154.29,3630.71,Net Banking
ORD104260,2025-08-24,CUST-01844,Small Business,West,Nagpur,Electronics,Smartphone,1,51140,0.05,48583.0,43216.51,5366.49,Debit Card
ORD104261,2025-08-24,CUST-02722,Small Business,South,Kochi,Fashion,Denim Jeans,2,1920,0.1,3456.0,1562.54,1893.46,Credit Card
ORD104262,2025-08-24,CUST-02476,Consumer,North,Chandigarh,Office,Study Table,2,4620,0.05,8778.0,5936.45,2841.55,UPI
ORD104263,2025-08-25,CUST-00639,Consumer,North,Chandigarh,Electronics,LED Television,2,16020,0.1,28836.0,26384.58,2451.42,Debit Card
ORD104264,2025-08-25,CUST-01972,Consumer,North,Lucknow,Fashion,Running Shoes,3,4950,0.1,13365.0,7672.68,5692.32,Credit Card
ORD104265,2025-08-25,CUST-01575,Corporate,West,Ahmedabad,Fashion,Running Shoes,3,4940,0.1,13338.0,6527.87,6810.13,UPI
ORD104266,2025-08-25,CUST-00853,Small Business,West,Pune,Electronics,LED Television,1,21360,0.05,20292.0,17911.11,2380.89,UPI
ORD104267,2025-08-25,CUST-00124,Consumer,West,Pune,Home & Kitchen,Water Purifier,3,10750,0.1,29025.0,17858.26,11166.74,Debit Card
ORD104268,2025-08-25,CUST-02011,Consumer,North,Chandigarh,Electronics,Laptop,3,86480,0.1,233496.0,229416.61,4079.39,UPI
ORD104269,2025-08-25,CUST-02494,Consumer,West,Ahmedabad,Home & Kitchen,Ceiling Fan,2,1300,0.1,2340.0,1551.19,788.81,UPI
ORD104270,2025-08-25,CUST-02985,Consumer,South,Bengaluru,Home & Kitchen,Water Purifier,5,7820,0.05,37145.0,22294.63,14850.37,UPI
ORD104271,2025-08-25,CUST-01088,Consumer,West,Ahmedabad,Electronics,Bluetooth Speaker,2,2040,0.05,3876.0,2560.95,1315.05,Net Banking
ORD104272,2025-08-25,CUST-01230,Small Business,North,Dehradun,Fashion,Men's T-Shirt,5,2440,0.1,10980.0,4098.22,6881.78,Debit Card
ORD104273,2025-08-25,CUST-00520,Consumer,North,Delhi,Electronics,Bluetooth Speaker,2,2040,0.1,3672.0,2491.94,1180.06,Net Banking
ORD104274,2025-08-25,CUST-03143,Consumer,East,Patna,Fashion,Denim Jeans,2,1440,0.1,2592.0,1045.26,1546.74,Credit Card
ORD104275,2025-08-25,CUST-02701,Corporate,West,Ahmedabad,Home & Kitchen,Mixer Grinder,3,1750,0.1,4725.0,3341.17,1383.83,Net Banking
ORD104276,2025-08-26,CUST-03038,Consumer,East,Ranchi,Home & Kitchen,Pressure Cooker,3,980,0.1,2646.0,1596.38,1049.62,UPI
ORD104277,2025-08-26,CUST-01574,Consumer,West,Ahmedabad,Office,Laptop Bag,4,2250,0.05,8550.0,4359.16,4190.84,Credit Card
ORD104278,2025-08-26,CUST-00688,Small Business,North,Lucknow,Fashion,Women's Kurti,4,1300,0.1,4680.0,1694.44,2985.56,Debit Card
ORD104279,2025-08-26,CUST-01818,Consumer,South,Bengaluru,Fashion,Formal Shirt,1,1390,0.1,1251.0,493.23,757.77,Not Specified
ORD104280,2025-08-26,CUST-01148,Consumer,Central,Raipur,Electronics,LED Television,2,40190,0.05,76361.0,63227.76,13133.24,Net Banking
ORD104281,2025-08-26,CUST-01069,Consumer,North,Jaipur,Office,Stationery Kit,2,500,0.05,950.0,484.77,465.23,Debit Card
ORD104282,2025-08-26,CUST-00286,Corporate,Central,Jabalpur,Fashion,Women's Kurti,5,1780,0.1,8010.0,3794.48,4215.52,Debit Card
ORD104283,2025-08-26,CUST-00247,Consumer,North,Dehradun,Fashion,Men's T-Shirt,1,2460,0.1,2214.0,1007.65,1206.35,Credit Card
ORD104284,2025-08-26,CUST-01165,Consumer,North,Dehradun,Electronics,Laptop,1,57300,0.1,51570.0,51503.49,66.51,Net Banking
ORD104285,2025-08-26,CUST-02924,Consumer,West,Mumbai,Office,Laptop Bag,2,2920,0.05,5548.0,3181.44,2366.56,Cash on Delivery
ORD104286,2025-08-26,CUST-02322,Consumer,North,Chandigarh,Fashion,Wrist Watch,3,1720,0.1,4644.0,2749.69,1894.31,Debit Card
ORD104287,2025-08-26,CUST-02447,Consumer,East,Bhubaneswar,Electronics,Smartphone,1,48670,0.05,46236.5,41712.57,4523.93,UPI
ORD104288,2025-08-26,CUST-00767,Corporate,West,Nagpur,Fashion,Wrist Watch,1,1700,0.1,1530.0,666.39,863.61,UPI
ORD104289,2025-08-26,CUST-02358,Consumer,East,Bhubaneswar,Fashion,Handbag,5,2990,0.1,13455.0,5176.47,8278.53,Not Specified
ORD104290,2025-08-26,CUST-01256,Consumer,East,Ranchi,Electronics,Bluetooth Speaker,2,3960,0.05,7524.0,4708.31,2815.69,Debit Card
ORD104291,2025-08-26,CUST-00188,Consumer,West,Surat,Electronics,Bluetooth Speaker,1,5850,0.05,5557.5,3675.85,1881.65,EMI
ORD104292,2025-08-26,CUST-01215,Consumer,North,Chandigarh,Electronics,Bluetooth Speaker,3,6040,0.1,16308.0,11746.34,4561.66,EMI
ORD104293,2025-08-27,CUST-00411,Consumer,South,Chennai,Fashion,Wrist Watch,3,2530,0.1,6831.0,2990.12,3840.88,Credit Card
ORD104294,2025-08-27,CUST-02718,Corporate,North,Lucknow,Office,Stationery Kit,3,300,0.05,855.0,393.64,461.36,UPI
ORD104295,2025-08-27,CUST-02665,Consumer,South,Kochi,Office,Printer,3,13650,0.05,38902.5,29447.28,9455.22,UPI
ORD104296,2025-08-27,CUST-00950,Consumer,West,Pune,Electronics,Smartphone,2,17810,0.05,33839.0,28819.77,5019.23,UPI
ORD104297,2025-08-27,CUST-01951,Corporate,North,Chandigarh,Office,Stationery Kit,4,290,0.05,1102.0,510.8,591.2,UPI
ORD104298,2025-08-27,CUST-01119,Consumer,North,Jaipur,Home & Kitchen,Air Fryer,4,11100,0.1,39960.0,30090.61,9869.39,UPI
ORD104299,2025-08-27,CUST-00491,Consumer,Central,Bhopal,Home & Kitchen,Ceiling Fan,1,1650,0.05,1567.5,1044.48,523.02,UPI
ORD104300,2025-08-27,CUST-02086,Consumer,Central,Indore,Electronics,Power Bank,1,920,0.05,874.0,470.28,403.72,UPI
ORD104301,2025-08-27,CUST-02446,Consumer,Central,Indore,Office,Study Table,1,6010,0.05,5709.5,3435.73,2273.77,Debit Card
ORD104302,2025-08-27,CUST-02480,Small Business,South,Kochi,Office,Printer,2,4850,0.05,9215.0,7063.48,2151.52,Cash on Delivery
ORD104303,2025-08-27,CUST-00476,Corporate,West,Pune,Electronics,Smartwatch,3,9750,0.05,27787.5,16427.11,11360.39,Net Banking
ORD104304,2025-08-27,CUST-01608,Corporate,West,Pune,Home & Kitchen,Washing Machine,2,19560,0.1,35208.0,28660.39,6547.61,UPI
ORD104305,2025-08-27,CUST-00075,Consumer,North,Jaipur,Electronics,Smartphone,3,32370,0.1,87399.0,80886.97,6512.03,Cash on Delivery
ORD104306,2025-08-27,CUST-00313,Consumer,West,Pune,Electronics,Power Bank,1,2300,0.05,2185.0,1049.34,1135.66,UPI
ORD104307,2025-08-27,CUST-00277,Consumer,South,Chennai,Fashion,Running Shoes,2,2530,0.1,4554.0,2275.33,2278.67,Credit Card
ORD104308,2025-08-27,CUST-00181,Corporate,West,Pune,Home & Kitchen,Pressure Cooker,1,2060,0.1,1854.0,1261.68,592.32,Cash on Delivery
ORD104309,2025-08-27,CUST-01026,Consumer,South,Kochi,Fashion,Denim Jeans,3,980,0.1,2646.0,1261.42,1384.58,Credit Card
ORD104310,2025-08-27,CUST-01099,Consumer,East,Kolkata,Fashion,Denim Jeans,1,1020,0.1,918.0,476.52,441.48,EMI
ORD104311,2025-08-27,CUST-02242,Consumer,Central,Bhopal,Electronics,Smartphone,1,25130,0.05,23873.5,22092.62,1780.88,Cash on Delivery
ORD104312,2025-08-28,CUST-01006,Consumer,West,Ahmedabad,Fashion,Women's Kurti,2,2280,0.1,4104.0,1783.54,2320.46,Net Banking
ORD104313,2025-08-28,CUST-00450,Consumer,West,Mumbai,Electronics,Bluetooth Earbuds,2,4850,0.05,9215.0,5716.91,3498.09,EMI
ORD104314,2025-08-28,CUST-03002,Consumer,South,Kochi,Home & Kitchen,Air Fryer,1,6590,0.05,6260.5,3729.96,2530.54,Credit Card
ORD104315,2025-08-28,CUST-02778,Consumer,North,Jaipur,Office,Laptop Bag,1,1170,0.05,1111.5,598.11,513.39,Credit Card
ORD104316,2025-08-28,CUST-00395,Consumer,Central,Jabalpur,Fashion,Formal Shirt,2,1020,0.1,1836.0,718.25,1117.75,Credit Card
ORD104317,2025-08-28,CUST-01117,Corporate,East,Guwahati,Fashion,Running Shoes,2,5020,0.1,9036.0,4795.74,4240.26,Debit Card
ORD104318,2025-08-28,CUST-00539,Consumer,North,Dehradun,Fashion,Winter Jacket,4,2280,0.1,8208.0,4434.75,3773.25,Credit Card
ORD104319,2025-08-28,CUST-03045,Corporate,East,Kolkata,Home & Kitchen,Water Purifier,2,18390,0.1,33102.0,24243.35,8858.65,UPI
ORD104320,2025-08-28,CUST-01090,Consumer,South,Coimbatore,Electronics,Bluetooth Earbuds,3,1260,0.05,3591.0,2181.54,1409.46,Debit Card
ORD104321,2025-08-28,CUST-00337,Consumer,West,Mumbai,Fashion,Formal Shirt,1,1360,0.1,1224.0,443.19,780.81,Credit Card
ORD104322,2025-08-28,CUST-02331,Consumer,West,Ahmedabad,Home & Kitchen,Refrigerator,5,34110,0.1,153495.0,114736.28,38758.72,Credit Card
ORD104323,2025-08-28,CUST-02287,Small Business,West,Ahmedabad,Fashion,Winter Jacket,1,5060,0.1,4554.0,2494.67,2059.33,UPI
ORD104324,2025-08-28,CUST-00786,Corporate,West,Ahmedabad,Electronics,Laptop,1,58560,0.05,55632.0,49755.37,5876.63,Cash on Delivery
ORD104325,2025-08-28,CUST-00987,Consumer,North,Dehradun,Electronics,Bluetooth Speaker,2,1980,0.1,3564.0,2535.09,1028.91,Credit Card
ORD104326,2025-08-28,CUST-01290,Consumer,North,Dehradun,Home & Kitchen,Air Fryer,2,4000,0.1,7200.0,4748.48,2451.52,Net Banking
ORD104327,2025-08-29,CUST-00888,Consumer,Central,Bhopal,Fashion,Denim Jeans,3,1880,0.1,5076.0,2546.32,2529.68,UPI
ORD104328,2025-08-29,CUST-00950,Consumer,West,Pune,Fashion,Formal Shirt,4,1870,0.1,6732.0,3452.83,3279.17,UPI
ORD104329,2025-08-29,CUST-02545,Consumer,South,Bengaluru,Electronics,Power Bank,2,920,0.05,1748.0,898.58,849.42,Cash on Delivery
ORD104330,2025-08-29,CUST-02412,Consumer,Central,Bhopal,Electronics,Power Bank,1,1330,0.05,1263.5,749.26,514.24,UPI
ORD104331,2025-08-29,CUST-02225,Consumer,Central,Indore,Fashion,Running Shoes,5,3440,0.1,15480.0,8587.78,6892.22,Cash on Delivery
ORD104332,2025-08-29,CUST-02207,Consumer,Central,Jabalpur,Home & Kitchen,Refrigerator,3,70840,0.05,201894.0,148384.9,53509.1,Credit Card
ORD104333,2025-08-29,CUST-01636,Consumer,West,Ahmedabad,Home & Kitchen,Refrigerator,4,44310,0.1,159516.0,128318.71,31197.29,Credit Card
ORD104334,2025-08-29,CUST-01080,Small Business,South,Coimbatore,Home & Kitchen,Water Purifier,2,10900,0.05,20710.0,13762.04,6947.96,Cash on Delivery
ORD104335,2025-08-29,CUST-02309,Consumer,East,Kolkata,Home & Kitchen,Ceiling Fan,5,4060,0.1,18270.0,13584.54,4685.46,UPI
ORD104336,2025-08-29,CUST-00381,Consumer,South,Kochi,Home & Kitchen,Microwave Oven,3,6000,0.05,17100.0,12857.9,4242.1,Debit Card
ORD104337,2025-08-29,CUST-00453,Consumer,Central,Bhopal,Home & Kitchen,Water Purifier,2,6150,0.05,11685.0,7157.01,4527.99,UPI
ORD104338,2025-08-29,CUST-00396,Corporate,South,Chennai,Electronics,Smartwatch,3,13970,0.05,39814.5,25433.24,14381.26,UPI
ORD104339,2025-08-29,CUST-02355,Consumer,West,Pune,Electronics,LED Television,1,40090,0.05,38085.5,30843.18,7242.32,Not Specified
ORD104340,2025-08-29,CUST-01877,Corporate,South,Kochi,Fashion,Winter Jacket,2,3070,0.1,5526.0,2849.08,2676.92,UPI
ORD104341,2025-08-29,CUST-01414,Corporate,West,Mumbai,Office,Office Chair,4,4400,0.05,16720.0,9109.83,7610.17,UPI
ORD104342,2025-08-29,CUST-01502,Consumer,North,Jaipur,Electronics,Bluetooth Speaker,1,1270,0.1,1143.0,663.3,479.7,Credit Card
ORD104343,2025-08-29,CUST-02632,Small Business,Central,Raipur,Electronics,Laptop,1,50160,0.05,47652.0,41893.46,5758.54,UPI
ORD104344,2025-08-29,CUST-00389,Consumer,West,Nagpur,Office,Desk Lamp,1,880,0.05,836.0,389.2,446.8,Credit Card
ORD104345,2025-08-29,CUST-01179,Corporate,South,Bengaluru,Home & Kitchen,Pressure Cooker,3,1530,0.05,4360.5,2484.86,1875.64,UPI
ORD104346,2025-08-29,CUST-02446,Consumer,Central,Indore,Fashion,Wrist Watch,4,2530,0.1,9108.0,4168.17,4939.83,Cash on Delivery
ORD104347,2025-08-29,CUST-02105,Consumer,North,Lucknow,Electronics,Tablet,3,9720,0.1,26244.0,23549.22,2694.78,Debit Card
ORD104348,2025-08-29,CUST-01357,Small Business,West,Pune,Home & Kitchen,Ceiling Fan,2,2810,0.1,5058.0,3732.0,1326.0,UPI
ORD104349,2025-08-29,CUST-00737,Consumer,West,Pune,Fashion,Denim Jeans,3,1380,0.1,3726.0,1585.3,2140.7,UPI
ORD104350,2025-08-29,CUST-03000,Consumer,North,Lucknow,Electronics,Smartphone,1,33230,0.1,29907.0,27551.5,2355.5,UPI
ORD104351,2025-08-29,CUST-01261,Consumer,West,Mumbai,Office,Study Table,3,9800,0.05,27930.0,15977.63,11952.37,Cash on Delivery
ORD104352,2025-08-29,CUST-02792,Corporate,East,Ranchi,Fashion,Men's T-Shirt,3,800,0.1,2160.0,1048.11,1111.89,Cash on Delivery
ORD104353,2025-08-29,CUST-02494,Consumer,West,Ahmedabad,Electronics,Smartwatch,2,10200,0.05,19380.0,11866.41,7513.59,Cash on Delivery
ORD104354,2025-08-30,CUST-02736,Small Business,Central,Bhopal,Fashion,Wrist Watch,2,1750,0.1,3150.0,1428.36,1721.64,Credit Card
ORD104355,2025-08-30,CUST-00047,Corporate,East,Kolkata,Home & Kitchen,Ceiling Fan,3,2160,0.1,5832.0,4083.42,1748.58,Cash on Delivery
ORD104356,2025-08-30,CUST-01509,Corporate,Central,Indore,Home & Kitchen,Microwave Oven,2,8220,0.05,15618.0,11857.71,3760.29,UPI
ORD104357,2025-08-30,CUST-00851,Consumer,South,Coimbatore,Office,Office Chair,4,4600,0.05,17480.0,9895.15,7584.85,Net Banking
ORD104358,2025-08-30,CUST-00916,Consumer,West,Nagpur,Fashion,Women's Kurti,4,1330,0.1,4788.0,2209.41,2578.59,UPI
ORD104359,2025-08-30,CUST-00899,Corporate,West,Surat,Fashion,Handbag,1,3900,0.1,3510.0,1834.5,1675.5,Debit Card
ORD104360,2025-08-30,CUST-01198,Consumer,North,Dehradun,Electronics,LED Television,2,29620,0.1,53316.0,49282.48,4033.52,UPI
ORD104361,2025-08-30,CUST-01273,Consumer,Central,Jabalpur,Electronics,Laptop,1,59750,0.05,56762.5,48939.62,7822.88,UPI
ORD104362,2025-08-30,CUST-02032,Corporate,South,Hyderabad,Office,Stationery Kit,1,690,0.05,655.5,294.51,360.99,Cash on Delivery
ORD104363,2025-08-30,CUST-00950,Consumer,West,Pune,Electronics,Power Bank,1,880,0.05,836.0,459.52,376.48,Credit Card
ORD104364,2025-08-30,CUST-00912,Corporate,East,Bhubaneswar,Fashion,Men's T-Shirt,5,800,0.1,3600.0,1295.8,2304.2,Debit Card
ORD104365,2025-08-31,CUST-01111,Consumer,South,Kochi,Office,Laptop Bag,4,2930,0.05,11134.0,5410.95,5723.05,UPI
ORD104366,2025-08-31,CUST-02207,Consumer,Central,Jabalpur,Fashion,Formal Shirt,4,1020,0.1,3672.0,1517.82,2154.18,Credit Card
ORD104367,2025-08-31,CUST-00001,Small Business,East,Guwahati,Fashion,Winter Jacket,3,4060,0.1,10962.0,4835.61,6126.39,UPI
ORD104368,2025-08-31,CUST-02391,Consumer,West,Surat,Home & Kitchen,Microwave Oven,2,10100,0.1,18180.0,12976.12,5203.88,UPI
ORD104369,2025-08-31,CUST-01026,Consumer,South,Kochi,Home & Kitchen,Mixer Grinder,2,3220,0.05,6118.0,3748.59,2369.41,Cash on Delivery
ORD104370,2025-08-31,CUST-01828,Consumer,North,Chandigarh,Fashion,Running Shoes,4,5130,0.1,18468.0,11087.94,7380.06,Credit Card
ORD104371,2025-08-31,CUST-02448,Consumer,East,Patna,Home & Kitchen,Refrigerator,2,69470,0.1,125046.0,98240.25,26805.75,UPI
ORD104372,2025-08-31,CUST-01605,Small Business,West,Nagpur,Fashion,Formal Shirt,5,680,0.1,3060.0,1458.06,1601.94,UPI
ORD104373,2025-08-31,CUST-02079,Consumer,Central,Jabalpur,Electronics,LED Television,3,15970,0.05,45514.5,39055.4,6459.1,UPI
ORD104374,2025-08-31,CUST-02910,Corporate,West,Nagpur,Home & Kitchen,Pressure Cooker,3,2720,0.1,7344.0,4219.06,3124.94,UPI
ORD104375,2025-08-31,CUST-00098,Consumer,South,Kochi,Home & Kitchen,Pressure Cooker,3,2010,0.05,5728.5,3384.16,2344.34,Credit Card
ORD104376,2025-08-31,CUST-01075,Corporate,North,Lucknow,Fashion,Running Shoes,1,1770,0.1,1593.0,945.85,647.15,UPI
ORD104377,2025-08-31,CUST-02928,Consumer,South,Coimbatore,Fashion,Running Shoes,3,1830,0.1,4941.0,2811.46,2129.54,Net Banking
ORD104378,2025-08-31,CUST-02662,Consumer,South,Coimbatore,Fashion,Formal Shirt,1,710,0.1,639.0,330.91,308.09,Cash on Delivery
ORD104379,2025-08-31,CUST-01970,Consumer,East,Kolkata,Fashion,Wrist Watch,2,2520,0.1,4536.0,2418.61,2117.39,UPI
ORD104380,2025-08-31,CUST-00752,Consumer,North,Lucknow,Home & Kitchen,Ceiling Fan,5,3920,0.1,17640.0,11776.39,5863.61,Not Specified
ORD104381,2025-08-31,CUST-01011,Small Business,West,Nagpur,Home & Kitchen,Air Fryer,3,6390,0.1,17253.0,13010.09,4242.91,Credit Card
ORD104382,2025-09-01,CUST-02728,Small Business,West,Surat,Fashion,Men's T-Shirt,5,1740,0.1,7830.0,3383.01,4446.99,Debit Card
ORD104383,2025-09-01,CUST-02245,Consumer,West,Ahmedabad,Office,Study Table,3,10250,0.05,29212.5,15722.01,13490.49,Credit Card
ORD104384,2025-09-01,CUST-00950,Consumer,West,Pune,Fashion,Winter Jacket,2,3050,0.1,5490.0,2354.45,3135.55,Debit Card
ORD104385,2025-09-01,CUST-00416,Consumer,South,Chennai,Electronics,Smartwatch,1,7090,0.05,6735.5,4783.27,1952.23,UPI
ORD104386,2025-09-01,CUST-02494,Consumer,West,Ahmedabad,Fashion,Winter Jacket,2,2920,0.1,5256.0,2230.09,3025.91,Net Banking
ORD104387,2025-09-01,CUST-01828,Consumer,North,Chandigarh,Home & Kitchen,Pressure Cooker,2,1480,0.1,2664.0,1547.53,1116.47,EMI
ORD104388,2025-09-01,CUST-03066,Consumer,Central,Gwalior,Office,Office Chair,3,19960,0.05,56886.0,35253.42,21632.58,UPI
ORD104389,2025-09-01,CUST-01256,Consumer,East,Ranchi,Fashion,Wrist Watch,2,3960,0.1,7128.0,3155.8,3972.2,Credit Card
ORD104390,2025-09-01,CUST-01073,Consumer,East,Bhubaneswar,Home & Kitchen,Pressure Cooker,3,980,0.1,2646.0,1655.69,990.31,Credit Card
ORD104391,2025-09-01,CUST-00950,Consumer,West,Pune,Office,File Organizer,2,390,0.05,741.0,298.3,442.7,UPI
ORD104392,2025-09-01,CUST-01529,Consumer,East,Bhubaneswar,Electronics,Smartphone,1,51170,0.05,48611.5,41247.89,7363.61,UPI
ORD104393,2025-09-01,CUST-00988,Consumer,North,Dehradun,Home & Kitchen,Air Fryer,5,3980,0.1,17910.0,13556.57,4353.43,UPI
ORD104394,2025-09-01,CUST-00247,Consumer,North,Dehradun,Home & Kitchen,Air Fryer,1,4010,0.1,3609.0,2593.09,1015.91,Net Banking
ORD104395,2025-09-01,CUST-00967,Consumer,West,Pune,Electronics,Tablet,1,18210,0.05,17299.5,14512.82,2786.68,EMI
ORD104396,2025-09-02,CUST-00717,Consumer,East,Patna,Home & Kitchen,Microwave Oven,3,10020,0.1,27054.0,18677.17,8376.83,Credit Card
ORD104397,2025-09-02,CUST-02599,Consumer,West,Surat,Electronics,Tablet,1,10200,0.05,9690.0,8071.27,1618.73,Cash on Delivery
ORD104398,2025-09-02,CUST-00773,Corporate,North,Lucknow,Office,File Organizer,4,1220,0.05,4636.0,1905.12,2730.88,Debit Card
ORD104399,2025-09-02,CUST-01441,Consumer,South,Chennai,Fashion,Women's Kurti,2,610,0.1,1098.0,521.01,576.99,UPI
ORD104400,2025-09-02,CUST-02164,Small Business,West,Pune,Home & Kitchen,Air Fryer,1,8710,0.1,7839.0,4915.54,2923.46,Net Banking
ORD104401,2025-09-02,CUST-00476,Corporate,West,Pune,Home & Kitchen,Ceiling Fan,3,1730,0.1,4671.0,3208.8,1462.2,Cash on Delivery
ORD104402,2025-09-02,CUST-01661,Consumer,West,Ahmedabad,Office,Desk Lamp,2,600,0.05,1140.0,539.53,600.47,UPI
ORD104403,2025-09-02,CUST-02690,Consumer,West,Pune,Fashion,Women's Kurti,1,610,0.1,549.0,200.45,348.55,UPI
ORD104404,2025-09-02,CUST-01853,Consumer,West,Mumbai,Electronics,Power Bank,2,1270,0.05,2413.0,1301.1,1111.9,Cash on Delivery
ORD104405,2025-09-03,CUST-01532,Corporate,Central,Indore,Electronics,Power Bank,1,3060,0.05,2907.0,1589.89,1317.11,UPI
ORD104406,2025-09-03,CUST-02662,Consumer,South,Coimbatore,Electronics,Tablet,1,28580,0.05,27151.0,23910.35,3240.65,Debit Card
ORD104407,2025-09-03,CUST-03004,Consumer,North,Dehradun,Home & Kitchen,Air Fryer,3,4050,0.1,10935.0,7747.42,3187.58,UPI
ORD104408,2025-09-03,CUST-02614,Consumer,West,Nagpur,Fashion,Women's Kurti,2,2280,0.1,4104.0,1709.52,2394.48,Debit Card
ORD104409,2025-09-03,CUST-01263,Consumer,South,Bengaluru,Home & Kitchen,Air Fryer,3,4860,0.05,13851.0,8597.54,5253.46,UPI
ORD104410,2025-09-03,CUST-01949,Corporate,South,Hyderabad,Home & Kitchen,Mixer Grinder,2,2480,0.05,4712.0,3006.54,1705.46,Debit Card
ORD104411,2025-09-03,CUST-01648,Consumer,South,Hyderabad,Home & Kitchen,Air Fryer,4,6380,0.05,24244.0,16874.27,7369.73,UPI
ORD104412,2025-09-03,CUST-00950,Consumer,West,Pune,Electronics,Bluetooth Earbuds,1,3880,0.05,3686.0,2157.94,1528.06,Debit Card
ORD104413,2025-09-03,CUST-01358,Corporate,West,Surat,Electronics,Smartphone,2,12890,0.05,24491.0,20972.49,3518.51,Credit Card
ORD104414,2025-09-03,CUST-02640,Consumer,West,Pune,Home & Kitchen,Refrigerator,5,57960,0.1,260820.0,198769.53,62050.47,Not Specified
ORD104415,2025-09-03,CUST-00950,Consumer,West,Pune,Fashion,Wrist Watch,2,4060,0.1,7308.0,2889.57,4418.43,Net Banking
ORD104416,2025-09-03,CUST-02833,Corporate,East,Patna,Fashion,Men's T-Shirt,1,580,0.1,522.0,181.12,340.88,Credit Card
ORD104417,2025-09-03,CUST-03176,Corporate,West,Pune,Home & Kitchen,Refrigerator,1,20570,0.1,18513.0,14930.19,3582.81,UPI
ORD104418,2025-09-03,CUST-00955,Consumer,East,Kolkata,Office,File Organizer,1,410,0.05,389.5,152.58,236.92,UPI
ORD104419,2025-09-04,CUST-00393,Corporate,Central,Bhopal,Fashion,Handbag,1,3970,0.1,3573.0,1675.38,1897.62,Net Banking
ORD104420,2025-09-04,CUST-03037,Small Business,South,Kochi,Electronics,Power Bank,1,2270,0.05,2156.5,1087.77,1068.73,Credit Card
ORD104421,2025-09-04,CUST-00542,Small Business,South,Coimbatore,Electronics,Smartphone,1,24780,0.05,23541.0,21619.53,1921.47,Debit Card
ORD104422,2025-09-04,CUST-02471,Consumer,Central,Raipur,Office,Printer,1,5110,0.05,4854.5,3620.09,1234.41,UPI
ORD104423,2025-09-04,CUST-00117,Small Business,East,Kolkata,Fashion,Women's Kurti,2,610,0.1,1098.0,531.78,566.22,UPI
ORD104424,2025-09-04,CUST-00773,Corporate,North,Lucknow,Home & Kitchen,Microwave Oven,3,5830,0.1,15741.0,11402.62,4338.38,UPI
ORD104425,2025-09-04,CUST-00853,Small Business,West,Pune,Electronics,Laptop,1,50040,0.05,47538.0,44312.78,3225.22,EMI
ORD104426,2025-09-04,CUST-00950,Consumer,West,Pune,Electronics,Laptop,3,32120,0.05,91542.0,79363.78,12178.22,Net Banking
ORD104427,2025-09-04,CUST-02909,Consumer,East,Bhubaneswar,Office,Stationery Kit,1,1030,0.05,978.5,376.61,601.89,Credit Card
ORD104428,2025-09-04,CUST-00549,Consumer,West,Ahmedabad,Electronics,Smartwatch,1,6820,0.05,6479.0,3928.15,2550.85,Credit Card
ORD104429,2025-09-04,CUST-00547,Consumer,South,Coimbatore,Home & Kitchen,Pressure Cooker,2,2810,0.05,5339.0,3465.18,1873.82,Cash on Delivery
ORD104430,2025-09-04,CUST-02222,Corporate,West,Mumbai,Office,Whiteboard,1,1000,0.05,950.0,570.77,379.23,UPI
ORD104431,2025-09-04,CUST-03023,Consumer,Central,Bhopal,Office,Desk Lamp,2,1830,0.05,3477.0,1748.59,1728.41,UPI
ORD104432,2025-09-04,CUST-01198,Consumer,North,Dehradun,Electronics,Tablet,2,10090,0.1,18162.0,15664.89,2497.11,Debit Card
ORD104433,2025-09-04,CUST-02475,Consumer,North,Delhi,Fashion,Denim Jeans,1,1870,0.1,1683.0,775.62,907.38,Credit Card
ORD104434,2025-09-04,CUST-00098,Consumer,South,Kochi,Office,File Organizer,2,1200,0.05,2280.0,1127.59,1152.41,UPI
ORD104435,2025-09-04,CUST-02622,Consumer,West,Pune,Fashion,Running Shoes,5,3580,0.1,16110.0,9630.72,6479.28,UPI
ORD104436,2025-09-04,CUST-02322,Consumer,North,Chandigarh,Fashion,Wrist Watch,3,3920,0.1,10584.0,4919.88,5664.12,Cash on Delivery
ORD104437,2025-09-04,CUST-02853,Consumer,South,Hyderabad,Fashion,Wrist Watch,2,1020,0.1,1836.0,1004.82,831.18,Credit Card
ORD104438,2025-09-04,CUST-02041,Consumer,North,Dehradun,Office,Office Chair,1,11060,0.05,10507.0,6914.79,3592.21,Debit Card
ORD104439,2025-09-04,CUST-02985,Consumer,South,Bengaluru,Home & Kitchen,Mixer Grinder,5,3250,0.05,15437.5,10608.3,4829.2,Net Banking
ORD104440,2025-09-04,CUST-01198,Consumer,North,Dehradun,Electronics,LED Television,1,56090,0.1,50481.0,42691.13,7789.87,UPI
ORD104441,2025-09-04,CUST-02354,Consumer,Central,Indore,Electronics,LED Television,1,40290,0.05,38275.5,32514.53,5760.97,Credit Card
ORD104442,2025-09-05,CUST-02330,Consumer,West,Nagpur,Fashion,Denim Jeans,2,2560,0.1,4608.0,2341.15,2266.85,UPI
ORD104443,2025-09-05,CUST-00892,Corporate,West,Surat,Office,Desk Lamp,4,1330,0.05,5054.0,2622.01,2431.99,UPI
ORD104444,2025-09-05,CUST-02910,Corporate,West,Nagpur,Fashion,Running Shoes,1,1780,0.1,1602.0,959.33,642.67,Credit Card
ORD104445,2025-09-05,CUST-02494,Consumer,West,Ahmedabad,Fashion,Formal Shirt,3,690,0.1,1863.0,665.32,1197.68,Net Banking
ORD104446,2025-09-05,CUST-02750,Consumer,South,Hyderabad,Fashion,Handbag,2,1400,0.1,2520.0,980.1,1539.9,Credit Card
ORD104447,2025-09-05,CUST-01117,Corporate,East,Guwahati,Office,Study Table,1,7980,0.05,7581.0,4622.04,2958.96,Debit Card
ORD104448,2025-09-05,CUST-02667,Consumer,North,Chandigarh,Fashion,Wrist Watch,2,4090,0.1,7362.0,4230.14,3131.86,UPI
ORD104449,2025-09-05,CUST-00970,Small Business,West,Mumbai,Home & Kitchen,Mixer Grinder,3,3310,0.1,8937.0,6060.39,2876.61,Credit Card
ORD104450,2025-09-05,CUST-03067,Consumer,South,Kochi,Electronics,Tablet,1,18120,0.05,17214.0,13945.86,3268.14,Credit Card
ORD104451,2025-09-05,CUST-00075,Consumer,North,Jaipur,Home & Kitchen,Air Fryer,2,5020,0.1,9036.0,6986.15,2049.85,UPI
ORD104452,2025-09-05,CUST-01974,Corporate,West,Surat,Electronics,Bluetooth Earbuds,2,6080,0.05,11552.0,6851.74,4700.26,Credit Card
ORD104453,2025-09-05,CUST-00366,Small Business,Central,Gwalior,Home & Kitchen,Air Fryer,2,11230,0.05,21337.0,13331.65,8005.35,Credit Card
ORD104454,2025-09-05,CUST-02305,Corporate,West,Pune,Electronics,Power Bank,3,1840,0.05,5244.0,2988.72,2255.28,UPI
ORD104455,2025-09-05,CUST-01119,Consumer,North,Jaipur,Fashion,Women's Kurti,1,1800,0.1,1620.0,859.25,760.75,UPI
ORD104456,2025-09-05,CUST-02764,Consumer,Central,Jabalpur,Electronics,LED Television,1,22080,0.05,20976.0,18661.25,2314.75,Debit Card
ORD104457,2025-09-05,CUST-02771,Small Business,West,Pune,Home & Kitchen,Washing Machine,1,37930,0.1,34137.0,27363.28,6773.72,Credit Card
ORD104458,2025-09-05,CUST-01140,Consumer,East,Patna,Home & Kitchen,Pressure Cooker,5,2870,0.1,12915.0,8596.28,4318.72,UPI
ORD104459,2025-09-06,CUST-02579,Consumer,West,Pune,Fashion,Running Shoes,3,1790,0.1,4833.0,2134.05,2698.95,Credit Card
ORD104460,2025-09-06,CUST-02192,Small Business,North,Lucknow,Electronics,LED Television,1,29140,0.1,26226.0,22954.54,3271.46,UPI
ORD104461,2025-09-06,CUST-01328,Consumer,West,Surat,Home & Kitchen,Air Fryer,2,6530,0.1,11754.0,8918.51,2835.49,Cash on Delivery
ORD104462,2025-09-06,CUST-01044,Consumer,North,Chandigarh,Fashion,Women's Kurti,3,1300,0.1,3510.0,1377.16,2132.84,UPI
ORD104463,2025-09-06,CUST-00693,Corporate,Central,Gwalior,Office,Laptop Bag,1,1190,0.05,1130.5,505.71,624.79,UPI
ORD104464,2025-09-06,CUST-00203,Small Business,East,Not Specified,Electronics,Power Bank,2,1810,0.05,3439.0,2000.32,1438.68,Net Banking
ORD104465,2025-09-06,CUST-01620,Corporate,South,Chennai,Fashion,Winter Jacket,2,3060,0.1,5508.0,2819.29,2688.71,Net Banking
ORD104466,2025-09-06,CUST-01694,Consumer,East,Kolkata,Electronics,Tablet,3,17830,0.05,50815.5,43205.48,7610.02,Cash on Delivery
ORD104467,2025-09-06,CUST-01392,Consumer,Central,Gwalior,Office,Printer,3,14260,0.05,40641.0,33377.38,7263.62,Debit Card
ORD104468,2025-09-06,CUST-03017,Corporate,Central,Jabalpur,Home & Kitchen,Refrigerator,2,28770,0.05,54663.0,37640.28,17022.72,Credit Card
ORD104469,2025-09-06,CUST-00039,Consumer,North,Chandigarh,Office,Stationery Kit,3,980,0.05,2793.0,1222.44,1570.56,Net Banking
ORD104470,2025-09-06,CUST-02703,Small Business,West,Pune,Home & Kitchen,Pressure Cooker,2,1010,0.1,1818.0,1069.24,748.76,UPI
ORD104471,2025-09-06,CUST-02543,Small Business,South,Chennai,Fashion,Handbag,3,4110,0.1,11097.0,5906.73,5190.27,Debit Card
ORD104472,2025-09-06,CUST-02441,Small Business,North,Chandigarh,Fashion,Denim Jeans,2,1000,0.1,1800.0,901.22,898.78,EMI
ORD104473,2025-09-06,CUST-01641,Consumer,South,Hyderabad,Electronics,Smartwatch,1,14060,0.05,13357.0,8472.66,4884.34,UPI
ORD104474,2025-09-07,CUST-00608,Consumer,West,Mumbai,Home & Kitchen,Washing Machine,2,18860,0.1,33948.0,25337.7,8610.3,UPI
ORD104475,2025-09-07,CUST-02740,Small Business,West,Pune,Office,Whiteboard,1,2170,0.05,2061.5,1248.0,813.5,Net Banking
ORD104476,2025-09-07,CUST-02390,Small Business,Central,Bhopal,Fashion,Women's Kurti,5,1800,0.1,8100.0,3607.68,4492.32,Debit Card
ORD104477,2025-09-07,CUST-02651,Consumer,Central,Gwalior,Electronics,Bluetooth Speaker,1,3890,0.05,3695.5,2288.24,1407.26,Debit Card
ORD104478,2025-09-07,CUST-00773,Corporate,North,Lucknow,Fashion,Formal Shirt,5,700,0.1,3150.0,1597.65,1552.35,Cash on Delivery
ORD104479,2025-09-07,CUST-01755,Consumer,Central,Raipur,Home & Kitchen,Refrigerator,5,21140,0.05,100415.0,72279.66,28135.34,Debit Card
ORD104480,2025-09-07,CUST-01293,Consumer,South,Chennai,Electronics,Laptop,2,40140,0.05,76266.0,70723.41,5542.59,UPI
ORD104481,2025-09-07,CUST-02051,Consumer,West,Surat,Fashion,Men's T-Shirt,3,780,0.1,2106.0,787.0,1319.0,Credit Card
ORD104482,2025-09-07,CUST-02417,Corporate,South,Kochi,Electronics,Bluetooth Earbuds,1,1940,0.05,1843.0,1306.28,536.72,Net Banking
ORD104483,2025-09-07,CUST-00547,Consumer,South,Coimbatore,Fashion,Denim Jeans,3,1440,0.1,3888.0,1786.37,2101.63,Cash on Delivery
ORD104484,2025-09-07,CUST-00547,Consumer,South,Coimbatore,Home & Kitchen,Water Purifier,4,5980,0.05,22724.0,13757.19,8966.81,UPI
ORD104485,2025-09-07,CUST-00136,Small Business,West,Mumbai,Electronics,Bluetooth Speaker,1,1950,0.05,1852.5,1099.68,752.82,Net Banking
ORD104486,2025-09-07,CUST-00501,Consumer,West,Surat,Electronics,LED Television,1,77190,0.05,73330.5,65550.78,7779.72,Debit Card
ORD104487,2025-09-07,CUST-00784,Consumer,East,Bhubaneswar,Electronics,Smartwatch,1,14010,0.05,13309.5,9642.69,3666.81,UPI
ORD104488,2025-09-07,CUST-00245,Small Business,North,Dehradun,Fashion,Men's T-Shirt,2,1750,0.1,3150.0,1105.67,2044.33,UPI
ORD104489,2025-09-07,CUST-01090,Consumer,South,Coimbatore,Electronics,Bluetooth Speaker,1,4090,0.05,3885.5,2440.84,1444.66,EMI
ORD104490,2025-09-07,CUST-02180,Consumer,South,Coimbatore,Fashion,Winter Jacket,3,2960,0.1,7992.0,4568.37,3423.63,Debit Card
ORD104491,2025-09-07,CUST-02528,Consumer,South,Hyderabad,Home & Kitchen,Air Fryer,4,8250,0.05,31350.0,19324.57,12025.43,Debit Card
ORD104492,2025-09-07,CUST-01058,Consumer,East,Guwahati,Fashion,Formal Shirt,5,680,0.1,3060.0,1549.56,1510.44,UPI
ORD104493,2025-09-07,CUST-00292,Consumer,South,Chennai,Home & Kitchen,Microwave Oven,2,5870,0.05,11153.0,7788.0,3365.0,UPI
ORD104494,2025-09-07,CUST-02445,Consumer,West,Ahmedabad,Office,Laptop Bag,2,800,0.05,1520.0,646.22,873.78,Credit Card
ORD104495,2025-09-07,CUST-01204,Corporate,West,Ahmedabad,Fashion,Wrist Watch,2,2460,0.1,4428.0,2523.41,1904.59,Credit Card
ORD104496,2025-09-07,CUST-00819,Consumer,West,Pune,Electronics,Power Bank,1,1830,0.05,1738.5,1085.63,652.87,Net Banking
ORD104497,2025-09-07,CUST-01486,Small Business,North,Chandigarh,Electronics,Tablet,1,17960,0.1,16164.0,13969.74,2194.26,Credit Card
ORD104498,2025-09-07,CUST-03082,Consumer,North,Jaipur,Home & Kitchen,Mixer Grinder,1,2570,0.1,2313.0,1652.37,660.63,Credit Card
ORD104499,2025-09-07,CUST-01148,Consumer,Central,Raipur,Home & Kitchen,Air Fryer,5,10770,0.05,51157.5,33138.69,18018.81,Debit Card
ORD104500,2025-09-07,CUST-03047,Corporate,East,Patna,Office,Desk Lamp,1,1280,0.05,1216.0,631.56,584.44,UPI
ORD104501,2025-09-07,CUST-00822,Consumer,East,Kolkata,Home & Kitchen,Ceiling Fan,3,3950,0.1,10665.0,6885.55,3779.45,Net Banking
ORD104502,2025-09-07,CUST-00352,Consumer,North,Lucknow,Electronics,Power Bank,1,1310,0.1,1179.0,612.61,566.39,EMI
ORD104503,2025-09-07,CUST-00501,Consumer,West,Surat,Fashion,Women's Kurti,2,1270,0.1,2286.0,765.25,1520.75,Net Banking
ORD104504,2025-09-08,CUST-02477,Consumer,East,Patna,Fashion,Men's T-Shirt,1,610,0.1,549.0,257.15,291.85,Debit Card
ORD104505,2025-09-08,CUST-01690,Consumer,West,Mumbai,Office,File Organizer,2,780,0.05,1482.0,547.56,934.44,UPI
ORD104506,2025-09-08,CUST-01845,Corporate,East,Bhubaneswar,Office,Laptop Bag,2,2240,0.05,4256.0,2260.06,1995.94,Credit Card
ORD104507,2025-09-08,CUST-03077,Consumer,West,Mumbai,Home & Kitchen,Refrigerator,5,35540,0.1,159930.0,114368.59,45561.41,Debit Card
ORD104508,2025-09-08,CUST-01602,Consumer,West,Pune,Home & Kitchen,Microwave Oven,2,15710,0.1,28278.0,21930.27,6347.73,Not Specified
ORD104509,2025-09-08,CUST-00383,Consumer,East,Kolkata,Electronics,Tablet,1,29530,0.05,28053.5,21674.01,6379.49,Credit Card
ORD104510,2025-09-08,CUST-02305,Corporate,West,Pune,Fashion,Running Shoes,5,1820,0.1,8190.0,4256.74,3933.26,UPI
ORD104511,2025-09-08,CUST-00673,Corporate,North,Delhi,Fashion,Running Shoes,3,1330,0.1,3591.0,1639.37,1951.63,UPI
ORD104512,2025-09-08,CUST-01843,Consumer,South,Coimbatore,Electronics,Smartwatch,2,1990,0.05,3781.0,2411.64,1369.36,UPI
ORD104513,2025-09-08,CUST-02718,Corporate,North,Lucknow,Office,Whiteboard,3,990,0.05,2821.5,1625.81,1195.69,Debit Card
ORD104514,2025-09-08,CUST-01508,Corporate,North,Jaipur,Office,Stationery Kit,1,300,0.05,285.0,149.9,135.1,Debit Card
ORD104515,2025-09-08,CUST-00970,Small Business,West,Mumbai,Electronics,Tablet,3,22940,0.05,65379.0,53918.13,11460.87,UPI
ORD104516,2025-09-08,CUST-01826,Consumer,East,Patna,Home & Kitchen,Refrigerator,3,46280,0.1,124956.0,89339.69,35616.31,Net Banking
ORD104517,2025-09-08,CUST-00397,Corporate,North,Delhi,Electronics,LED Television,1,76980,0.1,69282.0,65251.06,4030.94,Net Banking
ORD104518,2025-09-08,CUST-00955,Consumer,East,Kolkata,Electronics,Tablet,2,23130,0.05,43947.0,35990.17,7956.83,Credit Card
ORD104519,2025-09-08,CUST-01602,Consumer,West,Pune,Fashion,Formal Shirt,3,680,0.1,1836.0,929.75,906.25,Not Specified
ORD104520,2025-09-08,CUST-00827,Small Business,Central,Jabalpur,Fashion,Wrist Watch,3,6100,0.1,16470.0,9667.08,6802.92,Credit Card
ORD104521,2025-09-08,CUST-00117,Small Business,East,Kolkata,Home & Kitchen,Water Purifier,2,18510,0.1,33318.0,23666.57,9651.43,Debit Card
ORD104522,2025-09-08,CUST-01857,Consumer,West,Mumbai,Fashion,Denim Jeans,3,980,0.1,2646.0,1224.11,1421.89,UPI
ORD104523,2025-09-09,CUST-01240,Consumer,West,Mumbai,Office,Study Table,4,6010,0.05,22838.0,15093.69,7744.31,Debit Card
ORD104524,2025-09-09,CUST-01201,Consumer,East,Guwahati,Office,Printer,1,14200,0.05,13490.0,11009.77,2480.23,Net Banking
ORD104525,2025-09-09,CUST-03195,Small Business,West,Nagpur,Electronics,Bluetooth Earbuds,1,5110,0.05,4854.5,3560.79,1293.71,Debit Card
ORD104526,2025-09-09,CUST-00366,Small Business,Central,Gwalior,Electronics,Smartphone,1,17480,0.05,16606.0,13814.72,2791.28,UPI
ORD104527,2025-09-09,CUST-00491,Consumer,Central,Bhopal,Fashion,Wrist Watch,3,1020,0.1,2754.0,1329.15,1424.85,UPI
ORD104528,2025-09-09,CUST-02783,Consumer,South,Chennai,Electronics,Tablet,1,22490,0.05,21365.5,17526.69,3838.81,Credit Card
ORD104529,2025-09-09,CUST-00409,Small Business,Central,Jabalpur,Electronics,Tablet,3,23300,0.05,66405.0,55095.73,11309.27,Credit Card
ORD104530,2025-09-09,CUST-02903,Small Business,West,Pune,Fashion,Women's Kurti,3,920,0.1,2484.0,830.19,1653.81,Cash on Delivery
ORD104531,2025-09-09,CUST-02162,Consumer,West,Pune,Home & Kitchen,Air Fryer,2,6350,0.1,11430.0,7702.39,3727.61,Debit Card
ORD104532,2025-09-09,CUST-01655,Small Business,West,Mumbai,Office,Stationery Kit,1,300,0.05,285.0,123.95,161.05,Net Banking
ORD104533,2025-09-09,CUST-00927,Corporate,South,Chennai,Electronics,Bluetooth Earbuds,3,1280,0.05,3648.0,2545.56,1102.44,Debit Card
ORD104534,2025-09-09,CUST-01107,Corporate,Central,Raipur,Fashion,Denim Jeans,3,3020,0.1,8154.0,3971.66,4182.34,Net Banking
ORD104535,2025-09-09,CUST-02626,Consumer,Central,Indore,Electronics,Power Bank,2,3070,0.05,5833.0,3361.96,2471.04,Net Banking
ORD104536,2025-09-09,CUST-00181,Corporate,West,Pune,Office,Laptop Bag,1,810,0.05,769.5,327.49,442.01,UPI
ORD104537,2025-09-09,CUST-02463,Consumer,West,Ahmedabad,Electronics,Bluetooth Speaker,3,4110,0.05,11713.5,7854.53,3858.97,Credit Card
ORD104538,2025-09-09,CUST-02632,Small Business,Central,Raipur,Home & Kitchen,Water Purifier,1,6170,0.05,5861.5,3945.39,1916.11,UPI
ORD104539,2025-09-09,CUST-02272,Consumer,North,Delhi,Office,Whiteboard,4,1540,0.05,5852.0,3178.69,2673.31,Credit Card
ORD104540,2025-09-09,CUST-00172,Small Business,West,Pune,Fashion,Women's Kurti,2,1330,0.1,2394.0,1108.51,1285.49,Cash on Delivery
ORD104541,2025-09-09,CUST-02389,Consumer,South,Chennai,Electronics,Laptop,2,32560,0.05,61864.0,55448.05,6415.95,Credit Card
ORD104542,2025-09-09,CUST-02322,Consumer,North,Chandigarh,Home & Kitchen,Refrigerator,2,21270,0.1,38286.0,26938.32,11347.68,UPI
ORD104543,2025-09-09,CUST-00035,Consumer,West,Surat,Electronics,Bluetooth Speaker,2,1290,0.05,2451.0,1469.76,981.24,Net Banking
ORD104544,2025-09-09,CUST-02842,Consumer,West,Pune,Fashion,Wrist Watch,3,4080,0.1,11016.0,6425.57,4590.43,Credit Card
ORD104545,2025-09-09,CUST-00416,Consumer,South,Chennai,Fashion,Formal Shirt,2,1010,0.1,1818.0,847.41,970.59,Net Banking
ORD104546,2025-09-10,CUST-03058,Corporate,North,Dehradun,Fashion,Winter Jacket,3,4940,0.1,13338.0,6622.54,6715.46,UPI
ORD104547,2025-09-10,CUST-00240,Corporate,Central,Jabalpur,Fashion,Handbag,2,2920,0.1,5256.0,2133.81,3122.19,EMI
ORD104548,2025-09-10,CUST-00782,Small Business,Central,Bhopal,Office,Study Table,4,12630,0.05,47994.0,27041.59,20952.41,Net Banking
ORD104549,2025-09-10,CUST-02216,Consumer,South,Chennai,Office,Study Table,2,13060,0.05,24814.0,13406.53,11407.47,Debit Card
ORD104550,2025-09-10,CUST-00439,Small Business,South,Chennai,Office,Stationery Kit,1,710,0.05,674.5,296.42,378.08,Credit Card
ORD104551,2025-09-10,CUST-00585,Consumer,East,Kolkata,Office,Laptop Bag,2,1180,0.05,2242.0,1127.33,1114.67,UPI
ORD104552,2025-09-10,CUST-00035,Consumer,West,Surat,Electronics,Bluetooth Earbuds,2,1330,0.05,2527.0,1847.27,679.73,UPI
ORD104553,2025-09-10,CUST-02629,Corporate,North,Delhi,Fashion,Running Shoes,4,4920,0.1,17712.0,10520.9,7191.1,Debit Card
ORD104554,2025-09-10,CUST-00115,Consumer,South,Chennai,Electronics,LED Television,1,74040,0.05,70338.0,62180.51,8157.49,UPI
ORD104555,2025-09-10,CUST-02023,Consumer,West,Mumbai,Home & Kitchen,Washing Machine,1,50240,0.1,45216.0,33227.83,11988.17,UPI
ORD104556,2025-09-10,CUST-01846,Consumer,South,Chennai,Office,Printer,3,14250,0.05,40612.5,32601.93,8010.57,UPI
ORD104557,2025-09-10,CUST-01605,Small Business,West,Nagpur,Fashion,Denim Jeans,2,2490,0.1,4482.0,1746.2,2735.8,Net Banking
ORD104558,2025-09-10,CUST-01151,Consumer,West,Mumbai,Electronics,LED Television,1,30290,0.05,28775.5,23754.72,5020.78,UPI
ORD104559,2025-09-10,CUST-00950,Consumer,West,Pune,Electronics,Smartphone,2,50120,0.05,95228.0,82760.81,12467.19,UPI
ORD104560,2025-09-10,CUST-03036,Consumer,North,Delhi,Fashion,Denim Jeans,1,1370,0.1,1233.0,619.61,613.39,UPI
ORD104561,2025-09-10,CUST-02505,Consumer,East,Bhubaneswar,Electronics,LED Television,2,29470,0.05,55993.0,45110.54,10882.46,EMI
ORD104562,2025-09-10,CUST-02914,Small Business,West,Mumbai,Electronics,Bluetooth Earbuds,1,5090,0.05,4835.5,3153.06,1682.44,Credit Card
ORD104563,2025-09-10,CUST-02358,Consumer,East,Bhubaneswar,Electronics,Bluetooth Earbuds,1,4110,0.05,3904.5,2429.15,1475.35,Net Banking
ORD104564,2025-09-10,CUST-02639,Consumer,South,Kochi,Fashion,Women's Kurti,3,1790,0.1,4833.0,2133.06,2699.94,Credit Card
ORD104565,2025-09-10,CUST-03067,Consumer,South,Kochi,Home & Kitchen,Pressure Cooker,5,1480,0.05,7030.0,3820.64,3209.36,Net Banking
ORD104566,2025-09-10,CUST-01426,Small Business,West,Ahmedabad,Electronics,Bluetooth Earbuds,1,5860,0.05,5567.0,3382.67,2184.33,UPI
ORD104567,2025-09-11,CUST-02868,Consumer,South,Kochi,Home & Kitchen,Refrigerator,2,70840,0.05,134596.0,94570.18,40025.82,Debit Card
ORD104568,2025-09-11,CUST-00132,Consumer,North,Dehradun,Home & Kitchen,Refrigerator,3,28660,0.1,77382.0,59470.59,17911.41,Not Specified
ORD104569,2025-09-11,CUST-00358,Corporate,West,Nagpur,Fashion,Formal Shirt,1,1380,0.1,1242.0,650.99,591.01,Cash on Delivery
ORD104570,2025-09-11,CUST-01553,Corporate,North,Jaipur,Office,Laptop Bag,2,2320,0.05,4408.0,2230.35,2177.65,Cash on Delivery
ORD104571,2025-09-11,CUST-01426,Small Business,West,Ahmedabad,Fashion,Winter Jacket,3,3990,0.1,10773.0,4587.36,6185.64,UPI
ORD104572,2025-09-11,CUST-01368,Small Business,West,Surat,Office,Study Table,2,7780,0.05,14782.0,9945.95,4836.05,Debit Card
ORD104573,2025-09-11,CUST-01687,Consumer,West,Mumbai,Electronics,Bluetooth Speaker,1,6130,0.05,5823.5,3120.72,2702.78,UPI
ORD104574,2025-09-11,CUST-01690,Consumer,West,Mumbai,Electronics,Bluetooth Earbuds,3,4960,0.05,14136.0,9976.1,4159.9,EMI
ORD104575,2025-09-11,CUST-02763,Small Business,East,Patna,Electronics,Bluetooth Speaker,1,6060,0.05,5757.0,3916.04,1840.96,Credit Card
ORD104576,2025-09-11,CUST-01058,Consumer,East,Guwahati,Fashion,Handbag,4,3030,0.1,10908.0,4627.48,6280.52,Credit Card
ORD104577,2025-09-11,CUST-00974,Corporate,South,Kochi,Fashion,Women's Kurti,1,1810,0.1,1629.0,604.1,1024.9,UPI
ORD104578,2025-09-11,CUST-02254,Consumer,West,Mumbai,Fashion,Men's T-Shirt,5,400,0.1,1800.0,770.02,1029.98,UPI
ORD104579,2025-09-11,CUST-02086,Consumer,Central,Indore,Electronics,LED Television,2,72890,0.05,138491.0,111024.69,27466.31,Net Banking
ORD104580,2025-09-11,CUST-02641,Consumer,West,Nagpur,Electronics,Bluetooth Earbuds,1,2930,0.05,2783.5,1997.98,785.52,Net Banking
ORD104581,2025-09-11,CUST-00955,Consumer,East,Kolkata,Electronics,Laptop,1,84870,0.05,80626.5,73262.27,7364.23,Debit Card
ORD104582,2025-09-11,CUST-00027,Consumer,North,Delhi,Electronics,Smartphone,3,51000,0.1,137700.0,133231.71,4468.29,UPI
ORD104583,2025-09-11,CUST-02993,Consumer,South,Chennai,Electronics,Tablet,1,9800,0.05,9310.0,7234.28,2075.72,Cash on Delivery
ORD104584,2025-09-11,CUST-00136,Small Business,West,Mumbai,Office,Desk Lamp,2,1310,0.05,2489.0,1056.99,1432.01,Credit Card
ORD104585,2025-09-12,CUST-02192,Small Business,North,Lucknow,Home & Kitchen,Washing Machine,3,49310,0.1,133137.0,109291.55,23845.45,UPI
ORD104586,2025-09-12,CUST-00988,Consumer,North,Dehradun,Electronics,Bluetooth Speaker,2,1330,0.1,2394.0,1490.27,903.73,EMI
ORD104587,2025-09-12,CUST-01320,Consumer,South,Kochi,Fashion,Formal Shirt,2,1870,0.1,3366.0,1460.03,1905.97,Debit Card
ORD104588,2025-09-12,CUST-02662,Consumer,South,Coimbatore,Office,File Organizer,4,400,0.05,1520.0,752.21,767.79,UPI
ORD104589,2025-09-12,CUST-01306,Consumer,South,Kochi,Electronics,Smartphone,1,33780,0.05,32091.0,27134.9,4956.1,UPI
ORD104590,2025-09-12,CUST-00467,Consumer,East,Patna,Electronics,Bluetooth Speaker,1,5970,0.05,5671.5,3067.27,2604.23,Credit Card
ORD104591,2025-09-12,CUST-02426,Consumer,South,Hyderabad,Fashion,Winter Jacket,2,1700,0.1,3060.0,1494.62,1565.38,UPI
ORD104592,2025-09-12,CUST-00055,Consumer,West,Mumbai,Fashion,Formal Shirt,3,1400,0.1,3780.0,1917.6,1862.4,Debit Card
ORD104593,2025-09-12,CUST-00921,Consumer,Central,Indore,Home & Kitchen,Air Fryer,2,8630,0.05,16397.0,9588.49,6808.51,UPI
ORD104594,2025-09-12,CUST-01690,Consumer,West,Mumbai,Fashion,Handbag,3,3890,0.1,10503.0,3752.69,6750.31,UPI
ORD104595,2025-09-12,CUST-01366,Consumer,West,Mumbai,Fashion,Formal Shirt,1,1940,0.1,1746.0,646.54,1099.46,Debit Card
ORD104596,2025-09-12,CUST-01975,Corporate,West,Surat,Electronics,Smartwatch,2,1990,0.05,3781.0,2215.99,1565.01,UPI
ORD104597,2025-09-12,CUST-01173,Consumer,North,Jaipur,Electronics,Bluetooth Earbuds,2,1330,0.1,2394.0,1489.48,904.52,UPI
ORD104598,2025-09-12,CUST-01200,Consumer,Central,Jabalpur,Fashion,Formal Shirt,2,1380,0.1,2484.0,1142.98,1341.02,Debit Card
ORD104599,2025-09-12,CUST-01071,Small Business,South,Bengaluru,Fashion,Women's Kurti,3,2230,0.1,6021.0,2401.81,3619.19,Debit Card
ORD104600,2025-09-12,CUST-02821,Consumer,Central,Indore,Home & Kitchen,Water Purifier,3,5940,0.05,16929.0,12202.74,4726.26,UPI
ORD104601,2025-09-12,CUST-00047,Corporate,East,Kolkata,Office,Study Table,4,6010,0.05,22838.0,15160.18,7677.82,UPI
ORD104602,2025-09-13,CUST-02976,Small Business,West,Mumbai,Electronics,LED Television,1,30340,0.05,28823.0,24171.46,4651.54,UPI
ORD104603,2025-09-13,CUST-01102,Small Business,West,Surat,Electronics,Bluetooth Speaker,1,1310,0.05,1244.5,770.25,474.25,Cash on Delivery
ORD104604,2025-09-13,CUST-01124,Consumer,West,Pune,Electronics,Power Bank,3,1760,0.05,5016.0,2979.78,2036.22,Credit Card
ORD104605,2025-09-13,CUST-02331,Consumer,West,Ahmedabad,Fashion,Handbag,2,3080,0.1,5544.0,2520.12,3023.88,Net Banking
ORD104606,2025-09-13,CUST-01196,Consumer,West,Mumbai,Electronics,Power Bank,1,1300,0.05,1235.0,663.97,571.03,UPI
ORD104607,2025-09-13,CUST-01969,Consumer,South,Kochi,Fashion,Denim Jeans,2,2920,0.1,5256.0,2650.85,2605.15,Net Banking
ORD104608,2025-09-13,CUST-02860,Consumer,North,Lucknow,Fashion,Men's T-Shirt,2,2470,0.1,4446.0,2070.42,2375.58,Credit Card
ORD104609,2025-09-13,CUST-02685,Consumer,West,Surat,Electronics,LED Television,1,29720,0.05,28234.0,22840.93,5393.07,Cash on Delivery
ORD104610,2025-09-13,CUST-01614,Consumer,North,Lucknow,Office,File Organizer,2,800,0.05,1520.0,739.39,780.61,UPI
ORD104611,2025-09-13,CUST-02300,Small Business,Central,Bhopal,Office,Whiteboard,2,1460,0.05,2774.0,1388.48,1385.52,Net Banking
ORD104612,2025-09-13,CUST-01208,Consumer,South,Coimbatore,Electronics,Power Bank,1,3050,0.05,2897.5,1523.95,1373.55,Credit Card
ORD104613,2025-09-13,CUST-02486,Consumer,North,Chandigarh,Electronics,Smartphone,2,33950,0.1,61110.0,57036.95,4073.05,Credit Card
ORD104614,2025-09-13,CUST-00542,Small Business,South,Coimbatore,Office,Whiteboard,3,3380,0.05,9633.0,4694.33,4938.67,Debit Card
ORD104615,2025-09-13,CUST-00143,Corporate,South,Kochi,Electronics,Smartphone,2,13260,0.05,25194.0,23174.38,2019.62,UPI
ORD104616,2025-09-13,CUST-01696,Corporate,South,Chennai,Office,Laptop Bag,3,1720,0.05,4902.0,2113.04,2788.96,Net Banking
ORD104617,2025-09-13,CUST-00708,Small Business,West,Nagpur,Home & Kitchen,Washing Machine,4,18560,0.1,66816.0,46458.02,20357.98,UPI
ORD104618,2025-09-13,CUST-02332,Corporate,South,Kochi,Home & Kitchen,Mixer Grinder,1,4480,0.05,4256.0,2477.89,1778.11,UPI
ORD104619,2025-09-13,CUST-00340,Small Business,West,Pune,Electronics,Laptop,3,68610,0.05,195538.5,170128.6,25409.9,Net Banking
ORD104620,2025-09-13,CUST-00030,Consumer,West,Ahmedabad,Office,Desk Lamp,2,1280,0.05,2432.0,1046.91,1385.09,UPI
ORD104621,2025-09-13,CUST-02180,Consumer,South,Coimbatore,Home & Kitchen,Air Fryer,4,3940,0.05,14972.0,10413.56,4558.44,Debit Card
ORD104622,2025-09-13,CUST-01587,Consumer,West,Ahmedabad,Fashion,Running Shoes,2,1850,0.1,3330.0,1537.26,1792.74,UPI
ORD104623,2025-09-13,CUST-03023,Consumer,Central,Bhopal,Home & Kitchen,Washing Machine,5,29340,0.05,139365.0,90317.73,49047.27,Cash on Delivery
ORD104624,2025-09-13,CUST-00802,Consumer,North,Jaipur,Home & Kitchen,Air Fryer,4,11140,0.1,40104.0,27594.14,12509.86,UPI
ORD104625,2025-09-13,CUST-00394,Consumer,South,Coimbatore,Fashion,Wrist Watch,2,1000,0.1,1800.0,906.27,893.73,UPI
ORD104626,2025-09-13,CUST-00070,Consumer,Central,Raipur,Home & Kitchen,Ceiling Fan,4,1730,0.05,6574.0,4306.35,2267.65,Credit Card
ORD104627,2025-09-13,CUST-01393,Small Business,South,Chennai,Electronics,Smartphone,1,8950,0.05,8502.5,7655.21,847.29,UPI
ORD104628,2025-09-13,CUST-00340,Small Business,West,Pune,Office,Desk Lamp,2,600,0.05,1140.0,482.58,657.42,UPI
ORD104629,2025-09-13,CUST-02485,Consumer,West,Ahmedabad,Electronics,Tablet,1,22790,0.05,21650.5,19286.5,2364.0,UPI
ORD104630,2025-09-13,CUST-00244,Consumer,North,Dehradun,Office,Whiteboard,2,3230,0.05,6137.0,3745.28,2391.72,UPI
ORD104631,2025-09-13,CUST-02910,Corporate,West,Nagpur,Fashion,Wrist Watch,4,1720,0.1,6192.0,3554.44,2637.56,Credit Card
ORD104632,2025-09-13,CUST-01697,Consumer,East,Ranchi,Electronics,Tablet,1,22780,0.05,21641.0,17803.58,3837.42,Credit Card
ORD104633,2025-09-13,CUST-02237,Consumer,South,Kochi,Office,File Organizer,2,600,0.05,1140.0,594.75,545.25,UPI
ORD104634,2025-09-13,CUST-00410,Corporate,South,Kochi,Home & Kitchen,Washing Machine,3,30180,0.05,86013.0,66856.35,19156.65,Credit Card
ORD104635,2025-09-14,CUST-00311,Consumer,East,Bhubaneswar,Office,Desk Lamp,2,1820,0.05,3458.0,1935.19,1522.81,Debit Card
ORD104636,2025-09-14,CUST-01087,Small Business,West,Pune,Home & Kitchen,Pressure Cooker,3,3450,0.1,9315.0,5966.95,3348.05,Credit Card
ORD104637,2025-09-14,CUST-01631,Consumer,South,Hyderabad,Office,File Organizer,2,590,0.05,1121.0,561.55,559.45,UPI
ORD104638,2025-09-14,CUST-01826,Consumer,East,Patna,Home & Kitchen,Microwave Oven,1,16310,0.1,14679.0,12069.56,2609.44,Credit Card
ORD104639,2025-09-14,CUST-01006,Consumer,West,Ahmedabad,Electronics,Tablet,2,10130,0.05,19247.0,16866.43,2380.57,Credit Card
ORD104640,2025-09-14,CUST-00912,Corporate,East,Bhubaneswar,Electronics,Smartphone,1,8920,0.05,8474.0,7422.66,1051.34,UPI
ORD104641,2025-09-14,CUST-03136,Consumer,North,Lucknow,Electronics,Power Bank,1,1800,0.1,1620.0,1036.65,583.35,EMI
ORD104642,2025-09-14,CUST-00912,Corporate,East,Bhubaneswar,Home & Kitchen,Water Purifier,2,7850,0.1,14130.0,10078.9,4051.1,UPI
ORD104643,2025-09-14,CUST-00443,Consumer,East,Guwahati,Fashion,Denim Jeans,4,1010,0.1,3636.0,1686.86,1949.14,Credit Card
ORD104644,2025-09-14,CUST-01107,Corporate,Central,Raipur,Fashion,Women's Kurti,5,610,0.1,2745.0,1031.95,1713.05,Debit Card
ORD104645,2025-09-14,CUST-00950,Consumer,West,Pune,Fashion,Men's T-Shirt,3,2460,0.1,6642.0,2530.6,4111.4,UPI
ORD104646,2025-09-14,CUST-01311,Consumer,East,Kolkata,Electronics,Bluetooth Speaker,1,1320,0.05,1254.0,710.65,543.35,Debit Card
ORD104647,2025-09-14,CUST-01986,Consumer,West,Mumbai,Home & Kitchen,Air Fryer,5,8450,0.1,38025.0,27606.7,10418.3,UPI
ORD104648,2025-09-14,CUST-01914,Small Business,North,Dehradun,Office,Stationery Kit,2,1010,0.05,1919.0,906.86,1012.14,Debit Card
ORD104649,2025-09-14,CUST-02245,Consumer,West,Ahmedabad,Fashion,Handbag,4,3080,0.1,11088.0,5349.9,5738.1,UPI
ORD104650,2025-09-14,CUST-00499,Consumer,West,Nagpur,Fashion,Men's T-Shirt,2,1170,0.1,2106.0,737.96,1368.04,Credit Card
ORD104651,2025-09-14,CUST-00144,Consumer,South,Kochi,Electronics,Smartwatch,1,10270,0.05,9756.5,5660.0,4096.5,UPI
ORD104652,2025-09-14,CUST-02523,Small Business,West,Mumbai,Fashion,Wrist Watch,5,2570,0.1,11565.0,6794.52,4770.48,UPI
ORD104653,2025-09-14,CUST-00710,Corporate,East,Guwahati,Electronics,Tablet,3,22320,0.05,63612.0,52161.24,11450.76,Credit Card
ORD104654,2025-09-14,CUST-00972,Corporate,North,Delhi,Office,Desk Lamp,1,920,0.05,874.0,409.4,464.6,UPI
ORD104655,2025-09-14,CUST-01431,Consumer,South,Bengaluru,Fashion,Denim Jeans,1,2970,0.1,2673.0,1272.53,1400.47,Credit Card
ORD104656,2025-09-14,CUST-02300,Small Business,Central,Bhopal,Fashion,Winter Jacket,1,4890,0.1,4401.0,2432.94,1968.06,Cash on Delivery
ORD104657,2025-09-14,CUST-00525,Consumer,South,Bengaluru,Home & Kitchen,Microwave Oven,2,10150,0.05,19285.0,14824.37,4460.63,Net Banking
ORD104658,2025-09-14,CUST-02859,Corporate,North,Delhi,Office,File Organizer,3,410,0.05,1168.5,596.0,572.5,Debit Card
ORD104659,2025-09-14,CUST-00988,Consumer,North,Dehradun,Office,Whiteboard,2,2200,0.05,4180.0,2512.54,1667.46,UPI
ORD104660,2025-09-14,CUST-03139,Consumer,West,Mumbai,Office,Stationery Kit,2,490,0.05,931.0,436.68,494.32,UPI
ORD104661,2025-09-14,CUST-00950,Consumer,West,Pune,Home & Kitchen,Pressure Cooker,2,2020,0.1,3636.0,2096.18,1539.82,UPI
ORD104662,2025-09-14,CUST-02330,Consumer,West,Nagpur,Electronics,Tablet,1,10160,0.05,9652.0,8324.32,1327.68,Net Banking
ORD104663,2025-09-14,CUST-01157,Consumer,West,Nagpur,Electronics,Smartwatch,3,7110,0.05,20263.5,12004.65,8258.85,Debit Card
ORD104664,2025-09-15,CUST-02662,Consumer,South,Coimbatore,Fashion,Formal Shirt,1,990,0.1,891.0,373.13,517.87,Credit Card
ORD104665,2025-09-15,CUST-01454,Consumer,South,Coimbatore,Fashion,Formal Shirt,4,980,0.1,3528.0,1338.14,2189.86,Credit Card
ORD104666,2025-09-15,CUST-02763,Small Business,East,Patna,Fashion,Men's T-Shirt,2,1210,0.1,2178.0,961.13,1216.87,Credit Card
ORD104667,2025-09-15,CUST-02425,Consumer,North,Dehradun,Fashion,Running Shoes,3,3520,0.1,9504.0,5120.25,4383.75,Cash on Delivery
ORD104668,2025-09-15,CUST-01858,Consumer,West,Mumbai,Fashion,Winter Jacket,2,5130,0.1,9234.0,5435.88,3798.12,Credit Card
ORD104669,2025-09-15,CUST-00812,Consumer,South,Coimbatore,Office,Printer,4,4980,0.05,18924.0,14380.92,4543.08,Debit Card
ORD104670,2025-09-15,CUST-00853,Small Business,West,Pune,Fashion,Denim Jeans,1,2490,0.1,2241.0,1012.95,1228.05,Net Banking
ORD104671,2025-09-15,CUST-03176,Corporate,West,Pune,Home & Kitchen,Pressure Cooker,3,2850,0.1,7695.0,5091.94,2603.06,Credit Card
ORD104672,2025-09-15,CUST-02921,Small Business,South,Kochi,Electronics,Bluetooth Earbuds,2,3010,0.05,5719.0,4016.08,1702.92,UPI
ORD104673,2025-09-15,CUST-00444,Consumer,Central,Bhopal,Fashion,Women's Kurti,3,610,0.1,1647.0,679.0,968.0,Net Banking
ORD104674,2025-09-15,CUST-00662,Small Business,West,Pune,Office,Printer,4,5120,0.05,19456.0,15029.45,4426.55,Net Banking
ORD104675,2025-09-15,CUST-00355,Consumer,South,Chennai,Home & Kitchen,Pressure Cooker,3,990,0.05,2821.5,1580.25,1241.25,Credit Card
ORD104676,2025-09-15,CUST-00651,Consumer,North,Delhi,Fashion,Running Shoes,3,2560,0.1,6912.0,3788.76,3123.24,Debit Card
ORD104677,2025-09-15,CUST-00950,Consumer,West,Pune,Home & Kitchen,Air Fryer,5,8650,0.1,38925.0,24044.74,14880.26,Net Banking
ORD104678,2025-09-15,CUST-02662,Consumer,South,Coimbatore,Office,Study Table,4,4530,0.05,17214.0,10486.71,6727.29,Cash on Delivery
ORD104679,2025-09-15,CUST-00329,Consumer,West,Ahmedabad,Home & Kitchen,Pressure Cooker,2,2730,0.1,4914.0,2839.15,2074.85,Cash on Delivery
ORD104680,2025-09-16,CUST-02806,Consumer,North,Dehradun,Electronics,Smartphone,1,33360,0.1,30024.0,26787.34,3236.66,Cash on Delivery
ORD104681,2025-09-16,CUST-03093,Consumer,North,Dehradun,Fashion,Women's Kurti,3,2280,0.1,6156.0,2277.55,3878.45,Credit Card
ORD104682,2025-09-16,CUST-00941,Consumer,West,Ahmedabad,Electronics,Bluetooth Earbuds,1,1960,0.05,1862.0,1162.34,699.66,UPI
ORD104683,2025-09-16,CUST-01433,Consumer,East,Guwahati,Home & Kitchen,Ceiling Fan,3,1330,0.1,3591.0,2599.83,991.17,Credit Card
ORD104684,2025-09-16,CUST-01658,Consumer,South,Hyderabad,Fashion,Denim Jeans,1,2970,0.1,2673.0,1112.19,1560.81,Cash on Delivery
ORD104685,2025-09-16,CUST-00670,Corporate,West,Surat,Electronics,Laptop,3,59320,0.05,169062.0,152869.01,16192.99,Credit Card
ORD104686,2025-09-16,CUST-02347,Corporate,South,Chennai,Fashion,Men's T-Shirt,2,610,0.1,1098.0,463.21,634.79,Credit Card
ORD104687,2025-09-16,CUST-01843,Consumer,South,Coimbatore,Home & Kitchen,Ceiling Fan,3,2850,0.05,8122.5,4774.91,3347.59,Cash on Delivery
ORD104688,2025-09-16,CUST-00366,Small Business,Central,Gwalior,Fashion,Formal Shirt,5,1390,0.1,6255.0,2469.0,3786.0,Credit Card
ORD104689,2025-09-16,CUST-02853,Consumer,South,Hyderabad,Fashion,Denim Jeans,2,980,0.1,1764.0,938.9,825.1,Cash on Delivery
ORD104690,2025-09-16,CUST-00950,Consumer,West,Pune,Fashion,Handbag,1,1390,0.1,1251.0,612.01,638.99,Net Banking
ORD104691,2025-09-16,CUST-00498,Consumer,West,Pune,Home & Kitchen,Microwave Oven,4,12730,0.1,45828.0,33866.39,11961.61,Cash on Delivery
ORD104692,2025-09-16,CUST-03139,Consumer,West,Mumbai,Electronics,Bluetooth Earbuds,1,1330,0.05,1263.5,763.05,500.45,Credit Card
ORD104693,2025-09-16,CUST-00343,Small Business,South,Coimbatore,Electronics,Power Bank,1,1280,0.05,1216.0,711.17,504.83,UPI
ORD104694,2025-09-16,CUST-00190,Consumer,West,Ahmedabad,Home & Kitchen,Air Fryer,2,3880,0.1,6984.0,5118.82,1865.18,EMI
ORD104695,2025-09-16,CUST-00782,Small Business,Central,Bhopal,Fashion,Running Shoes,3,2430,0.1,6561.0,2771.76,3789.24,UPI
ORD104696,2025-09-16,CUST-00984,Consumer,West,Surat,Electronics,Smartwatch,2,14120,0.05,26828.0,19068.63,7759.37,Net Banking
ORD104697,2025-09-16,CUST-01354,Consumer,North,Dehradun,Fashion,Winter Jacket,1,2930,0.1,2637.0,1125.86,1511.14,UPI
ORD104698,2025-09-16,CUST-02201,Consumer,West,Surat,Electronics,Bluetooth Speaker,1,3970,0.05,3771.5,2270.15,1501.35,UPI
ORD104699,2025-09-16,CUST-01127,Consumer,North,Jaipur,Electronics,LED Television,2,40870,0.1,73566.0,67433.07,6132.93,Not Specified
ORD104700,2025-09-16,CUST-01770,Consumer,West,Mumbai,Fashion,Women's Kurti,5,2330,0.1,10485.0,4098.44,6386.56,Net Banking
ORD104701,2025-09-16,CUST-00024,Consumer,West,Ahmedabad,Fashion,Winter Jacket,3,2290,0.1,6183.0,3115.81,3067.19,Cash on Delivery
ORD104702,2025-09-16,CUST-01184,Small Business,West,Mumbai,Office,Study Table,4,9810,0.05,37278.0,21713.02,15564.98,Debit Card
ORD104703,2025-09-16,CUST-02995,Consumer,East,Patna,Electronics,Smartwatch,2,13970,0.05,26543.0,16461.04,10081.96,UPI
ORD104704,2025-09-16,CUST-02481,Consumer,South,Hyderabad,Electronics,Bluetooth Speaker,1,6030,0.05,5728.5,3030.83,2697.67,Net Banking
ORD104705,2025-09-17,CUST-02382,Consumer,West,Ahmedabad,Electronics,LED Television,1,16140,0.05,15333.0,12322.13,3010.87,Net Banking
ORD104706,2025-09-17,CUST-00950,Consumer,West,Pune,Office,Printer,1,9920,0.05,9424.0,7607.4,1816.6,Credit Card
ORD104707,2025-09-17,CUST-01544,Consumer,North,Dehradun,Home & Kitchen,Mixer Grinder,4,1780,0.1,6408.0,4127.86,2280.14,Credit Card
ORD104708,2025-09-17,CUST-02681,Small Business,West,Pune,Fashion,Formal Shirt,3,1910,0.1,5157.0,2093.57,3063.43,Credit Card
ORD104709,2025-09-17,CUST-02801,Consumer,North,Delhi,Fashion,Handbag,5,4040,0.1,18180.0,6620.14,11559.86,EMI
ORD104710,2025-09-17,CUST-02283,Small Business,South,Coimbatore,Electronics,Tablet,1,23520,0.05,22344.0,19765.5,2578.5,Cash on Delivery
ORD104711,2025-09-17,CUST-01436,Consumer,East,Patna,Electronics,LED Television,2,30400,0.05,57760.0,47860.55,9899.45,Cash on Delivery
ORD104712,2025-09-17,CUST-00247,Consumer,North,Dehradun,Home & Kitchen,Refrigerator,2,34420,0.1,61956.0,44654.45,17301.55,Debit Card
ORD104713,2025-09-17,CUST-00384,Consumer,South,Kochi,Home & Kitchen,Washing Machine,2,30090,0.05,57171.0,38367.31,18803.69,Cash on Delivery
ORD104714,2025-09-17,CUST-00002,Consumer,North,Jaipur,Office,Study Table,1,4430,0.05,4208.5,2413.67,1794.83,Net Banking
ORD104715,2025-09-17,CUST-01106,Consumer,South,Coimbatore,Electronics,Bluetooth Speaker,1,3020,0.05,2869.0,1690.99,1178.01,Net Banking
ORD104716,2025-09-17,CUST-00073,Consumer,Central,Indore,Office,Laptop Bag,1,1700,0.05,1615.0,872.19,742.81,UPI
ORD104717,2025-09-17,CUST-01357,Small Business,West,Pune,Fashion,Handbag,3,1380,0.1,3726.0,1807.67,1918.33,Cash on Delivery
ORD104718,2025-09-17,CUST-01894,Small Business,West,Nagpur,Office,Laptop Bag,4,2340,0.05,8892.0,3780.05,5111.95,Credit Card
ORD104719,2025-09-17,CUST-01887,Consumer,West,Nagpur,Fashion,Women's Kurti,5,910,0.1,4095.0,1677.74,2417.26,UPI
ORD104720,2025-09-17,CUST-01761,Consumer,East,Guwahati,Electronics,Bluetooth Speaker,3,2020,0.05,5757.0,3230.85,2526.15,Net Banking
ORD104721,2025-09-18,CUST-00742,Small Business,North,Dehradun,Home & Kitchen,Microwave Oven,2,9710,0.1,17478.0,12122.97,5355.03,Debit Card
ORD104722,2025-09-18,CUST-01623,Small Business,East,Kolkata,Office,File Organizer,2,810,0.05,1539.0,630.88,908.12,UPI
ORD104723,2025-09-18,CUST-03131,Consumer,West,Nagpur,Home & Kitchen,Pressure Cooker,3,1020,0.1,2754.0,1665.93,1088.07,UPI
ORD104724,2025-09-18,CUST-01394,Corporate,North,Chandigarh,Home & Kitchen,Ceiling Fan,2,2830,0.1,5094.0,3174.33,1919.67,Debit Card
ORD104725,2025-09-18,CUST-02777,Consumer,North,Dehradun,Fashion,Men's T-Shirt,1,400,0.1,360.0,158.02,201.98,Credit Card
ORD104726,2025-09-18,CUST-01173,Consumer,North,Jaipur,Electronics,Laptop,1,82620,0.1,74358.0,66654.06,7703.94,UPI
ORD104727,2025-09-18,CUST-01981,Consumer,West,Pune,Home & Kitchen,Mixer Grinder,1,2430,0.1,2187.0,1401.53,785.47,UPI
ORD104728,2025-09-18,CUST-01529,Consumer,East,Bhubaneswar,Fashion,Wrist Watch,1,1680,0.1,1512.0,733.22,778.78,UPI
ORD104729,2025-09-18,CUST-02208,Consumer,West,Mumbai,Fashion,Wrist Watch,1,3890,0.1,3501.0,1616.15,1884.85,UPI
ORD104730,2025-09-18,CUST-02855,Consumer,North,Jaipur,Electronics,Bluetooth Earbuds,1,2000,0.1,1800.0,1109.69,690.31,Cash on Delivery
ORD104731,2025-09-18,CUST-01381,Consumer,North,Dehradun,Home & Kitchen,Mixer Grinder,3,1790,0.1,4833.0,3353.75,1479.25,Debit Card
ORD104732,2025-09-18,CUST-02435,Consumer,East,Bhubaneswar,Fashion,Wrist Watch,1,6100,0.1,5490.0,2541.01,2948.99,UPI
ORD104733,2025-09-18,CUST-02809,Consumer,Central,Raipur,Fashion,Running Shoes,4,1300,0.1,4680.0,2289.54,2390.46,Credit Card
ORD104734,2025-09-18,CUST-02520,Small Business,West,Nagpur,Home & Kitchen,Ceiling Fan,2,2210,0.1,3978.0,2855.37,1122.63,Debit Card
ORD104735,2025-09-18,CUST-00077,Consumer,Central,Gwalior,Home & Kitchen,Pressure Cooker,3,2870,0.05,8179.5,5065.9,3113.6,Credit Card
ORD104736,2025-09-18,CUST-00001,Small Business,East,Guwahati,Office,Whiteboard,1,3270,0.05,3106.5,1889.15,1217.35,UPI
ORD104737,2025-09-18,CUST-02810,Not Specified,South,Coimbatore,Fashion,Wrist Watch,2,4030,0.1,7254.0,4372.82,2881.18,Not Specified
ORD104738,2025-09-18,CUST-02337,Consumer,South,Coimbatore,Home & Kitchen,Refrigerator,4,59690,0.05,226822.0,165776.72,61045.28,UPI
ORD104739,2025-09-18,CUST-03039,Corporate,East,Guwahati,Electronics,LED Television,1,73780,0.05,70091.0,60150.06,9940.94,Cash on Delivery
ORD104740,2025-09-18,CUST-00950,Consumer,West,Pune,Electronics,Power Bank,2,2250,0.05,4275.0,2141.9,2133.1,UPI
ORD104741,2025-09-18,CUST-02516,Small Business,South,Hyderabad,Office,Laptop Bag,2,1170,0.05,2223.0,1005.83,1217.17,Cash on Delivery
ORD104742,2025-09-18,CUST-02545,Consumer,South,Bengaluru,Fashion,Men's T-Shirt,3,2410,0.1,6507.0,2663.72,3843.28,Net Banking
ORD104743,2025-09-18,CUST-02724,Corporate,South,Hyderabad,Office,Stationery Kit,1,700,0.05,665.0,274.69,390.31,Cash on Delivery
ORD104744,2025-09-19,CUST-02223,Consumer,East,Ranchi,Home & Kitchen,Ceiling Fan,3,1690,0.1,4563.0,3402.66,1160.34,Credit Card
ORD104745,2025-09-19,CUST-00443,Consumer,East,Guwahati,Electronics,Smartwatch,2,1950,0.05,3705.0,2513.98,1191.02,Credit Card
ORD104746,2025-09-19,CUST-02192,Small Business,North,Lucknow,Home & Kitchen,Pressure Cooker,5,1960,0.1,8820.0,5962.31,2857.69,Credit Card
ORD104747,2025-09-19,CUST-01923,Consumer,North,Delhi,Home & Kitchen,Microwave Oven,3,8020,0.1,21654.0,15199.33,6454.67,Credit Card
ORD104748,2025-09-19,CUST-01025,Corporate,North,Chandigarh,Electronics,LED Television,2,56150,0.1,101070.0,92498.53,8571.47,UPI
ORD104749,2025-09-19,CUST-00679,Corporate,South,Kochi,Electronics,Smartphone,1,17960,0.05,17062.0,15470.95,1591.05,UPI
ORD104750,2025-09-19,CUST-02818,Small Business,West,Mumbai,Office,Study Table,1,7850,0.05,7457.5,4663.25,2794.25,Credit Card
ORD104751,2025-09-19,CUST-00454,Small Business,North,Jaipur,Fashion,Formal Shirt,2,710,0.1,1278.0,534.01,743.99,EMI
ORD104752,2025-09-19,CUST-01313,Consumer,North,Jaipur,Fashion,Denim Jeans,5,1430,0.1,6435.0,2682.8,3752.2,Debit Card
ORD104753,2025-09-19,CUST-01981,Consumer,West,Pune,Electronics,Laptop,1,58830,0.05,55888.5,51673.62,4214.88,Debit Card
ORD104754,2025-09-19,CUST-03092,Consumer,North,Delhi,Home & Kitchen,Air Fryer,2,11140,0.1,20052.0,14817.14,5234.86,Cash on Delivery
ORD104755,2025-09-19,CUST-02158,Consumer,South,Chennai,Fashion,Running Shoes,3,2500,0.1,6750.0,3012.63,3737.37,Net Banking
ORD104756,2025-09-19,CUST-00950,Consumer,West,Pune,Fashion,Denim Jeans,2,1400,0.1,2520.0,1297.88,1222.12,Cash on Delivery
ORD104757,2025-09-19,CUST-00193,Consumer,South,Coimbatore,Home & Kitchen,Pressure Cooker,5,3430,0.05,16292.5,8892.62,7399.88,Net Banking
ORD104758,2025-09-19,CUST-00983,Consumer,South,Bengaluru,Home & Kitchen,Air Fryer,4,11120,0.05,42256.0,28952.23,13303.77,UPI
ORD104759,2025-09-19,CUST-00950,Consumer,West,Pune,Fashion,Men's T-Shirt,3,400,0.1,1080.0,428.86,651.14,Debit Card
ORD104760,2025-09-19,CUST-02609,Consumer,Central,Indore,Office,Stationery Kit,1,290,0.05,275.5,121.41,154.09,UPI
ORD104761,2025-09-19,CUST-01157,Consumer,West,Nagpur,Fashion,Women's Kurti,1,1280,0.1,1152.0,463.99,688.01,Cash on Delivery
ORD104762,2025-09-20,CUST-00339,Corporate,East,Guwahati,Electronics,Laptop,1,31640,0.05,30058.0,26663.78,3394.22,Net Banking
ORD104763,2025-09-20,CUST-02763,Small Business,East,Patna,Electronics,Bluetooth Speaker,1,4000,0.05,3800.0,2421.06,1378.94,Not Specified
ORD104764,2025-09-20,CUST-00047,Corporate,East,Kolkata,Electronics,LED Television,2,74950,0.05,142405.0,125294.59,17110.41,Credit Card
ORD104765,2025-09-20,CUST-00015,Consumer,West,Not Specified,Home & Kitchen,Pressure Cooker,3,980,0.1,2646.0,1481.62,1164.38,Cash on Delivery
ORD104766,2025-09-20,CUST-01499,Small Business,North,Lucknow,Office,Stationery Kit,3,1010,0.05,2878.5,1155.28,1723.22,Debit Card
ORD104767,2025-09-20,CUST-00234,Small Business,South,Hyderabad,Fashion,Handbag,2,910,0.1,1638.0,573.84,1064.16,Credit Card
ORD104768,2025-09-20,CUST-00552,Consumer,North,Chandigarh,Home & Kitchen,Refrigerator,2,58960,0.1,106128.0,81884.61,24243.39,UPI
ORD104769,2025-09-20,CUST-03146,Corporate,South,Bengaluru,Electronics,Bluetooth Earbuds,2,1950,0.05,3705.0,2389.1,1315.9,Credit Card
ORD104770,2025-09-20,CUST-02681,Small Business,West,Pune,Office,Office Chair,3,15240,0.05,43434.0,24728.91,18705.09,Credit Card
ORD104771,2025-09-20,CUST-02450,Consumer,South,Chennai,Electronics,Tablet,2,9750,0.05,18525.0,16331.3,2193.7,UPI
ORD104772,2025-09-20,CUST-02158,Consumer,South,Chennai,Electronics,Laptop,2,48470,0.05,92093.0,87106.98,4986.02,UPI
ORD104773,2025-09-20,CUST-00147,Corporate,South,Coimbatore,Home & Kitchen,Washing Machine,4,29540,0.05,112252.0,75817.74,36434.26,Credit Card
ORD104774,2025-09-20,CUST-02661,Corporate,North,Jaipur,Office,Whiteboard,3,2170,0.05,6184.5,3443.55,2740.95,Credit Card
ORD104775,2025-09-20,CUST-01486,Small Business,North,Chandigarh,Fashion,Men's T-Shirt,3,820,0.1,2214.0,1071.39,1142.61,Debit Card
ORD104776,2025-09-20,CUST-00338,Consumer,South,Kochi,Office,Desk Lamp,2,880,0.05,1672.0,878.34,793.66,Net Banking
ORD104777,2025-09-21,CUST-00950,Consumer,West,Pune,Office,Laptop Bag,2,1690,0.05,3211.0,1494.8,1716.2,Debit Card
ORD104778,2025-09-21,CUST-01591,Consumer,West,Nagpur,Home & Kitchen,Refrigerator,3,44180,0.1,119286.0,83454.57,35831.43,Credit Card
ORD104779,2025-09-21,CUST-00039,Consumer,North,Chandigarh,Electronics,Smartwatch,3,10180,0.1,27486.0,20147.79,7338.21,UPI
ORD104780,2025-09-21,CUST-00821,Consumer,Central,Bhopal,Fashion,Running Shoes,5,1260,0.1,5670.0,2730.01,2939.99,Cash on Delivery
ORD104781,2025-09-21,CUST-01026,Consumer,South,Kochi,Office,Laptop Bag,4,2910,0.05,11058.0,5561.98,5496.02,UPI
ORD104782,2025-09-21,CUST-01460,Small Business,West,Pune,Home & Kitchen,Refrigerator,4,44810,0.1,161316.0,113572.39,47743.61,UPI
ORD104783,2025-09-21,CUST-00010,Corporate,Central,Indore,Electronics,Smartphone,1,51050,0.05,48497.5,39964.43,8533.07,UPI
ORD104784,2025-09-21,CUST-01785,Consumer,South,Kochi,Office,Desk Lamp,4,1780,0.05,6764.0,3010.59,3753.41,Debit Card
ORD104785,2025-09-21,CUST-00637,Small Business,West,Surat,Office,Desk Lamp,2,880,0.05,1672.0,856.8,815.2,Net Banking
ORD104786,2025-09-21,CUST-01893,Consumer,South,Hyderabad,Office,File Organizer,2,590,0.05,1121.0,457.23,663.77,UPI
ORD104787,2025-09-21,CUST-00782,Small Business,Central,Bhopal,Electronics,Tablet,1,28890,0.05,27445.5,23523.16,3922.34,UPI
ORD104788,2025-09-21,CUST-01243,Corporate,North,Jaipur,Fashion,Wrist Watch,4,4010,0.1,14436.0,8476.55,5959.45,UPI
ORD104789,2025-09-21,CUST-01985,Consumer,West,Surat,Office,Desk Lamp,4,1290,0.05,4902.0,2693.51,2208.49,Credit Card
ORD104790,2025-09-21,CUST-02103,Consumer,East,Ranchi,Home & Kitchen,Water Purifier,5,14390,0.1,64755.0,47516.49,17238.51,UPI
ORD104791,2025-09-21,CUST-00098,Consumer,South,Kochi,Office,Study Table,1,12900,0.05,12255.0,8081.36,4173.64,Credit Card
ORD104792,2025-09-21,CUST-01677,Consumer,West,Ahmedabad,Home & Kitchen,Microwave Oven,2,8030,0.1,14454.0,11820.62,2633.38,Credit Card
ORD104793,2025-09-21,CUST-02604,Consumer,North,Dehradun,Home & Kitchen,Water Purifier,3,8210,0.1,22167.0,16234.47,5932.53,Credit Card
ORD104794,2025-09-21,CUST-00670,Corporate,West,Surat,Fashion,Winter Jacket,3,1740,0.1,4698.0,2144.53,2553.47,Credit Card
ORD104795,2025-09-21,CUST-01663,Consumer,West,Ahmedabad,Home & Kitchen,Mixer Grinder,3,1770,0.1,4779.0,3103.4,1675.6,UPI
ORD104796,2025-09-21,CUST-01402,Corporate,North,Jaipur,Home & Kitchen,Refrigerator,3,70610,0.1,190647.0,141739.4,48907.6,Credit Card
ORD104797,2025-09-21,CUST-02702,Consumer,Central,Indore,Home & Kitchen,Pressure Cooker,3,2720,0.05,7752.0,4154.07,3597.93,Credit Card
ORD104798,2025-09-21,CUST-01371,Small Business,South,Kochi,Fashion,Winter Jacket,4,4890,0.1,17604.0,10410.5,7193.5,Credit Card
ORD104799,2025-09-21,CUST-02993,Consumer,South,Chennai,Electronics,Power Bank,1,1310,0.05,1244.5,603.21,641.29,Cash on Delivery
ORD104800,2025-09-21,CUST-02098,Consumer,West,Pune,Home & Kitchen,Ceiling Fan,2,2840,0.1,5112.0,3663.69,1448.31,Debit Card
ORD104801,2025-09-21,CUST-01773,Small Business,South,Coimbatore,Electronics,Laptop,1,39810,0.05,37819.5,34009.32,3810.18,UPI
ORD104802,2025-09-21,CUST-00950,Consumer,West,Pune,Fashion,Wrist Watch,4,5950,0.1,21420.0,10561.1,10858.9,Credit Card
ORD104803,2025-09-21,CUST-01892,Consumer,North,Dehradun,Office,Study Table,2,5910,0.05,11229.0,6308.01,4920.99,UPI
ORD104804,2025-09-21,CUST-00411,Consumer,South,Chennai,Home & Kitchen,Ceiling Fan,5,1730,0.05,8217.5,5557.75,2659.75,UPI
ORD104805,2025-09-22,CUST-01293,Consumer,South,Chennai,Electronics,LED Television,1,21810,0.05,20719.5,17461.41,3258.09,Net Banking
ORD104806,2025-09-22,CUST-00950,Consumer,West,Pune,Office,File Organizer,2,790,0.05,1501.0,767.64,733.36,UPI
ORD104807,2025-09-22,CUST-02156,Small Business,South,Bengaluru,Electronics,Bluetooth Earbuds,3,1260,0.05,3591.0,2503.63,1087.37,UPI
ORD104808,2025-09-22,CUST-02450,Consumer,South,Chennai,Home & Kitchen,Pressure Cooker,5,1020,0.05,4845.0,2736.35,2108.65,Net Banking
ORD104809,2025-09-22,CUST-02934,Consumer,North,Dehradun,Fashion,Men's T-Shirt,2,800,0.1,1440.0,600.56,839.44,EMI
ORD104810,2025-09-22,CUST-00726,Small Business,West,Ahmedabad,Home & Kitchen,Mixer Grinder,3,3260,0.1,8802.0,6552.01,2249.99,UPI
ORD104811,2025-09-22,CUST-02815,Corporate,North,Delhi,Fashion,Denim Jeans,1,1410,0.1,1269.0,655.72,613.28,Debit Card
ORD104812,2025-09-22,CUST-02685,Consumer,West,Surat,Home & Kitchen,Microwave Oven,3,13370,0.1,36099.0,25306.57,10792.43,Credit Card
ORD104813,2025-09-22,CUST-02738,Consumer,South,Coimbatore,Home & Kitchen,Air Fryer,2,10970,0.05,20843.0,14493.64,6349.36,UPI
ORD104814,2025-09-22,CUST-02382,Consumer,West,Ahmedabad,Home & Kitchen,Pressure Cooker,5,2880,0.1,12960.0,7426.17,5533.83,Credit Card
ORD104815,2025-09-22,CUST-00888,Consumer,Central,Bhopal,Fashion,Handbag,2,3050,0.1,5490.0,2468.05,3021.95,Net Banking
ORD104816,2025-09-22,CUST-02792,Corporate,East,Ranchi,Home & Kitchen,Microwave Oven,3,13200,0.1,35640.0,25060.17,10579.83,UPI
ORD104817,2025-09-22,CUST-01900,Consumer,East,Bhubaneswar,Home & Kitchen,Washing Machine,5,19500,0.1,87750.0,58687.73,29062.27,EMI
ORD104818,2025-09-22,CUST-02382,Consumer,West,Ahmedabad,Office,Study Table,3,4510,0.05,12853.5,7720.88,5132.62,EMI
ORD104819,2025-09-22,CUST-00670,Corporate,West,Surat,Fashion,Winter Jacket,2,2250,0.1,4050.0,1789.62,2260.38,Debit Card
ORD104820,2025-09-23,CUST-00501,Consumer,West,Surat,Fashion,Winter Jacket,3,3080,0.1,8316.0,4097.54,4218.46,Cash on Delivery
ORD104821,2025-09-23,CUST-00926,Consumer,West,Mumbai,Office,Study Table,3,5960,0.05,16986.0,9276.48,7709.52,Net Banking
ORD104822,2025-09-23,CUST-01605,Small Business,West,Nagpur,Office,Stationery Kit,2,690,0.05,1311.0,628.37,682.63,Cash on Delivery
ORD104823,2025-09-23,CUST-01294,Consumer,West,Mumbai,Electronics,Tablet,1,22870,0.05,21726.5,18879.52,2846.98,Cash on Delivery
ORD104824,2025-09-23,CUST-02824,Consumer,North,Dehradun,Electronics,Smartwatch,2,7040,0.1,12672.0,9417.5,3254.5,Credit Card
ORD104825,2025-09-23,CUST-00035,Consumer,West,Surat,Office,Study Table,2,8160,0.05,15504.0,8280.17,7223.83,Credit Card
ORD104826,2025-09-23,CUST-00275,Small Business,South,Hyderabad,Fashion,Running Shoes,3,1300,0.1,3510.0,1809.07,1700.93,Cash on Delivery
ORD104827,2025-09-23,CUST-00992,Small Business,South,Bengaluru,Electronics,Power Bank,1,880,0.05,836.0,499.51,336.49,UPI
ORD104828,2025-09-23,CUST-00537,Consumer,West,Pune,Electronics,Power Bank,3,890,0.05,2536.5,1382.17,1154.33,Net Banking
ORD104829,2025-09-23,CUST-01258,Small Business,West,Mumbai,Fashion,Formal Shirt,1,1910,0.1,1719.0,663.53,1055.47,UPI
ORD104830,2025-09-23,CUST-02305,Corporate,West,Pune,Home & Kitchen,Microwave Oven,5,8120,0.1,36540.0,29834.12,6705.88,Credit Card
ORD104831,2025-09-23,CUST-03186,Consumer,North,Lucknow,Home & Kitchen,Ceiling Fan,3,4070,0.1,10989.0,7238.25,3750.75,Debit Card
ORD104832,2025-09-23,CUST-00655,Small Business,South,Kochi,Fashion,Women's Kurti,5,580,0.1,2610.0,1204.48,1405.52,Debit Card
ORD104833,2025-09-23,CUST-00881,Small Business,West,Pune,Home & Kitchen,Microwave Oven,1,12790,0.1,11511.0,9010.76,2500.24,Debit Card
ORD104834,2025-09-23,CUST-02464,Small Business,West,Ahmedabad,Home & Kitchen,Air Fryer,2,6530,0.1,11754.0,7979.13,3774.87,Debit Card
ORD104835,2025-09-24,CUST-00908,Small Business,North,Chandigarh,Electronics,Tablet,1,29470,0.1,26523.0,22674.24,3848.76,Net Banking
ORD104836,2025-09-24,CUST-02263,Corporate,West,Surat,Home & Kitchen,Washing Machine,1,30490,0.1,27441.0,19028.45,8412.55,Credit Card
ORD104837,2025-09-24,CUST-01850,Consumer,Central,Gwalior,Home & Kitchen,Washing Machine,2,23740,0.05,45106.0,34625.16,10480.84,Cash on Delivery
ORD104838,2025-09-24,CUST-02718,Corporate,North,Lucknow,Office,Whiteboard,1,1020,0.05,969.0,493.23,475.77,UPI
ORD104839,2025-09-24,CUST-00103,Consumer,North,Dehradun,Electronics,Power Bank,2,900,0.1,1620.0,814.28,805.72,UPI
ORD104840,2025-09-24,CUST-03130,Small Business,West,Ahmedabad,Office,Whiteboard,4,2250,0.05,8550.0,5164.54,3385.46,UPI
ORD104841,2025-09-24,CUST-03067,Consumer,South,Kochi,Fashion,Women's Kurti,5,2270,0.1,10215.0,4620.99,5594.01,Credit Card
ORD104842,2025-09-24,CUST-00066,Consumer,West,Nagpur,Home & Kitchen,Mixer Grinder,1,2490,0.1,2241.0,1667.61,573.39,Cash on Delivery
ORD104843,2025-09-24,CUST-01583,Small Business,North,Lucknow,Home & Kitchen,Refrigerator,5,21130,0.1,95085.0,66676.8,28408.2,UPI
ORD104844,2025-09-24,CUST-01241,Small Business,Central,Indore,Home & Kitchen,Air Fryer,3,6410,0.05,18268.5,13414.98,4853.52,UPI
ORD104845,2025-09-24,CUST-00827,Small Business,Central,Jabalpur,Fashion,Men's T-Shirt,3,1710,0.1,4617.0,1636.25,2980.75,Debit Card
ORD104846,2025-09-24,CUST-03122,Consumer,South,Coimbatore,Fashion,Handbag,2,910,0.1,1638.0,792.2,845.8,UPI
ORD104847,2025-09-24,CUST-00547,Consumer,South,Coimbatore,Electronics,Bluetooth Speaker,1,5830,0.05,5538.5,2933.14,2605.36,UPI
ORD104848,2025-09-24,CUST-00867,Consumer,West,Nagpur,Electronics,Laptop,3,57380,0.05,163533.0,138713.91,24819.09,Credit Card
ORD104849,2025-09-24,CUST-00030,Consumer,West,Ahmedabad,Fashion,Women's Kurti,1,890,0.1,801.0,267.1,533.9,Cash on Delivery
ORD104850,2025-09-24,CUST-01843,Consumer,South,Coimbatore,Fashion,Formal Shirt,5,1420,0.1,6390.0,2940.93,3449.07,Credit Card
ORD104851,2025-09-24,CUST-02732,Corporate,North,Delhi,Fashion,Denim Jeans,2,1850,0.1,3330.0,1488.95,1841.05,Credit Card
ORD104852,2025-09-24,CUST-01981,Consumer,West,Pune,Electronics,Bluetooth Speaker,2,5820,0.05,11058.0,7006.95,4051.05,Cash on Delivery
ORD104853,2025-09-24,CUST-02094,Corporate,South,Coimbatore,Fashion,Women's Kurti,3,2270,0.1,6129.0,3212.82,2916.18,Debit Card
ORD104854,2025-09-24,CUST-00220,Consumer,North,Lucknow,Electronics,Bluetooth Earbuds,1,4890,0.1,4401.0,3049.81,1351.19,Net Banking
ORD104855,2025-09-24,CUST-02297,Corporate,North,Delhi,Office,Laptop Bag,2,810,0.05,1539.0,811.39,727.61,UPI
ORD104856,2025-09-24,CUST-01267,Consumer,North,Lucknow,Home & Kitchen,Air Fryer,3,11040,0.1,29808.0,21433.03,8374.97,Net Banking
ORD104857,2025-09-24,CUST-01494,Consumer,North,Dehradun,Electronics,Smartwatch,1,2020,0.1,1818.0,1121.48,696.52,Cash on Delivery
ORD104858,2025-09-24,CUST-01857,Consumer,West,Mumbai,Fashion,Men's T-Shirt,2,410,0.1,738.0,295.38,442.62,Credit Card
ORD104859,2025-09-25,CUST-03109,Consumer,West,Pune,Office,Study Table,1,8060,0.05,7657.0,5237.36,2419.64,Debit Card
ORD104860,2025-09-25,CUST-02397,Small Business,West,Ahmedabad,Electronics,Bluetooth Speaker,3,2000,0.05,5700.0,3464.9,2235.1,Credit Card
ORD104861,2025-09-25,CUST-02197,Consumer,South,Coimbatore,Home & Kitchen,Mixer Grinder,3,2530,0.05,7210.5,4389.9,2820.6,Credit Card
ORD104862,2025-09-25,CUST-01350,Consumer,West,Mumbai,Office,File Organizer,1,1180,0.05,1121.0,528.61,592.39,Credit Card
ORD104863,2025-09-25,CUST-00108,Consumer,West,Pune,Fashion,Men's T-Shirt,1,400,0.1,360.0,130.72,229.28,UPI
ORD104864,2025-09-25,CUST-01691,Consumer,East,Guwahati,Fashion,Handbag,3,4090,0.1,11043.0,4288.31,6754.69,UPI
ORD104865,2025-09-25,CUST-02118,Corporate,North,Jaipur,Office,Study Table,1,4620,0.05,4389.0,2754.52,1634.48,Net Banking
ORD104866,2025-09-25,CUST-02266,Consumer,West,Mumbai,Electronics,Bluetooth Earbuds,2,3910,0.05,7429.0,5005.22,2423.78,Cash on Delivery
ORD104867,2025-09-25,CUST-01938,Consumer,South,Hyderabad,Home & Kitchen,Ceiling Fan,5,4000,0.05,19000.0,12434.96,6565.04,UPI
ORD104868,2025-09-25,CUST-00950,Consumer,West,Pune,Electronics,Smartwatch,2,3420,0.05,6498.0,4029.24,2468.76,UPI
ORD104869,2025-09-25,CUST-00722,Corporate,North,Chandigarh,Home & Kitchen,Washing Machine,3,24610,0.1,66447.0,48095.85,18351.15,UPI
ORD104870,2025-09-25,CUST-00313,Consumer,West,Pune,Office,Laptop Bag,2,2970,0.05,5643.0,3160.86,2482.14,Cash on Delivery
ORD104871,2025-09-25,CUST-02258,Corporate,South,Kochi,Office,Office Chair,2,19550,0.05,37145.0,21765.73,15379.27,Debit Card
ORD104872,2025-09-25,CUST-03084,Corporate,South,Bengaluru,Electronics,Power Bank,2,1330,0.05,2527.0,1257.23,1269.77,Debit Card
ORD104873,2025-09-25,CUST-01641,Consumer,South,Hyderabad,Office,Office Chair,4,5910,0.05,22458.0,13996.39,8461.61,EMI
ORD104874,2025-09-25,CUST-02167,Small Business,South,Chennai,Home & Kitchen,Mixer Grinder,2,2530,0.05,4807.0,3107.81,1699.19,Credit Card
ORD104875,2025-09-25,CUST-02225,Consumer,Central,Indore,Electronics,LED Television,2,29720,0.05,56468.0,45678.17,10789.83,Credit Card
ORD104876,2025-09-25,CUST-00516,Consumer,South,Chennai,Home & Kitchen,Ceiling Fan,3,2240,0.05,6384.0,4238.15,2145.85,Credit Card
ORD104877,2025-09-25,CUST-00611,Consumer,West,Surat,Fashion,Wrist Watch,2,5990,0.1,10782.0,5455.0,5327.0,Net Banking
ORD104878,2025-09-25,CUST-00676,Consumer,North,Jaipur,Home & Kitchen,Microwave Oven,5,6170,0.1,27765.0,20246.82,7518.18,EMI
ORD104879,2025-09-25,CUST-02947,Corporate,West,Nagpur,Fashion,Winter Jacket,2,4050,0.1,7290.0,3144.04,4145.96,Debit Card
ORD104880,2025-09-26,CUST-00047,Corporate,East,Kolkata,Office,File Organizer,2,590,0.05,1121.0,485.13,635.87,Debit Card
ORD104881,2025-09-26,CUST-01697,Consumer,East,Ranchi,Home & Kitchen,Mixer Grinder,5,1800,0.1,8100.0,5505.74,2594.26,Credit Card
ORD104882,2025-09-26,CUST-01161,Consumer,South,Hyderabad,Home & Kitchen,Ceiling Fan,3,1300,0.05,3705.0,2464.05,1240.95,UPI
ORD104883,2025-09-26,CUST-02114,Consumer,South,Chennai,Fashion,Denim Jeans,4,1930,0.1,6948.0,3331.03,3616.97,Cash on Delivery
ORD104884,2025-09-26,CUST-00722,Corporate,North,Chandigarh,Home & Kitchen,Ceiling Fan,2,2850,0.1,5130.0,3769.47,1360.53,UPI
ORD104885,2025-09-26,CUST-03059,Consumer,West,Ahmedabad,Fashion,Handbag,4,880,0.1,3168.0,1154.33,2013.67,Credit Card
ORD104886,2025-09-26,CUST-01014,Small Business,West,Surat,Fashion,Winter Jacket,2,4010,0.1,7218.0,4203.62,3014.38,UPI
ORD104887,2025-09-26,CUST-02923,Corporate,South,Bengaluru,Office,Study Table,2,9720,0.05,18468.0,11118.37,7349.63,Debit Card
ORD104888,2025-09-26,CUST-01865,Consumer,North,Dehradun,Office,Office Chair,2,11320,0.05,21508.0,12154.41,9353.59,Credit Card
ORD104889,2025-09-26,CUST-01288,Consumer,South,Chennai,Home & Kitchen,Air Fryer,1,10730,0.05,10193.5,6906.31,3287.19,Credit Card
ORD104890,2025-09-26,CUST-02358,Consumer,East,Bhubaneswar,Home & Kitchen,Air Fryer,3,4980,0.1,13446.0,10328.81,3117.19,UPI
ORD104891,2025-09-26,CUST-01749,Consumer,South,Coimbatore,Electronics,LED Television,1,16470,0.05,15646.5,12570.25,3076.25,Cash on Delivery
ORD104892,2025-09-26,CUST-00444,Consumer,Central,Bhopal,Fashion,Women's Kurti,5,1780,0.1,8010.0,4236.57,3773.43,UPI
ORD104893,2025-09-26,CUST-02266,Consumer,West,Mumbai,Home & Kitchen,Air Fryer,5,8310,0.1,37395.0,28088.04,9306.96,UPI
ORD104894,2025-09-26,CUST-01842,Corporate,North,Dehradun,Electronics,Smartwatch,2,2030,0.1,3654.0,2489.09,1164.91,Debit Card
ORD104895,2025-09-26,CUST-01786,Consumer,Central,Raipur,Electronics,Smartphone,1,48960,0.05,46512.0,38316.62,8195.38,Credit Card
ORD104896,2025-09-26,CUST-02372,Consumer,East,Ranchi,Fashion,Denim Jeans,2,3040,0.1,5472.0,2818.3,2653.7,EMI
ORD104897,2025-09-26,CUST-02100,Small Business,West,Ahmedabad,Electronics,Bluetooth Speaker,1,2980,0.05,2831.0,1709.82,1121.18,Cash on Delivery
ORD104898,2025-09-26,CUST-01128,Small Business,South,Chennai,Fashion,Denim Jeans,3,2960,0.1,7992.0,3976.0,4016.0,UPI
ORD104899,2025-09-26,CUST-00984,Consumer,West,Surat,Home & Kitchen,Pressure Cooker,3,3430,0.1,9261.0,5655.61,3605.39,Debit Card
ORD104900,2025-09-26,CUST-00816,Corporate,North,Dehradun,Home & Kitchen,Ceiling Fan,1,2230,0.1,2007.0,1314.92,692.08,UPI
ORD104901,2025-09-26,CUST-01824,Corporate,West,Surat,Fashion,Running Shoes,2,1310,0.1,2358.0,1425.7,932.3,EMI
ORD104902,2025-09-26,CUST-00950,Consumer,West,Pune,Fashion,Men's T-Shirt,5,1750,0.1,7875.0,3063.28,4811.72,UPI
ORD104903,2025-09-26,CUST-00384,Consumer,South,Kochi,Electronics,LED Television,3,73910,0.05,210643.5,172298.96,38344.54,Net Banking
ORD104904,2025-09-26,CUST-02496,Consumer,East,Bhubaneswar,Office,Stationery Kit,2,300,0.05,570.0,234.91,335.09,Credit Card
ORD104905,2025-09-27,CUST-00685,Small Business,East,Guwahati,Home & Kitchen,Air Fryer,1,8280,0.1,7452.0,5686.37,1765.63,EMI
ORD104906,2025-09-27,CUST-00529,Consumer,South,Chennai,Fashion,Denim Jeans,5,970,0.1,4365.0,1903.11,2461.89,Debit Card
ORD104907,2025-09-27,CUST-02699,Consumer,West,Pune,Electronics,Laptop,1,59750,0.05,56762.5,49338.0,7424.5,UPI
ORD104908,2025-09-27,CUST-02254,Consumer,West,Mumbai,Home & Kitchen,Microwave Oven,3,6050,0.1,16335.0,11802.83,4532.17,Credit Card
ORD104909,2025-09-27,CUST-02451,Consumer,South,Hyderabad,Home & Kitchen,Refrigerator,2,46020,0.05,87438.0,68061.12,19376.88,Credit Card
ORD104910,2025-09-27,CUST-01077,Small Business,Central,Indore,Electronics,LED Television,1,16420,0.05,15599.0,12805.45,2793.55,UPI
ORD104911,2025-09-27,CUST-01972,Consumer,North,Lucknow,Electronics,Laptop,1,68770,0.1,61893.0,60163.5,1729.5,UPI
ORD104912,2025-09-27,CUST-02946,Consumer,East,Guwahati,Home & Kitchen,Refrigerator,5,34120,0.1,153540.0,119858.4,33681.6,Debit Card
ORD104913,2025-09-27,CUST-00944,Consumer,Central,Raipur,Electronics,Power Bank,2,3050,0.05,5795.0,3656.68,2138.32,Debit Card
ORD104914,2025-09-27,CUST-00231,Consumer,South,Hyderabad,Fashion,Winter Jacket,1,4860,0.1,4374.0,2451.74,1922.26,Credit Card
ORD104915,2025-09-27,CUST-00542,Small Business,South,Coimbatore,Electronics,Smartwatch,1,1960,0.05,1862.0,1322.4,539.6,Net Banking
ORD104916,2025-09-27,CUST-02855,Consumer,North,Jaipur,Home & Kitchen,Mixer Grinder,3,5930,0.1,16011.0,10627.66,5383.34,Net Banking
ORD104917,2025-09-27,CUST-00941,Consumer,West,Ahmedabad,Home & Kitchen,Ceiling Fan,5,2230,0.1,10035.0,6141.06,3893.94,Debit Card
ORD104918,2025-09-27,CUST-01557,Consumer,West,Nagpur,Electronics,Bluetooth Earbuds,2,3920,0.05,7448.0,5244.13,2203.87,UPI
ORD104919,2025-09-27,CUST-01674,Small Business,South,Bengaluru,Electronics,Smartwatch,1,13720,0.05,13034.0,7923.77,5110.23,Debit Card
ORD104920,2025-09-27,CUST-03051,Small Business,West,Mumbai,Home & Kitchen,Washing Machine,5,37430,0.1,168435.0,138917.98,29517.02,Credit Card
ORD104921,2025-09-27,CUST-00950,Consumer,West,Pune,Fashion,Denim Jeans,3,2450,0.1,6615.0,2842.3,3772.7,Debit Card
ORD104922,2025-09-27,CUST-01632,Consumer,West,Surat,Electronics,Bluetooth Earbuds,1,3970,0.05,3771.5,2510.88,1260.62,UPI
ORD104923,2025-09-27,CUST-03039,Corporate,East,Guwahati,Fashion,Running Shoes,3,5050,0.1,13635.0,7911.02,5723.98,Cash on Delivery
ORD104924,2025-09-27,CUST-00651,Consumer,North,Delhi,Fashion,Men's T-Shirt,3,390,0.1,1053.0,383.57,669.43,UPI
ORD104925,2025-09-27,CUST-01894,Small Business,West,Nagpur,Home & Kitchen,Refrigerator,3,67080,0.1,181116.0,140927.17,40188.83,Net Banking
ORD104926,2025-09-27,CUST-00204,Consumer,South,Chennai,Electronics,Tablet,1,9980,0.05,9481.0,7213.2,2267.8,Debit Card
ORD104927,2025-09-27,CUST-00864,Consumer,South,Bengaluru,Fashion,Men's T-Shirt,4,1660,0.1,5976.0,2885.61,3090.39,UPI
ORD104928,2025-09-27,CUST-00234,Small Business,South,Hyderabad,Fashion,Denim Jeans,5,980,0.1,4410.0,1806.98,2603.02,UPI
ORD104929,2025-09-27,CUST-01007,Consumer,East,Patna,Home & Kitchen,Water Purifier,1,8050,0.1,7245.0,5507.46,1737.54,UPI
ORD104930,2025-09-27,CUST-00670,Corporate,West,Surat,Electronics,Bluetooth Earbuds,3,3060,0.05,8721.0,6152.21,2568.79,Debit Card
ORD104931,2025-09-27,CUST-02539,Corporate,North,Dehradun,Fashion,Winter Jacket,4,4060,0.1,14616.0,6678.15,7937.85,Debit Card
ORD104932,2025-09-27,CUST-01460,Small Business,West,Pune,Home & Kitchen,Microwave Oven,2,16220,0.1,29196.0,23915.1,5280.9,UPI
ORD104933,2025-09-27,CUST-01250,Consumer,South,Chennai,Fashion,Handbag,5,4030,0.1,18135.0,9422.98,8712.02,UPI
ORD104934,2025-09-28,CUST-02223,Consumer,East,Ranchi,Electronics,Smartphone,2,12670,0.05,24073.0,20782.48,3290.52,UPI
ORD104935,2025-09-28,CUST-03004,Consumer,North,Dehradun,Home & Kitchen,Pressure Cooker,3,1460,0.1,3942.0,2421.0,1521.0,Net Banking
ORD104936,2025-09-28,CUST-00950,Consumer,West,Pune,Electronics,LED Television,1,55380,0.05,52611.0,42921.72,9689.28,Net Banking
ORD104937,2025-09-28,CUST-00222,Consumer,Central,Bhopal,Electronics,Tablet,3,13750,0.05,39187.5,31138.37,8049.13,Debit Card
ORD104938,2025-09-28,CUST-00362,Small Business,South,Chennai,Fashion,Formal Shirt,2,970,0.1,1746.0,763.39,982.61,Credit Card
ORD104939,2025-09-28,CUST-02723,Small Business,East,Guwahati,Electronics,Power Bank,2,2310,0.05,4389.0,2080.63,2308.37,UPI
ORD104940,2025-09-28,CUST-02685,Consumer,West,Surat,Home & Kitchen,Pressure Cooker,1,1540,0.1,1386.0,798.1,587.9,UPI
ORD104941,2025-09-28,CUST-01499,Small Business,North,Lucknow,Home & Kitchen,Washing Machine,2,18740,0.1,33732.0,23108.87,10623.13,UPI
ORD104942,2025-09-28,CUST-00474,Consumer,West,Mumbai,Electronics,Bluetooth Earbuds,1,3030,0.05,2878.5,1832.92,1045.58,EMI
ORD104943,2025-09-28,CUST-01647,Small Business,West,Nagpur,Home & Kitchen,Refrigerator,5,27290,0.1,122805.0,91780.87,31024.13,UPI
ORD104944,2025-09-28,CUST-02150,Corporate,North,Dehradun,Office,File Organizer,2,1200,0.05,2280.0,1036.15,1243.85,Cash on Delivery
ORD104945,2025-09-28,CUST-01020,Consumer,South,Coimbatore,Fashion,Running Shoes,4,1310,0.1,4716.0,2078.08,2637.92,Net Banking
ORD104946,2025-09-28,CUST-00286,Corporate,Central,Jabalpur,Electronics,Power Bank,1,2960,0.05,2812.0,1458.87,1353.13,UPI
ORD104947,2025-09-28,CUST-00988,Consumer,North,Dehradun,Home & Kitchen,Pressure Cooker,4,1540,0.1,5544.0,3503.2,2040.8,UPI
ORD104948,2025-09-28,CUST-02216,Consumer,South,Chennai,Electronics,LED Television,1,29690,0.05,28205.5,22935.41,5270.09,EMI
ORD104949,2025-09-28,CUST-03123,Consumer,North,Jaipur,Electronics,Smartwatch,2,2010,0.1,3618.0,2546.04,1071.96,Debit Card
ORD104950,2025-09-29,CUST-00608,Consumer,West,Mumbai,Office,Desk Lamp,4,1280,0.05,4864.0,2683.99,2180.01,Credit Card
ORD104951,2025-09-29,CUST-02898,Consumer,East,Patna,Home & Kitchen,Mixer Grinder,2,1820,0.1,3276.0,2202.68,1073.32,Credit Card
ORD104952,2025-09-29,CUST-01436,Consumer,East,Patna,Office,Study Table,4,7870,0.05,29906.0,15780.34,14125.66,UPI
ORD104953,2025-09-29,CUST-02128,Consumer,South,Bengaluru,Home & Kitchen,Pressure Cooker,1,1990,0.05,1890.5,1138.01,752.49,UPI
ORD104954,2025-09-29,CUST-02745,Consumer,West,Nagpur,Electronics,Tablet,2,23650,0.05,44935.0,35333.26,9601.74,EMI
ORD104955,2025-09-29,CUST-01767,Consumer,East,Ranchi,Office,Printer,4,19450,0.05,73910.0,61620.13,12289.87,Cash on Delivery
ORD104956,2025-09-29,CUST-00197,Corporate,North,Jaipur,Electronics,Power Bank,1,2250,0.1,2025.0,1215.83,809.17,UPI
ORD104957,2025-09-29,CUST-00881,Small Business,West,Pune,Office,Laptop Bag,4,820,0.05,3116.0,1375.25,1740.75,Debit Card
ORD104958,2025-09-29,CUST-02551,Small Business,West,Pune,Office,Study Table,4,4540,0.05,17252.0,10959.15,6292.85,Debit Card
ORD104959,2025-09-30,CUST-01748,Consumer,West,Ahmedabad,Office,Study Table,2,6090,0.05,11571.0,6440.46,5130.54,Debit Card
ORD104960,2025-09-30,CUST-01003,Small Business,West,Ahmedabad,Office,Printer,1,14320,0.05,13604.0,10685.14,2918.86,Cash on Delivery
ORD104961,2025-09-30,CUST-01850,Consumer,Central,Gwalior,Fashion,Handbag,4,910,0.1,3276.0,1625.5,1650.5,Credit Card
ORD104962,2025-09-30,CUST-00892,Corporate,West,Surat,Fashion,Denim Jeans,3,1020,0.1,2754.0,1324.38,1429.62,UPI
ORD104963,2025-09-30,CUST-00786,Corporate,West,Ahmedabad,Home & Kitchen,Air Fryer,2,11060,0.1,19908.0,14605.85,5302.15,Debit Card
ORD104964,2025-09-30,CUST-02634,Consumer,West,Surat,Electronics,LED Television,3,55200,0.05,157320.0,129559.87,27760.13,Net Banking
ORD104965,2025-09-30,CUST-01234,Corporate,East,Kolkata,Office,Study Table,3,8180,0.05,23313.0,14073.24,9239.76,Credit Card
ORD104966,2025-09-30,CUST-00916,Consumer,West,Nagpur,Home & Kitchen,Refrigerator,3,35430,0.1,95661.0,68012.26,27648.74,UPI
ORD104967,2025-09-30,CUST-01267,Consumer,North,Lucknow,Electronics,LED Television,1,74640,0.1,67176.0,57460.96,9715.04,UPI
ORD104968,2025-09-30,CUST-02910,Corporate,West,Nagpur,Electronics,Laptop,1,60090,0.05,57085.5,51733.51,5351.99,Debit Card
ORD104969,2025-09-30,CUST-00567,Consumer,East,Patna,Home & Kitchen,Air Fryer,5,4030,0.1,18135.0,12733.5,5401.5,Cash on Delivery
ORD104970,2025-09-30,CUST-00585,Consumer,East,Kolkata,Home & Kitchen,Mixer Grinder,1,3350,0.1,3015.0,2135.4,879.6,Net Banking
ORD104971,2025-09-30,CUST-01087,Small Business,West,Pune,Home & Kitchen,Washing Machine,2,49040,0.1,88272.0,70763.87,17508.13,Credit Card
ORD104972,2025-09-30,CUST-00192,Consumer,North,Jaipur,Office,Stationery Kit,4,300,0.05,1140.0,536.77,603.23,EMI
ORD104973,2025-09-30,CUST-00253,Consumer,Central,Raipur,Fashion,Women's Kurti,3,920,0.1,2484.0,1058.32,1425.68,Debit Card
ORD104974,2025-09-30,CUST-00035,Consumer,West,Surat,Fashion,Women's Kurti,3,1320,0.1,3564.0,1338.29,2225.71,UPI
ORD104975,2025-09-30,CUST-00472,Consumer,West,Ahmedabad,Electronics,LED Television,3,56510,0.05,161053.5,136682.27,24371.23,Cash on Delivery
ORD104976,2025-09-30,CUST-02054,Small Business,South,Bengaluru,Electronics,Bluetooth Earbuds,1,5920,0.05,5624.0,3502.05,2121.95,Credit Card
ORD104977,2025-09-30,CUST-00630,Consumer,East,Bhubaneswar,Home & Kitchen,Washing Machine,1,18820,0.1,16938.0,13280.71,3657.29,Net Banking
ORD104978,2025-09-30,CUST-01165,Consumer,North,Dehradun,Electronics,Bluetooth Earbuds,1,2020,0.1,1818.0,1261.64,556.36,Credit Card
ORD104979,2025-09-30,CUST-02270,Consumer,North,Dehradun,Fashion,Denim Jeans,2,1930,0.1,3474.0,1865.49,1608.51,Debit Card
ORD104980,2025-09-30,CUST-00098,Consumer,South,Kochi,Electronics,Bluetooth Earbuds,1,5850,0.05,5557.5,3705.39,1852.11,Debit Card
ORD104981,2025-09-30,CUST-00684,Consumer,East,Kolkata,Fashion,Winter Jacket,2,1670,0.1,3006.0,1332.93,1673.07,UPI
ORD104982,2025-09-30,CUST-03193,Small Business,South,Bengaluru,Electronics,Smartphone,2,25530,0.05,48507.0,43640.9,4866.1,UPI
ORD104983,2025-09-30,CUST-01892,Consumer,North,Dehradun,Home & Kitchen,Refrigerator,3,35500,0.1,95850.0,66240.96,29609.04,Not Specified
ORD104984,2025-09-30,CUST-02115,Consumer,West,Mumbai,Electronics,Bluetooth Speaker,1,5940,0.05,5643.0,3244.43,2398.57,Credit Card
ORD104985,2025-10-01,CUST-01614,Consumer,North,Lucknow,Fashion,Handbag,2,890,0.2,1424.0,595.08,828.92,UPI
ORD104986,2025-10-01,CUST-03074,Consumer,East,Guwahati,Fashion,Wrist Watch,2,3930,0.2,6288.0,3139.85,3148.15,Net Banking
ORD104987,2025-10-01,CUST-00467,Consumer,East,Patna,Electronics,Laptop,2,31660,0.15,53822.0,52574.09,1247.91,Credit Card
ORD104988,2025-10-01,CUST-00223,Consumer,West,Mumbai,Fashion,Wrist Watch,4,2480,0.2,7936.0,4847.15,3088.85,Cash on Delivery
ORD104989,2025-10-01,CUST-02602,Corporate,East,Patna,Office,Whiteboard,2,1020,0.15,1734.0,1042.85,691.15,Debit Card
ORD104990,2025-10-01,CUST-00021,Corporate,West,Nagpur,Home & Kitchen,Air Fryer,2,6500,0.2,10400.0,9041.04,1358.96,UPI
ORD104991,2025-10-01,CUST-01773,Small Business,South,Coimbatore,Electronics,Smartphone,1,33250,0.15,28262.5,26941.26,1321.24,Cash on Delivery
ORD104992,2025-10-01,CUST-00009,Small Business,North,Chandigarh,Home & Kitchen,Air Fryer,2,8320,0.2,13312.0,10710.62,2601.38,UPI
ORD104993,2025-10-01,CUST-01070,Consumer,South,Hyderabad,Fashion,Formal Shirt,4,1920,0.2,6144.0,3565.86,2578.14,Credit Card
ORD104994,2025-10-01,CUST-02093,Not Specified,East,Kolkata,Electronics,Bluetooth Earbuds,3,6170,0.15,15733.5,10415.04,5318.46,UPI
ORD104995,2025-10-01,CUST-01730,Consumer,West,Ahmedabad,Home & Kitchen,Air Fryer,1,10860,0.2,8688.0,6574.09,2113.91,Net Banking
ORD104996,2025-10-01,CUST-01772,Consumer,West,Mumbai,Fashion,Denim Jeans,2,1920,0.2,3072.0,1538.74,1533.26,UPI
ORD104997,2025-10-01,CUST-00501,Consumer,West,Surat,Electronics,Power Bank,1,1760,0.15,1496.0,908.4,587.6,UPI
ORD104998,2025-10-01,CUST-00950,Consumer,West,Pune,Home & Kitchen,Ceiling Fan,3,1330,0.2,3192.0,2363.25,828.75,Net Banking
ORD104999,2025-10-01,CUST-02283,Small Business,South,Coimbatore,Office,Office Chair,1,20360,0.15,17306.0,12475.11,4830.89,Credit Card
ORD105000,2025-10-01,CUST-00071,Small Business,West,Pune,Home & Kitchen,Water Purifier,4,7910,0.2,25312.0,17434.44,7877.56,Credit Card
ORD105001,2025-10-01,CUST-01886,Consumer,Central,Indore,Electronics,Smartphone,1,32200,0.15,27370.0,27154.54,215.46,Debit Card
ORD105002,2025-10-01,CUST-01618,Consumer,Central,Jabalpur,Home & Kitchen,Pressure Cooker,5,3600,0.15,15300.0,9759.72,5540.28,Debit Card
ORD105003,2025-10-01,CUST-01046,Consumer,East,Ranchi,Electronics,Laptop,1,50040,0.15,42534.0,42074.39,459.61,Not Specified
ORD105004,2025-10-01,CUST-01026,Consumer,South,Kochi,Home & Kitchen,Microwave Oven,5,16350,0.15,69487.5,53815.15,15672.35,Debit Card
ORD105005,2025-10-01,CUST-02541,Corporate,East,Guwahati,Electronics,Bluetooth Speaker,3,1280,0.15,3264.0,2144.86,1119.14,Cash on Delivery
ORD105006,2025-10-01,CUST-01174,Corporate,East,Patna,Home & Kitchen,Pressure Cooker,1,1460,0.2,1168.0,833.49,334.51,Debit Card
ORD105007,2025-10-01,CUST-00274,Corporate,South,Chennai,Electronics,Smartwatch,2,1980,0.15,3366.0,2738.74,627.26,Debit Card
ORD105008,2025-10-01,CUST-03062,Consumer,West,Pune,Office,Study Table,2,4610,0.15,7837.0,5316.42,2520.58,EMI
ORD105009,2025-10-01,CUST-00409,Small Business,Central,Jabalpur,Home & Kitchen,Microwave Oven,5,10150,0.15,43137.5,37502.95,5634.55,UPI
ORD105010,2025-10-01,CUST-02533,Consumer,South,Bengaluru,Electronics,Laptop,3,59810,0.15,152515.5,151025.25,1490.25,UPI
ORD105011,2025-10-01,CUST-00041,Consumer,Central,Raipur,Office,Printer,3,9720,0.15,24786.0,19907.53,4878.47,EMI
ORD105012,2025-10-01,CUST-01121,Consumer,Central,Bhopal,Fashion,Denim Jeans,1,2570,0.2,2056.0,936.48,1119.52,Debit Card
ORD105013,2025-10-01,CUST-01614,Consumer,North,Lucknow,Office,Whiteboard,1,1510,0.15,1283.5,831.44,452.06,UPI
ORD105014,2025-10-02,CUST-00098,Consumer,South,Kochi,Fashion,Women's Kurti,3,880,0.2,2112.0,954.41,1157.59,Debit Card
ORD105015,2025-10-02,CUST-02358,Consumer,East,Bhubaneswar,Office,Office Chair,4,8180,0.15,27812.0,20146.21,7665.79,UPI
ORD105016,2025-10-02,CUST-00854,Consumer,Central,Jabalpur,Fashion,Women's Kurti,2,1850,0.2,2960.0,1577.05,1382.95,EMI
ORD105017,2025-10-02,CUST-01697,Consumer,East,Ranchi,Home & Kitchen,Air Fryer,4,8740,0.2,27968.0,22951.69,5016.31,UPI
ORD105018,2025-10-02,CUST-02528,Consumer,South,Hyderabad,Office,Study Table,3,12820,0.15,32691.0,19689.47,13001.53,Cash on Delivery
ORD105019,2025-10-02,CUST-01875,Consumer,South,Bengaluru,Office,Whiteboard,1,2250,0.15,1912.5,1030.17,882.33,EMI
ORD105020,2025-10-02,CUST-01431,Consumer,South,Bengaluru,Home & Kitchen,Pressure Cooker,3,2060,0.15,5253.0,3470.02,1782.98,Net Banking
ORD105021,2025-10-02,CUST-01026,Consumer,South,Kochi,Electronics,Smartphone,1,43300,0.15,36805.0,35237.65,1567.35,Credit Card
ORD105022,2025-10-02,CUST-00142,Consumer,North,Delhi,Home & Kitchen,Air Fryer,1,4910,0.2,3928.0,2838.5,1089.5,Debit Card
ORD105023,2025-10-02,CUST-02890,Corporate,West,Mumbai,Electronics,Laptop,3,47540,0.15,121227.0,118426.09,2800.91,Net Banking
ORD105024,2025-10-02,CUST-01878,Consumer,East,Patna,Electronics,Laptop,2,58260,0.15,99042.0,95767.57,3274.43,UPI
ORD105025,2025-10-02,CUST-02018,Consumer,South,Bengaluru,Home & Kitchen,Microwave Oven,2,10240,0.15,17408.0,15133.64,2274.36,Net Banking
ORD105026,2025-10-02,CUST-01381,Consumer,North,Dehradun,Electronics,Laptop,3,57560,0.2,138144.0,141549.0,-3405.0,Credit Card
ORD105027,2025-10-02,CUST-01148,Consumer,Central,Raipur,Fashion,Men's T-Shirt,4,2400,0.2,7680.0,3260.48,4419.52,UPI
ORD105028,2025-10-02,CUST-00145,Consumer,Central,Gwalior,Fashion,Handbag,1,2950,0.2,2360.0,1341.77,1018.23,UPI
ORD105029,2025-10-02,CUST-00542,Small Business,South,Coimbatore,Home & Kitchen,Ceiling Fan,5,1330,0.15,5652.5,3779.56,1872.94,UPI
ORD105030,2025-10-02,CUST-01325,Consumer,Central,Gwalior,Home & Kitchen,Mixer Grinder,3,2450,0.15,6247.5,4561.04,1686.46,UPI
ORD105031,2025-10-02,CUST-00786,Corporate,West,Ahmedabad,Electronics,Smartwatch,2,13960,0.15,23732.0,16379.45,7352.55,EMI
ORD105032,2025-10-02,CUST-00137,Small Business,West,Nagpur,Home & Kitchen,Ceiling Fan,2,2170,0.2,3472.0,2795.68,676.32,Cash on Delivery
ORD105033,2025-10-02,CUST-01720,Corporate,South,Hyderabad,Electronics,Tablet,2,13820,0.15,23494.0,23402.8,91.2,UPI
ORD105034,2025-10-02,CUST-01460,Small Business,West,Pune,Fashion,Handbag,2,3040,0.2,4864.0,2340.69,2523.31,Cash on Delivery
ORD105035,2025-10-02,CUST-01310,Corporate,North,Jaipur,Fashion,Handbag,3,1430,0.2,3432.0,1629.24,1802.76,Debit Card
ORD105036,2025-10-02,CUST-02500,Consumer,North,Dehradun,Fashion,Men's T-Shirt,5,600,0.2,2400.0,916.98,1483.02,Credit Card
ORD105037,2025-10-02,CUST-01900,Consumer,East,Bhubaneswar,Home & Kitchen,Mixer Grinder,1,6020,0.2,4816.0,3553.63,1262.37,UPI
ORD105038,2025-10-02,CUST-00009,Small Business,North,Chandigarh,Electronics,Power Bank,1,2300,0.2,1840.0,1270.15,569.85,EMI
ORD105039,2025-10-02,CUST-02448,Consumer,East,Patna,Electronics,Bluetooth Speaker,2,1300,0.15,2210.0,1504.21,705.79,Cash on Delivery
ORD105040,2025-10-03,CUST-01532,Corporate,Central,Indore,Fashion,Wrist Watch,1,1720,0.2,1376.0,630.68,745.32,Debit Card
ORD105041,2025-10-03,CUST-01618,Consumer,Central,Jabalpur,Electronics,Bluetooth Earbuds,2,3980,0.15,6766.0,5412.24,1353.76,Credit Card
ORD105042,2025-10-03,CUST-02833,Corporate,East,Patna,Fashion,Wrist Watch,5,2530,0.2,10120.0,5291.0,4829.0,UPI
ORD105043,2025-10-03,CUST-00362,Small Business,South,Chennai,Fashion,Women's Kurti,5,2320,0.2,9280.0,4530.83,4749.17,UPI
ORD105044,2025-10-03,CUST-01900,Consumer,East,Bhubaneswar,Fashion,Women's Kurti,3,1780,0.2,4272.0,1939.83,2332.17,UPI
ORD105045,2025-10-03,CUST-00944,Consumer,Central,Raipur,Office,Whiteboard,2,1000,0.15,1700.0,1140.68,559.32,Cash on Delivery
ORD105046,2025-10-03,CUST-00115,Consumer,South,Chennai,Office,Stationery Kit,3,700,0.15,1785.0,847.14,937.86,UPI
ORD105047,2025-10-03,CUST-01365,Consumer,North,Dehradun,Office,Stationery Kit,1,510,0.15,433.5,198.58,234.92,UPI
ORD105048,2025-10-03,CUST-00945,Consumer,East,Ranchi,Electronics,Smartphone,1,17550,0.15,14917.5,14896.98,20.52,Credit Card
ORD105049,2025-10-03,CUST-00009,Small Business,North,Chandigarh,Electronics,Laptop,1,47550,0.2,38040.0,42391.7,-4351.7,Cash on Delivery
ORD105050,2025-10-03,CUST-01562,Consumer,South,Coimbatore,Fashion,Handbag,2,1370,0.2,2192.0,881.4,1310.6,Debit Card
ORD105051,2025-10-03,CUST-00964,Small Business,South,Hyderabad,Electronics,Tablet,2,22850,0.15,38845.0,33716.97,5128.03,UPI
ORD105052,2025-10-03,CUST-01355,Small Business,North,Dehradun,Home & Kitchen,Washing Machine,1,49280,0.2,39424.0,34263.82,5160.18,UPI
ORD105053,2025-10-03,CUST-00035,Consumer,West,Surat,Home & Kitchen,Mixer Grinder,4,4400,0.2,14080.0,11548.11,2531.89,Cash on Delivery
ORD105054,2025-10-03,CUST-01241,Small Business,Central,Indore,Office,Whiteboard,1,1020,0.15,867.0,509.31,357.69,Credit Card
ORD105055,2025-10-03,CUST-01485,Small Business,East,Kolkata,Electronics,Smartphone,1,25610,0.15,21768.5,20424.18,1344.32,Credit Card
ORD105056,2025-10-03,CUST-01465,Small Business,West,Nagpur,Office,Desk Lamp,3,610,0.15,1555.5,805.04,750.46,Credit Card
ORD105057,2025-10-03,CUST-02300,Small Business,Central,Bhopal,Electronics,Bluetooth Speaker,3,3910,0.15,9970.5,6617.72,3352.78,Debit Card
ORD105058,2025-10-03,CUST-03175,Consumer,South,Bengaluru,Home & Kitchen,Microwave Oven,3,12620,0.15,32181.0,27144.89,5036.11,Credit Card
ORD105059,2025-10-03,CUST-00096,Consumer,West,Ahmedabad,Home & Kitchen,Ceiling Fan,1,2740,0.2,2192.0,1533.45,658.55,UPI
ORD105060,2025-10-03,CUST-01222,Consumer,East,Kolkata,Electronics,Bluetooth Speaker,1,1290,0.15,1096.5,750.15,346.35,Cash on Delivery
ORD105061,2025-10-03,CUST-02719,Consumer,North,Jaipur,Fashion,Denim Jeans,2,970,0.2,1552.0,900.22,651.78,Debit Card
ORD105062,2025-10-03,CUST-01996,Consumer,Central,Jabalpur,Electronics,Tablet,2,9800,0.15,16660.0,14208.84,2451.16,Net Banking
ORD105063,2025-10-03,CUST-03139,Consumer,West,Mumbai,Fashion,Formal Shirt,5,990,0.2,3960.0,1874.15,2085.85,Cash on Delivery
ORD105064,2025-10-03,CUST-02294,Consumer,Central,Gwalior,Electronics,LED Television,1,73430,0.15,62415.5,61490.21,925.29,UPI
ORD105065,2025-10-03,CUST-02326,Consumer,North,Delhi,Electronics,Smartwatch,1,3450,0.2,2760.0,2108.17,651.83,Net Banking
ORD105066,2025-10-03,CUST-00258,Corporate,West,Nagpur,Electronics,Tablet,3,18240,0.15,46512.0,46274.23,237.77,Cash on Delivery
ORD105067,2025-10-03,CUST-00923,Consumer,South,Kochi,Electronics,Power Bank,1,2330,0.15,1980.5,1122.5,858.0,UPI
ORD105068,2025-10-03,CUST-01851,Consumer,North,Lucknow,Office,File Organizer,1,600,0.15,510.0,233.1,276.9,UPI
ORD105069,2025-10-03,CUST-01636,Consumer,West,Ahmedabad,Office,Laptop Bag,1,2300,0.15,1955.0,940.24,1014.76,UPI
ORD105070,2025-10-03,CUST-02448,Consumer,East,Patna,Electronics,Bluetooth Earbuds,1,1310,0.15,1113.5,810.27,303.23,Debit Card
ORD105071,2025-10-04,CUST-03186,Consumer,North,Lucknow,Fashion,Men's T-Shirt,2,1180,0.2,1888.0,762.38,1125.62,UPI
ORD105072,2025-10-04,CUST-00670,Corporate,West,Surat,Fashion,Men's T-Shirt,1,790,0.2,632.0,312.77,319.23,UPI
ORD105073,2025-10-04,CUST-01335,Small Business,South,Chennai,Fashion,Women's Kurti,5,910,0.2,3640.0,1637.65,2002.35,Credit Card
ORD105074,2025-10-04,CUST-02750,Consumer,South,Hyderabad,Office,Stationery Kit,3,700,0.15,1785.0,1016.69,768.31,UPI
ORD105075,2025-10-04,CUST-02662,Consumer,South,Coimbatore,Fashion,Denim Jeans,2,1900,0.2,3040.0,1352.75,1687.25,Net Banking
ORD105076,2025-10-04,CUST-02606,Consumer,North,Delhi,Electronics,Bluetooth Speaker,3,3080,0.2,7392.0,5074.24,2317.76,Credit Card
ORD105077,2025-10-04,CUST-01976,Consumer,North,Lucknow,Fashion,Running Shoes,2,2530,0.2,4048.0,2464.47,1583.53,UPI
ORD105078,2025-10-04,CUST-03186,Consumer,North,Lucknow,Fashion,Handbag,3,1390,0.2,3336.0,1555.35,1780.65,UPI
ORD105079,2025-10-04,CUST-01100,Consumer,South,Chennai,Fashion,Winter Jacket,3,4010,0.2,9624.0,4729.05,4894.95,UPI
ORD105080,2025-10-04,CUST-00381,Consumer,South,Kochi,Home & Kitchen,Washing Machine,2,18690,0.15,31773.0,26104.17,5668.83,UPI
ORD105081,2025-10-04,CUST-00419,Corporate,South,Coimbatore,Electronics,Bluetooth Speaker,1,6050,0.15,5142.5,3180.22,1962.28,Net Banking
ORD105082,2025-10-04,CUST-01360,Corporate,North,Delhi,Electronics,Power Bank,2,900,0.2,1440.0,991.5,448.5,UPI
ORD105083,2025-10-04,CUST-02558,Consumer,West,Surat,Fashion,Handbag,1,3880,0.2,3104.0,1454.87,1649.13,Credit Card
ORD105084,2025-10-04,CUST-01425,Small Business,North,Chandigarh,Office,Office Chair,1,20120,0.15,17102.0,10453.78,6648.22,Net Banking
ORD105085,2025-10-04,CUST-01947,Consumer,West,Ahmedabad,Electronics,Power Bank,1,1750,0.15,1487.5,910.36,577.14,Debit Card
ORD105086,2025-10-04,CUST-01101,Small Business,West,Mumbai,Electronics,Power Bank,1,3080,0.15,2618.0,1498.75,1119.25,Debit Card
ORD105087,2025-10-04,CUST-02297,Corporate,North,Delhi,Electronics,LED Television,1,39480,0.2,31584.0,31343.21,240.79,UPI
ORD105088,2025-10-04,CUST-00487,Consumer,South,Bengaluru,Fashion,Winter Jacket,1,2330,0.2,1864.0,1212.14,651.86,UPI
ORD105089,2025-10-04,CUST-01629,Consumer,South,Hyderabad,Home & Kitchen,Water Purifier,3,5900,0.15,15045.0,10733.29,4311.71,Credit Card
ORD105090,2025-10-04,CUST-00585,Consumer,East,Kolkata,Fashion,Formal Shirt,1,1890,0.2,1512.0,827.77,684.23,Net Banking
ORD105091,2025-10-04,CUST-01477,Consumer,West,Pune,Fashion,Men's T-Shirt,3,610,0.2,1464.0,555.06,908.94,Debit Card
ORD105092,2025-10-04,CUST-01344,Corporate,North,Jaipur,Office,Laptop Bag,4,2270,0.15,7718.0,3907.76,3810.24,Credit Card
ORD105093,2025-10-04,CUST-01924,Consumer,South,Hyderabad,Home & Kitchen,Microwave Oven,1,12710,0.15,10803.5,8779.62,2023.88,UPI
ORD105094,2025-10-04,CUST-01604,Consumer,West,Ahmedabad,Fashion,Formal Shirt,4,1410,0.2,4512.0,2636.07,1875.93,Cash on Delivery
ORD105095,2025-10-04,CUST-03112,Corporate,West,Pune,Fashion,Wrist Watch,1,1010,0.2,808.0,539.14,268.86,Net Banking
ORD105096,2025-10-05,CUST-02859,Corporate,North,Delhi,Home & Kitchen,Microwave Oven,3,15910,0.2,38184.0,30832.84,7351.16,Debit Card
ORD105097,2025-10-05,CUST-00950,Consumer,West,Pune,Fashion,Denim Jeans,2,2460,0.2,3936.0,2098.91,1837.09,Credit Card
ORD105098,2025-10-05,CUST-00387,Consumer,South,Coimbatore,Office,Printer,2,19770,0.15,33609.0,28221.4,5387.6,UPI
ORD105099,2025-10-05,CUST-00210,Consumer,North,Lucknow,Home & Kitchen,Mixer Grinder,3,3220,0.2,7728.0,6031.99,1696.01,Cash on Delivery
ORD105100,2025-10-05,CUST-00638,Small Business,South,Bengaluru,Electronics,Smartwatch,2,13790,0.15,23443.0,16821.72,6621.28,UPI
ORD105101,2025-10-05,CUST-00726,Small Business,West,Ahmedabad,Electronics,Bluetooth Earbuds,1,1940,0.15,1649.0,1234.98,414.02,UPI
ORD105102,2025-10-05,CUST-02829,Consumer,North,Chandigarh,Electronics,Bluetooth Earbuds,1,4020,0.2,3216.0,2514.78,701.22,Cash on Delivery
ORD105103,2025-10-05,CUST-02919,Consumer,Central,Jabalpur,Electronics,Tablet,2,13920,0.15,23664.0,23314.59,349.41,UPI
ORD105104,2025-10-05,CUST-00754,Consumer,North,Chandigarh,Office,Office Chair,1,19610,0.15,16668.5,10520.01,6148.49,UPI
ORD105105,2025-10-05,CUST-02441,Small Business,North,Chandigarh,Fashion,Formal Shirt,3,1890,0.2,4536.0,2115.31,2420.69,UPI
ORD105106,2025-10-05,CUST-02661,Corporate,North,Jaipur,Electronics,Laptop,2,40070,0.2,64112.0,70759.5,-6647.5,Net Banking
ORD105107,2025-10-05,CUST-01163,Consumer,North,Lucknow,Office,Study Table,1,5880,0.15,4998.0,3006.61,1991.39,Credit Card
ORD105108,2025-10-05,CUST-02765,Corporate,North,Lucknow,Office,Office Chair,2,11300,0.15,19210.0,12587.32,6622.68,Credit Card
ORD105109,2025-10-05,CUST-03162,Small Business,North,Chandigarh,Electronics,Bluetooth Speaker,2,2010,0.2,3216.0,2048.24,1167.76,Cash on Delivery
ORD105110,2025-10-05,CUST-03077,Consumer,West,Mumbai,Home & Kitchen,Ceiling Fan,2,3940,0.2,6304.0,4983.32,1320.68,UPI
ORD105111,2025-10-05,CUST-02385,Consumer,West,Mumbai,Electronics,Power Bank,1,1760,0.15,1496.0,963.44,532.56,Cash on Delivery
ORD105112,2025-10-05,CUST-01148,Consumer,Central,Raipur,Office,File Organizer,2,400,0.15,680.0,308.68,371.32,Cash on Delivery
ORD105113,2025-10-05,CUST-00746,Corporate,South,Coimbatore,Office,Office Chair,4,10980,0.15,37332.0,26807.53,10524.47,Credit Card
ORD105114,2025-10-05,CUST-03186,Consumer,North,Lucknow,Home & Kitchen,Mixer Grinder,3,1760,0.2,4224.0,3117.83,1106.17,Cash on Delivery
ORD105115,2025-10-05,CUST-00926,Consumer,West,Mumbai,Electronics,Bluetooth Speaker,2,6160,0.15,10472.0,6188.74,4283.26,Credit Card
ORD105116,2025-10-05,CUST-01369,Corporate,East,Bhubaneswar,Home & Kitchen,Water Purifier,2,5930,0.2,9488.0,6760.89,2727.11,UPI
ORD105117,2025-10-05,CUST-00870,Consumer,West,Pune,Electronics,Bluetooth Earbuds,1,5140,0.15,4369.0,2844.04,1524.96,UPI
ORD105118,2025-10-05,CUST-01576,Consumer,South,Chennai,Home & Kitchen,Refrigerator,2,58890,0.15,100113.0,78326.68,21786.32,EMI
ORD105119,2025-10-05,CUST-00363,Consumer,North,Chandigarh,Office,Laptop Bag,1,2990,0.15,2541.5,1530.56,1010.94,Cash on Delivery
ORD105120,2025-10-05,CUST-02575,Consumer,South,Bengaluru,Electronics,Laptop,1,86630,0.15,73635.5,73640.84,-5.34,Credit Card
ORD105121,2025-10-05,CUST-01602,Consumer,West,Pune,Home & Kitchen,Pressure Cooker,3,3560,0.2,8544.0,6446.71,2097.29,Debit Card
ORD105122,2025-10-05,CUST-01306,Consumer,South,Kochi,Electronics,Laptop,1,48280,0.15,41038.0,41755.41,-717.41,Credit Card
ORD105123,2025-10-05,CUST-01117,Corporate,East,Guwahati,Electronics,Smartphone,2,32390,0.15,55063.0,56599.94,-1536.94,Debit Card
ORD105124,2025-10-06,CUST-01842,Corporate,North,Dehradun,Electronics,Bluetooth Speaker,1,5840,0.2,4672.0,3266.22,1405.78,UPI
ORD105125,2025-10-06,CUST-02494,Consumer,West,Ahmedabad,Home & Kitchen,Refrigerator,5,60000,0.2,240000.0,200359.98,39640.02,UPI
ORD105126,2025-10-06,CUST-02859,Corporate,North,Delhi,Fashion,Wrist Watch,3,1020,0.2,2448.0,1224.11,1223.89,Debit Card
ORD105127,2025-10-06,CUST-02668,Small Business,West,Nagpur,Home & Kitchen,Washing Machine,5,24690,0.2,98760.0,81797.02,16962.98,Cash on Delivery
ORD105128,2025-10-06,CUST-01397,Small Business,North,Dehradun,Office,Whiteboard,1,3380,0.15,2873.0,1571.23,1301.77,Cash on Delivery
ORD105129,2025-10-06,CUST-02655,Corporate,West,Ahmedabad,Fashion,Denim Jeans,5,1900,0.2,7600.0,4022.84,3577.16,Cash on Delivery
ORD105130,2025-10-06,CUST-01656,Corporate,North,Jaipur,Fashion,Wrist Watch,5,1020,0.2,4080.0,2647.83,1432.17,Cash on Delivery
ORD105131,2025-10-06,CUST-02043,Consumer,South,Coimbatore,Fashion,Running Shoes,3,1750,0.2,4200.0,2703.66,1496.34,Credit Card
ORD105132,2025-10-06,CUST-02175,Consumer,West,Ahmedabad,Electronics,LED Television,2,74590,0.15,126803.0,118158.98,8644.02,EMI
ORD105133,2025-10-06,CUST-01231,Consumer,Central,Jabalpur,Home & Kitchen,Water Purifier,3,13680,0.15,34884.0,27173.7,7710.3,Credit Card
ORD105134,2025-10-06,CUST-01544,Consumer,North,Dehradun,Home & Kitchen,Air Fryer,2,11130,0.2,17808.0,15088.02,2719.98,Net Banking
ORD105135,2025-10-06,CUST-02225,Consumer,Central,Indore,Home & Kitchen,Air Fryer,5,6360,0.15,27030.0,19870.37,7159.63,UPI
ORD105136,2025-10-06,CUST-00955,Consumer,East,Kolkata,Home & Kitchen,Microwave Oven,3,10130,0.2,24312.0,21292.02,3019.98,UPI
ORD105137,2025-10-06,CUST-02391,Consumer,West,Surat,Fashion,Men's T-Shirt,3,810,0.2,1944.0,911.64,1032.36,Net Banking
ORD105138,2025-10-06,CUST-01087,Small Business,West,Pune,Electronics,Power Bank,2,2280,0.15,3876.0,2635.72,1240.28,EMI
ORD105139,2025-10-06,CUST-01858,Consumer,West,Mumbai,Electronics,Laptop,1,40630,0.15,34535.5,36528.91,-1993.41,Credit Card
ORD105140,2025-10-06,CUST-02662,Consumer,South,Coimbatore,Home & Kitchen,Microwave Oven,2,5900,0.15,10030.0,8337.84,1692.16,Debit Card
ORD105141,2025-10-06,CUST-00071,Small Business,West,Pune,Home & Kitchen,Washing Machine,2,57520,0.2,92032.0,78238.15,13793.85,Credit Card
ORD105142,2025-10-06,CUST-00784,Consumer,East,Bhubaneswar,Fashion,Wrist Watch,1,3980,0.2,3184.0,2012.05,1171.95,UPI
ORD105143,2025-10-06,CUST-01773,Small Business,South,Coimbatore,Office,Desk Lamp,2,600,0.15,1020.0,609.78,410.22,EMI
ORD105144,2025-10-06,CUST-00352,Consumer,North,Lucknow,Electronics,Power Bank,1,920,0.2,736.0,532.5,203.5,Credit Card
ORD105145,2025-10-06,CUST-00670,Corporate,West,Surat,Office,Laptop Bag,1,3080,0.15,2618.0,1596.86,1021.14,EMI
ORD105146,2025-10-06,CUST-02402,Consumer,West,Mumbai,Electronics,Bluetooth Speaker,1,1960,0.15,1666.0,1058.88,607.12,Credit Card
ORD105147,2025-10-06,CUST-00084,Consumer,West,Mumbai,Electronics,Power Bank,2,1320,0.15,2244.0,1233.59,1010.41,Not Specified
ORD105148,2025-10-06,CUST-01942,Consumer,West,Surat,Electronics,Bluetooth Earbuds,1,6140,0.15,5219.0,3690.18,1528.82,Debit Card
ORD105149,2025-10-06,CUST-00108,Consumer,West,Pune,Home & Kitchen,Washing Machine,5,23880,0.2,95520.0,80395.12,15124.88,UPI
ORD105150,2025-10-07,CUST-00378,Consumer,South,Coimbatore,Fashion,Men's T-Shirt,1,2460,0.2,1968.0,820.4,1147.6,Debit Card
ORD105151,2025-10-07,CUST-01199,Consumer,South,Coimbatore,Fashion,Formal Shirt,4,1910,0.2,6112.0,3252.53,2859.47,Credit Card
ORD105152,2025-10-07,CUST-03070,Consumer,South,Bengaluru,Home & Kitchen,Ceiling Fan,2,2820,0.15,4794.0,3754.69,1039.31,UPI
ORD105153,2025-10-07,CUST-01720,Corporate,South,Hyderabad,Electronics,Tablet,1,23280,0.15,19788.0,17776.69,2011.31,Credit Card
ORD105154,2025-10-07,CUST-00967,Consumer,West,Pune,Electronics,Smartwatch,1,14070,0.15,11959.5,8596.06,3363.44,UPI
ORD105155,2025-10-07,CUST-01273,Consumer,Central,Jabalpur,Office,Office Chair,4,20350,0.15,69190.0,45439.29,23750.71,EMI
ORD105156,2025-10-07,CUST-01802,Consumer,South,Hyderabad,Electronics,Smartwatch,2,7010,0.15,11917.0,8107.37,3809.63,UPI
ORD105157,2025-10-07,CUST-01974,Corporate,West,Surat,Office,Laptop Bag,3,2360,0.15,6018.0,3555.53,2462.47,UPI
ORD105158,2025-10-07,CUST-00889,Consumer,South,Kochi,Electronics,Tablet,2,22660,0.15,38522.0,35024.3,3497.7,Net Banking
ORD105159,2025-10-07,CUST-00634,Consumer,West,Pune,Home & Kitchen,Washing Machine,2,38900,0.2,62240.0,58026.15,4213.85,Net Banking
ORD105160,2025-10-07,CUST-01574,Consumer,West,Ahmedabad,Electronics,Smartwatch,1,10010,0.15,8508.5,6507.8,2000.7,EMI
ORD105161,2025-10-07,CUST-02070,Consumer,West,Surat,Fashion,Men's T-Shirt,1,1670,0.2,1336.0,640.9,695.1,Net Banking
ORD105162,2025-10-07,CUST-02604,Consumer,North,Dehradun,Electronics,Smartphone,2,13330,0.2,21328.0,23235.99,-1907.99,UPI
ORD105163,2025-10-07,CUST-01883,Consumer,South,Coimbatore,Office,Whiteboard,2,1000,0.15,1700.0,1018.67,681.33,EMI
ORD105164,2025-10-07,CUST-02223,Consumer,East,Ranchi,Electronics,Bluetooth Speaker,3,6160,0.15,15708.0,10230.22,5477.78,Credit Card
ORD105165,2025-10-07,CUST-01536,Consumer,East,Guwahati,Electronics,Bluetooth Speaker,1,2950,0.15,2507.5,1752.5,755.0,Cash on Delivery
ORD105166,2025-10-07,CUST-01792,Small Business,East,Bhubaneswar,Office,Stationery Kit,1,500,0.15,425.0,243.37,181.63,UPI
ORD105167,2025-10-07,CUST-02037,Consumer,South,Bengaluru,Fashion,Denim Jeans,2,1420,0.2,2272.0,1155.14,1116.86,EMI
ORD105168,2025-10-07,CUST-00777,Consumer,West,Ahmedabad,Office,Stationery Kit,2,1000,0.15,1700.0,813.08,886.92,Credit Card
ORD105169,2025-10-07,CUST-02951,Small Business,West,Mumbai,Fashion,Winter Jacket,3,3890,0.2,9336.0,5497.71,3838.29,EMI
ORD105170,2025-10-07,CUST-01056,Consumer,East,Bhubaneswar,Electronics,Smartphone,1,9240,0.15,7854.0,7207.79,646.21,Credit Card
ORD105171,2025-10-07,CUST-01924,Consumer,South,Hyderabad,Fashion,Wrist Watch,2,2430,0.2,3888.0,1943.91,1944.09,Debit Card
ORD105172,2025-10-07,CUST-01773,Small Business,South,Coimbatore,Fashion,Wrist Watch,2,1670,0.2,2672.0,1565.13,1106.87,Net Banking
ORD105173,2025-10-07,CUST-02715,Corporate,South,Bengaluru,Office,Office Chair,1,7840,0.15,6664.0,4751.75,1912.25,UPI
ORD105174,2025-10-07,CUST-00366,Small Business,Central,Gwalior,Fashion,Denim Jeans,2,2490,0.2,3984.0,2071.39,1912.61,Credit Card
ORD105175,2025-10-07,CUST-02814,Consumer,West,Pune,Electronics,Bluetooth Earbuds,1,1310,0.15,1113.5,723.93,389.57,UPI
ORD105176,2025-10-07,CUST-00439,Small Business,South,Chennai,Fashion,Women's Kurti,5,1260,0.2,5040.0,1992.6,3047.4,Cash on Delivery
ORD105177,2025-10-08,CUST-00467,Consumer,East,Patna,Office,Whiteboard,1,3210,0.15,2728.5,1495.04,1233.46,Cash on Delivery
ORD105178,2025-10-08,CUST-02737,Corporate,North,Jaipur,Office,Study Table,1,8210,0.15,6978.5,4805.36,2173.14,Cash on Delivery
ORD105179,2025-10-08,CUST-00838,Small Business,West,Nagpur,Fashion,Wrist Watch,2,1720,0.2,2752.0,1719.08,1032.92,Credit Card
ORD105180,2025-10-08,CUST-01950,Consumer,North,Lucknow,Fashion,Denim Jeans,2,1370,0.2,2192.0,1161.54,1030.46,UPI
ORD105181,2025-10-08,CUST-01460,Small Business,West,Pune,Electronics,Bluetooth Earbuds,1,5110,0.15,4343.5,3342.53,1000.97,UPI
ORD105182,2025-10-08,CUST-02952,Consumer,South,Bengaluru,Home & Kitchen,Mixer Grinder,2,3310,0.15,5627.0,4050.66,1576.34,UPI
ORD105183,2025-10-08,CUST-02496,Consumer,East,Bhubaneswar,Home & Kitchen,Water Purifier,2,6150,0.2,9840.0,8502.11,1337.89,Credit Card
ORD105184,2025-10-08,CUST-01026,Consumer,South,Kochi,Home & Kitchen,Water Purifier,5,18450,0.15,78412.5,53059.07,25353.43,Credit Card
ORD105185,2025-10-08,CUST-02593,Small Business,North,Delhi,Fashion,Men's T-Shirt,2,580,0.2,928.0,422.73,505.27,UPI
ORD105186,2025-10-08,CUST-00741,Consumer,West,Pune,Fashion,Denim Jeans,2,1390,0.2,2224.0,1123.27,1100.73,UPI
ORD105187,2025-10-08,CUST-01966,Consumer,Central,Raipur,Fashion,Denim Jeans,2,2430,0.2,3888.0,2163.05,1724.95,Debit Card
ORD105188,2025-10-08,CUST-02411,Consumer,East,Guwahati,Fashion,Wrist Watch,5,6100,0.2,24400.0,13538.46,10861.54,Credit Card
ORD105189,2025-10-08,CUST-02260,Consumer,South,Hyderabad,Home & Kitchen,Microwave Oven,3,8080,0.15,20604.0,16391.49,4212.51,UPI
ORD105190,2025-10-08,CUST-02103,Consumer,East,Ranchi,Home & Kitchen,Microwave Oven,3,8050,0.2,19320.0,16486.8,2833.2,Debit Card
ORD105191,2025-10-08,CUST-02642,Corporate,West,Mumbai,Fashion,Running Shoes,1,3440,0.2,2752.0,1408.88,1343.12,Debit Card
ORD105192,2025-10-08,CUST-01766,Consumer,West,Mumbai,Fashion,Men's T-Shirt,3,580,0.2,1392.0,536.11,855.89,Credit Card
ORD105193,2025-10-08,CUST-02932,Consumer,West,Nagpur,Fashion,Wrist Watch,3,2440,0.2,5856.0,3600.65,2255.35,UPI
ORD105194,2025-10-08,CUST-00467,Consumer,East,Patna,Home & Kitchen,Microwave Oven,5,8010,0.2,32040.0,29804.56,2235.44,Credit Card
ORD105195,2025-10-08,CUST-01090,Consumer,South,Coimbatore,Electronics,Smartwatch,1,14000,0.15,11900.0,7839.1,4060.9,Cash on Delivery
ORD105196,2025-10-08,CUST-02496,Consumer,East,Bhubaneswar,Electronics,Power Bank,1,2980,0.15,2533.0,1646.31,886.69,UPI
ORD105197,2025-10-08,CUST-00955,Consumer,East,Kolkata,Fashion,Denim Jeans,2,1860,0.2,2976.0,1675.3,1300.7,UPI
ORD105198,2025-10-08,CUST-01386,Corporate,South,Kochi,Home & Kitchen,Pressure Cooker,3,1540,0.15,3927.0,2314.19,1612.81,Net Banking
ORD105199,2025-10-08,CUST-02475,Consumer,North,Delhi,Electronics,Bluetooth Speaker,1,4070,0.2,3256.0,2210.5,1045.5,Net Banking
ORD105200,2025-10-08,CUST-01691,Consumer,East,Guwahati,Electronics,Bluetooth Speaker,2,5980,0.15,10166.0,6075.76,4090.24,Debit Card
ORD105201,2025-10-08,CUST-00598,Consumer,East,Ranchi,Home & Kitchen,Washing Machine,3,24000,0.2,57600.0,47549.81,10050.19,Debit Card
ORD105202,2025-10-08,CUST-00549,Consumer,West,Ahmedabad,Electronics,Power Bank,3,1280,0.15,3264.0,1982.21,1281.79,UPI
ORD105203,2025-10-08,CUST-00950,Consumer,West,Pune,Office,Desk Lamp,2,1270,0.15,2159.0,1175.43,983.57,EMI
ORD105204,2025-10-08,CUST-00950,Consumer,West,Pune,Home & Kitchen,Pressure Cooker,2,2030,0.2,3248.0,2421.7,826.3,Cash on Delivery
ORD105205,2025-10-08,CUST-00439,Small Business,South,Chennai,Fashion,Denim Jeans,3,1870,0.2,4488.0,2539.95,1948.05,UPI
ORD105206,2025-10-08,CUST-02657,Consumer,West,Surat,Fashion,Handbag,1,3990,0.2,3192.0,1210.17,1981.83,EMI
ORD105207,2025-10-08,CUST-00944,Consumer,Central,Raipur,Home & Kitchen,Refrigerator,3,27780,0.15,70839.0,57100.23,13738.77,Credit Card
ORD105208,2025-10-08,CUST-02548,Corporate,North,Jaipur,Home & Kitchen,Microwave Oven,5,9880,0.2,39520.0,35002.8,4517.2,UPI
ORD105209,2025-10-08,CUST-03101,Small Business,East,Guwahati,Fashion,Denim Jeans,2,1020,0.2,1632.0,832.84,799.16,Not Specified
ORD105210,2025-10-09,CUST-01018,Consumer,West,Ahmedabad,Fashion,Wrist Watch,3,6150,0.2,14760.0,6530.07,8229.93,Debit Card
ORD105211,2025-10-09,CUST-03084,Corporate,South,Bengaluru,Home & Kitchen,Refrigerator,3,44810,0.15,114265.5,96449.75,17815.75,Debit Card
ORD105212,2025-10-09,CUST-00608,Consumer,West,Mumbai,Fashion,Winter Jacket,4,2360,0.2,7552.0,3922.61,3629.39,EMI
ORD105213,2025-10-09,CUST-02081,Consumer,West,Surat,Home & Kitchen,Air Fryer,3,5080,0.2,12192.0,8889.4,3302.6,Credit Card
ORD105214,2025-10-09,CUST-03175,Consumer,South,Bengaluru,Electronics,Laptop,1,83150,0.15,70677.5,68547.06,2130.44,Credit Card
ORD105215,2025-10-09,CUST-02571,Consumer,West,Pune,Electronics,Laptop,2,86190,0.15,146523.0,138043.85,8479.15,Cash on Delivery
ORD105216,2025-10-09,CUST-00754,Consumer,North,Chandigarh,Office,Stationery Kit,3,290,0.15,739.5,345.42,394.08,Credit Card
ORD105217,2025-10-09,CUST-00839,Consumer,South,Kochi,Fashion,Denim Jeans,3,1010,0.2,2424.0,1450.03,973.97,Debit Card
ORD105218,2025-10-09,CUST-00863,Consumer,East,Patna,Electronics,Laptop,3,32220,0.15,82161.0,84616.94,-2455.94,Credit Card
ORD105219,2025-10-09,CUST-02990,Consumer,South,Coimbatore,Home & Kitchen,Ceiling Fan,5,2180,0.15,9265.0,6298.48,2966.52,EMI
ORD105220,2025-10-09,CUST-00792,Consumer,North,Jaipur,Office,Study Table,2,4470,0.15,7599.0,4707.98,2891.02,UPI
ORD105221,2025-10-09,CUST-01604,Consumer,West,Ahmedabad,Electronics,Tablet,2,28530,0.15,48501.0,42996.16,5504.84,UPI
ORD105222,2025-10-09,CUST-01075,Corporate,North,Lucknow,Home & Kitchen,Refrigerator,1,69970,0.2,55976.0,52088.43,3887.57,EMI
ORD105223,2025-10-09,CUST-01112,Consumer,West,Surat,Electronics,Laptop,3,69760,0.15,177888.0,168296.28,9591.72,Debit Card
ORD105224,2025-10-09,CUST-01263,Consumer,South,Bengaluru,Fashion,Wrist Watch,5,5950,0.2,23800.0,15093.51,8706.49,UPI
ORD105225,2025-10-09,CUST-01055,Consumer,South,Chennai,Home & Kitchen,Water Purifier,3,17680,0.15,45084.0,32488.81,12595.19,Cash on Delivery
ORD105226,2025-10-09,CUST-01901,Consumer,West,Pune,Home & Kitchen,Ceiling Fan,3,2730,0.2,6552.0,5312.1,1239.9,EMI
ORD105227,2025-10-09,CUST-01324,Consumer,North,Delhi,Home & Kitchen,Ceiling Fan,1,2870,0.2,2296.0,1873.97,422.03,UPI
ORD105228,2025-10-09,CUST-01381,Consumer,North,Dehradun,Home & Kitchen,Washing Machine,2,24150,0.2,38640.0,34269.17,4370.83,UPI
ORD105229,2025-10-09,CUST-01602,Consumer,West,Pune,Office,Printer,1,9710,0.15,8253.5,6756.52,1496.98,Credit Card
ORD105230,2025-10-09,CUST-01091,Consumer,North,Dehradun,Home & Kitchen,Microwave Oven,3,9980,0.2,23952.0,20739.58,3212.42,Credit Card
ORD105231,2025-10-09,CUST-02426,Consumer,South,Hyderabad,Fashion,Wrist Watch,5,2460,0.2,9840.0,4687.69,5152.31,Credit Card
ORD105232,2025-10-09,CUST-01601,Small Business,North,Lucknow,Home & Kitchen,Refrigerator,3,21450,0.2,51480.0,45295.96,6184.04,UPI
ORD105233,2025-10-09,CUST-01604,Consumer,West,Ahmedabad,Office,Printer,2,13740,0.15,23358.0,18751.51,4606.49,UPI
ORD105234,2025-10-09,CUST-00689,Corporate,West,Ahmedabad,Fashion,Men's T-Shirt,4,400,0.2,1280.0,598.33,681.67,UPI
ORD105235,2025-10-09,CUST-00098,Consumer,South,Kochi,Fashion,Formal Shirt,5,1390,0.2,5560.0,3105.77,2454.23,UPI
ORD105236,2025-10-09,CUST-02575,Consumer,South,Bengaluru,Electronics,Power Bank,1,3030,0.15,2575.5,1557.08,1018.42,Net Banking
ORD105237,2025-10-10,CUST-02718,Corporate,North,Lucknow,Office,File Organizer,1,1180,0.15,1003.0,566.29,436.71,UPI
ORD105238,2025-10-10,CUST-00786,Corporate,West,Ahmedabad,Fashion,Wrist Watch,1,990,0.2,792.0,382.17,409.83,UPI
ORD105239,2025-10-10,CUST-01107,Corporate,Central,Raipur,Fashion,Formal Shirt,3,1420,0.2,3408.0,1858.04,1549.96,UPI
ORD105240,2025-10-10,CUST-01101,Small Business,West,Mumbai,Fashion,Women's Kurti,3,2310,0.2,5544.0,3265.1,2278.9,UPI
ORD105241,2025-10-10,CUST-02197,Consumer,South,Coimbatore,Electronics,Power Bank,1,880,0.15,748.0,486.09,261.91,UPI
ORD105242,2025-10-10,CUST-00596,Consumer,Central,Gwalior,Office,Study Table,4,10270,0.15,34918.0,21786.69,13131.31,UPI
ORD105243,2025-10-10,CUST-03125,Corporate,West,Nagpur,Home & Kitchen,Pressure Cooker,1,2040,0.2,1632.0,1027.22,604.78,Debit Card
ORD105244,2025-10-10,CUST-00198,Corporate,South,Kochi,Fashion,Women's Kurti,2,1830,0.2,2928.0,1721.42,1206.58,Debit Card
ORD105245,2025-10-10,CUST-03102,Consumer,East,Patna,Fashion,Men's T-Shirt,5,810,0.2,3240.0,1313.46,1926.54,UPI
ORD105246,2025-10-10,CUST-00230,Small Business,East,Ranchi,Office,Study Table,2,7980,0.15,13566.0,9277.01,4288.99,Not Specified
ORD105247,2025-10-10,CUST-00981,Corporate,North,Chandigarh,Electronics,Smartphone,1,8750,0.2,7000.0,7348.13,-348.13,Debit Card
ORD105248,2025-10-10,CUST-00816,Corporate,North,Dehradun,Home & Kitchen,Pressure Cooker,3,980,0.2,2352.0,1672.75,679.25,UPI
ORD105249,2025-10-10,CUST-00852,Consumer,West,Pune,Home & Kitchen,Water Purifier,2,17740,0.2,28384.0,23528.13,4855.87,Credit Card
ORD105250,2025-10-10,CUST-03189,Consumer,North,Lucknow,Fashion,Men's T-Shirt,2,2350,0.2,3760.0,1483.28,2276.72,EMI
ORD105251,2025-10-10,CUST-01439,Small Business,Central,Raipur,Fashion,Denim Jeans,5,2980,0.2,11920.0,7106.2,4813.8,Net Banking
ORD105252,2025-10-10,CUST-00384,Consumer,South,Kochi,Electronics,Bluetooth Speaker,1,3940,0.15,3349.0,2147.58,1201.42,Debit Card
ORD105253,2025-10-10,CUST-03139,Consumer,West,Mumbai,Electronics,Smartphone,2,33520,0.15,56984.0,54371.71,2612.29,UPI
ORD105254,2025-10-10,CUST-00786,Corporate,West,Ahmedabad,Home & Kitchen,Microwave Oven,2,5820,0.2,9312.0,7620.29,1691.71,Debit Card
ORD105255,2025-10-10,CUST-00246,Consumer,Central,Jabalpur,Fashion,Women's Kurti,5,610,0.2,2440.0,1457.12,982.88,Debit Card
ORD105256,2025-10-10,CUST-00075,Consumer,North,Jaipur,Electronics,Smartwatch,1,1970,0.2,1576.0,1274.18,301.82,UPI
ORD105257,2025-10-10,CUST-01459,Consumer,North,Lucknow,Home & Kitchen,Ceiling Fan,2,1720,0.2,2752.0,2030.98,721.02,UPI
ORD105258,2025-10-10,CUST-02906,Consumer,West,Nagpur,Fashion,Denim Jeans,2,3030,0.2,4848.0,2592.27,2255.73,Credit Card
ORD105259,2025-10-10,CUST-00047,Corporate,East,Kolkata,Electronics,Bluetooth Earbuds,2,3930,0.15,6681.0,4952.85,1728.15,UPI
ORD105260,2025-10-10,CUST-02330,Consumer,West,Nagpur,Home & Kitchen,Refrigerator,1,20770,0.2,16616.0,14962.89,1653.11,EMI
ORD105261,2025-10-10,CUST-00854,Consumer,Central,Jabalpur,Electronics,Smartwatch,1,10070,0.15,8559.5,5866.73,2692.77,UPI
ORD105262,2025-10-10,CUST-00718,Small Business,North,Lucknow,Electronics,Bluetooth Earbuds,2,2010,0.2,3216.0,2412.07,803.93,UPI
ORD105263,2025-10-10,CUST-02263,Corporate,West,Surat,Electronics,Smartwatch,3,1990,0.15,5074.5,4049.09,1025.41,EMI
ORD105264,2025-10-10,CUST-02395,Consumer,South,Hyderabad,Fashion,Winter Jacket,1,4900,0.2,3920.0,2410.87,1509.13,UPI
ORD105265,2025-10-10,CUST-01769,Consumer,South,Kochi,Home & Kitchen,Mixer Grinder,5,4630,0.15,19677.5,14342.21,5335.29,Net Banking
ORD105266,2025-10-10,CUST-00657,Consumer,North,Dehradun,Home & Kitchen,Pressure Cooker,2,1980,0.2,3168.0,2144.24,1023.76,Net Banking
ORD105267,2025-10-10,CUST-00027,Consumer,North,Delhi,Electronics,LED Television,2,16010,0.2,25616.0,24276.86,1339.14,Cash on Delivery
ORD105268,2025-10-10,CUST-02369,Corporate,South,Kochi,Fashion,Denim Jeans,2,2440,0.2,3904.0,2351.16,1552.84,Credit Card
ORD105269,2025-10-10,CUST-01900,Consumer,East,Bhubaneswar,Electronics,Laptop,2,69460,0.15,118082.0,124664.3,-6582.3,UPI
ORD105270,2025-10-10,CUST-01315,Consumer,North,Delhi,Fashion,Wrist Watch,5,1660,0.2,6640.0,3132.38,3507.62,UPI
ORD105271,2025-10-10,CUST-00699,Consumer,North,Lucknow,Fashion,Handbag,2,4100,0.2,6560.0,3420.83,3139.17,UPI
ORD105272,2025-10-10,CUST-02448,Consumer,East,Patna,Electronics,Laptop,1,58030,0.15,49325.5,52154.79,-2829.29,Debit Card
ORD105273,2025-10-10,CUST-00241,Small Business,South,Coimbatore,Fashion,Women's Kurti,1,610,0.2,488.0,246.38,241.62,UPI
ORD105274,2025-10-10,CUST-02066,Corporate,South,Coimbatore,Fashion,Formal Shirt,2,1850,0.2,2960.0,1694.75,1265.25,Credit Card
ORD105275,2025-10-10,CUST-02208,Consumer,West,Mumbai,Office,File Organizer,1,1210,0.15,1028.5,500.61,527.89,Credit Card
ORD105276,2025-10-10,CUST-00727,Consumer,North,Delhi,Home & Kitchen,Pressure Cooker,1,2780,0.2,2224.0,1550.09,673.91,EMI
ORD105277,2025-10-11,CUST-01535,Consumer,South,Kochi,Home & Kitchen,Air Fryer,2,4960,0.15,8432.0,6790.37,1641.63,Net Banking
ORD105278,2025-10-11,CUST-01630,Consumer,West,Surat,Home & Kitchen,Pressure Cooker,5,2720,0.2,10880.0,7315.27,3564.73,Credit Card
ORD105279,2025-10-11,CUST-01875,Consumer,South,Bengaluru,Home & Kitchen,Refrigerator,4,70590,0.15,240006.0,185008.53,54997.47,Net Banking
ORD105280,2025-10-11,CUST-02859,Corporate,North,Delhi,Office,Printer,1,6820,0.15,5797.0,4748.0,1049.0,Debit Card
ORD105281,2025-10-11,CUST-01723,Consumer,West,Pune,Fashion,Winter Jacket,2,2360,0.2,3776.0,2075.36,1700.64,Credit Card
ORD105282,2025-10-11,CUST-00223,Consumer,West,Mumbai,Electronics,Bluetooth Speaker,2,1290,0.15,2193.0,1314.74,878.26,Credit Card
ORD105283,2025-10-11,CUST-01055,Consumer,South,Chennai,Fashion,Handbag,4,1970,0.2,6304.0,3629.09,2674.91,EMI
ORD105284,2025-10-11,CUST-02008,Consumer,North,Jaipur,Electronics,Power Bank,1,1320,0.2,1056.0,757.55,298.45,EMI
ORD105285,2025-10-11,CUST-01022,Consumer,Central,Raipur,Home & Kitchen,Mixer Grinder,2,3200,0.15,5440.0,3861.02,1578.98,UPI
ORD105286,2025-10-11,CUST-02460,Corporate,Central,Jabalpur,Home & Kitchen,Refrigerator,1,35280,0.15,29988.0,22040.05,7947.95,Debit Card
ORD105287,2025-10-11,CUST-00608,Consumer,West,Mumbai,Office,Stationery Kit,2,300,0.15,510.0,222.94,287.06,Debit Card
ORD105288,2025-10-11,CUST-00459,Small Business,South,Chennai,Office,Whiteboard,1,2130,0.15,1810.5,1222.64,587.86,Debit Card
ORD105289,2025-10-11,CUST-00756,Consumer,East,Kolkata,Fashion,Running Shoes,3,3430,0.2,8232.0,5527.67,2704.33,Credit Card
ORD105290,2025-10-11,CUST-02781,Consumer,North,Chandigarh,Electronics,Smartphone,1,8750,0.2,7000.0,7421.26,-421.26,Debit Card
ORD105291,2025-10-11,CUST-02192,Small Business,North,Lucknow,Fashion,Handbag,4,2040,0.2,6528.0,3333.8,3194.2,Debit Card
ORD105292,2025-10-11,CUST-01629,Consumer,South,Hyderabad,Electronics,LED Television,3,73130,0.15,186481.5,173727.3,12754.2,UPI
ORD105293,2025-10-11,CUST-00950,Consumer,West,Pune,Electronics,Power Bank,3,1810,0.15,4615.5,2805.46,1810.04,Cash on Delivery
ORD105294,2025-10-11,CUST-02906,Consumer,West,Nagpur,Fashion,Wrist Watch,3,6130,0.2,14712.0,6786.33,7925.67,EMI
ORD105295,2025-10-11,CUST-02829,Consumer,North,Chandigarh,Home & Kitchen,Water Purifier,2,11170,0.2,17872.0,12534.74,5337.26,UPI
ORD105296,2025-10-11,CUST-01230,Small Business,North,Dehradun,Home & Kitchen,Washing Machine,5,38050,0.2,152200.0,141257.72,10942.28,UPI
ORD105297,2025-10-11,CUST-02417,Corporate,South,Kochi,Fashion,Handbag,2,4100,0.2,6560.0,2736.32,3823.68,Credit Card
ORD105298,2025-10-11,CUST-02893,Consumer,South,Bengaluru,Office,Whiteboard,4,2140,0.15,7276.0,3918.92,3357.08,Credit Card
ORD105299,2025-10-11,CUST-00970,Small Business,West,Mumbai,Electronics,Bluetooth Speaker,2,3950,0.15,6715.0,4918.83,1796.17,Debit Card
ORD105300,2025-10-11,CUST-01003,Small Business,West,Ahmedabad,Fashion,Handbag,3,4070,0.2,9768.0,4742.61,5025.39,Credit Card
ORD105301,2025-10-11,CUST-01720,Corporate,South,Hyderabad,Fashion,Formal Shirt,5,680,0.2,2720.0,1299.31,1420.69,Net Banking
ORD105302,2025-10-12,CUST-01263,Consumer,South,Bengaluru,Office,Desk Lamp,2,580,0.15,986.0,632.85,353.15,Debit Card
ORD105303,2025-10-12,CUST-02448,Consumer,East,Patna,Fashion,Wrist Watch,2,1750,0.2,2800.0,1730.59,1069.41,Debit Card
ORD105304,2025-10-12,CUST-01685,Consumer,North,Lucknow,Office,File Organizer,3,1170,0.15,2983.5,1345.75,1637.75,Not Specified
ORD105305,2025-10-12,CUST-00698,Corporate,Central,Indore,Fashion,Men's T-Shirt,3,1680,0.2,4032.0,1833.18,2198.82,UPI
ORD105306,2025-10-12,CUST-01091,Consumer,North,Dehradun,Office,Whiteboard,1,1530,0.15,1300.5,751.6,548.9,UPI
ORD105307,2025-10-12,CUST-02159,Consumer,South,Chennai,Electronics,Laptop,2,39140,0.15,66538.0,66819.62,-281.62,UPI
ORD105308,2025-10-12,CUST-00166,Consumer,Central,Jabalpur,Office,Desk Lamp,1,610,0.15,518.5,335.16,183.34,Debit Card
ORD105309,2025-10-12,CUST-01037,Corporate,East,Guwahati,Home & Kitchen,Water Purifier,3,14220,0.2,34128.0,29034.81,5093.19,Credit Card
ORD105310,2025-10-12,CUST-00047,Corporate,East,Kolkata,Home & Kitchen,Mixer Grinder,1,5860,0.2,4688.0,3274.32,1413.68,Credit Card
ORD105311,2025-10-12,CUST-02614,Consumer,West,Nagpur,Home & Kitchen,Pressure Cooker,2,2730,0.2,4368.0,3273.75,1094.25,UPI
ORD105312,2025-10-12,CUST-00384,Consumer,South,Kochi,Fashion,Handbag,5,930,0.2,3720.0,2082.74,1637.26,Credit Card
ORD105313,2025-10-12,CUST-00261,Corporate,South,Kochi,Fashion,Formal Shirt,2,990,0.2,1584.0,910.88,673.12,Not Specified
ORD105314,2025-10-12,CUST-02510,Consumer,West,Pune,Electronics,Power Bank,1,1800,0.15,1530.0,1013.94,516.06,Debit Card
ORD105315,2025-10-12,CUST-00311,Consumer,East,Bhubaneswar,Office,File Organizer,2,590,0.15,1003.0,479.61,523.39,Cash on Delivery
ORD105316,2025-10-12,CUST-02197,Consumer,South,Coimbatore,Electronics,Laptop,2,32480,0.15,55216.0,53440.45,1775.55,Cash on Delivery
ORD105317,2025-10-12,CUST-01167,Small Business,West,Nagpur,Electronics,Smartwatch,2,4950,0.15,8415.0,6502.85,1912.15,Net Banking
ORD105318,2025-10-12,CUST-02614,Consumer,West,Nagpur,Electronics,Power Bank,1,3020,0.15,2567.0,1373.24,1193.76,Net Banking
ORD105319,2025-10-12,CUST-00580,Consumer,North,Dehradun,Office,Desk Lamp,3,610,0.15,1555.5,845.85,709.65,Debit Card
ORD105320,2025-10-12,CUST-00293,Consumer,South,Bengaluru,Fashion,Running Shoes,2,1810,0.2,2896.0,1959.84,936.16,Net Banking
ORD105321,2025-10-12,CUST-00750,Small Business,Central,Raipur,Office,Printer,2,7140,0.15,12138.0,10339.01,1798.99,Debit Card
ORD105322,2025-10-12,CUST-02945,Small Business,South,Kochi,Fashion,Formal Shirt,2,1360,0.2,2176.0,1053.93,1122.07,EMI
ORD105323,2025-10-12,CUST-02639,Consumer,South,Kochi,Office,Desk Lamp,2,890,0.15,1513.0,880.18,632.82,Net Banking
ORD105324,2025-10-12,CUST-00950,Consumer,West,Pune,Fashion,Winter Jacket,3,3070,0.2,7368.0,4281.83,3086.17,Cash on Delivery
ORD105325,2025-10-12,CUST-00670,Corporate,West,Surat,Fashion,Women's Kurti,5,2310,0.2,9240.0,4299.41,4940.59,EMI
ORD105326,2025-10-12,CUST-00499,Consumer,West,Nagpur,Electronics,Power Bank,2,1280,0.15,2176.0,1209.69,966.31,UPI
ORD105327,2025-10-12,CUST-00722,Corporate,North,Chandigarh,Electronics,Bluetooth Speaker,2,1280,0.2,2048.0,1405.61,642.39,Credit Card
ORD105328,2025-10-12,CUST-00668,Small Business,West,Nagpur,Home & Kitchen,Pressure Cooker,4,2010,0.2,6432.0,4866.38,1565.62,Debit Card
ORD105329,2025-10-12,CUST-02824,Consumer,North,Dehradun,Home & Kitchen,Ceiling Fan,2,1330,0.2,2128.0,1742.49,385.51,Debit Card
ORD105330,2025-10-12,CUST-00054,Consumer,South,Coimbatore,Fashion,Women's Kurti,2,620,0.2,992.0,485.63,506.37,Credit Card
ORD105331,2025-10-12,CUST-02801,Consumer,North,Delhi,Fashion,Women's Kurti,2,600,0.2,960.0,362.16,597.84,UPI
ORD105332,2025-10-13,CUST-00126,Consumer,South,Hyderabad,Home & Kitchen,Pressure Cooker,2,2830,0.15,4811.0,2862.42,1948.58,Credit Card
ORD105333,2025-10-13,CUST-02630,Consumer,North,Jaipur,Fashion,Winter Jacket,2,2350,0.2,3760.0,1900.68,1859.32,Credit Card
ORD105334,2025-10-13,CUST-01325,Consumer,Central,Gwalior,Electronics,Smartwatch,1,5090,0.15,4326.5,3334.27,992.23,UPI
ORD105335,2025-10-13,CUST-00261,Corporate,South,Kochi,Electronics,Tablet,2,13670,0.15,23239.0,21071.62,2167.38,Cash on Delivery
ORD105336,2025-10-13,CUST-02541,Corporate,East,Guwahati,Fashion,Winter Jacket,2,3080,0.2,4928.0,2435.96,2492.04,Not Specified
ORD105337,2025-10-13,CUST-00836,Consumer,North,Lucknow,Fashion,Winter Jacket,4,4950,0.2,15840.0,10746.02,5093.98,Net Banking
ORD105338,2025-10-13,CUST-02792,Corporate,East,Ranchi,Fashion,Formal Shirt,3,980,0.2,2352.0,1148.75,1203.25,Credit Card
ORD105339,2025-10-13,CUST-02415,Consumer,East,Bhubaneswar,Home & Kitchen,Mixer Grinder,3,2450,0.2,5880.0,4291.66,1588.34,UPI
ORD105340,2025-10-13,CUST-03138,Consumer,North,Lucknow,Fashion,Denim Jeans,1,1850,0.2,1480.0,721.82,758.18,Credit Card
ORD105341,2025-10-13,CUST-02650,Consumer,South,Chennai,Office,Office Chair,4,10930,0.15,37162.0,25506.79,11655.21,Credit Card
ORD105342,2025-10-13,CUST-00786,Corporate,West,Ahmedabad,Fashion,Running Shoes,2,4940,0.2,7904.0,5277.63,2626.37,Credit Card
ORD105343,2025-10-13,CUST-01268,Consumer,West,Mumbai,Fashion,Formal Shirt,5,990,0.2,3960.0,2345.67,1614.33,UPI
ORD105344,2025-10-13,CUST-02238,Consumer,West,Surat,Home & Kitchen,Microwave Oven,2,6010,0.2,9616.0,8434.46,1181.54,Debit Card
ORD105345,2025-10-13,CUST-00974,Corporate,South,Kochi,Fashion,Women's Kurti,5,1330,0.2,5320.0,2874.77,2445.23,Debit Card
ORD105346,2025-10-13,CUST-01724,Corporate,Central,Raipur,Electronics,Smartphone,1,17680,0.15,15028.0,13983.41,1044.59,UPI
ORD105347,2025-10-13,CUST-00782,Small Business,Central,Bhopal,Fashion,Formal Shirt,2,1850,0.2,2960.0,1602.36,1357.64,UPI
ORD105348,2025-10-13,CUST-02127,Small Business,South,Hyderabad,Fashion,Formal Shirt,2,1890,0.2,3024.0,1684.57,1339.43,Net Banking
ORD105349,2025-10-13,CUST-01037,Corporate,East,Guwahati,Home & Kitchen,Refrigerator,3,70040,0.2,168096.0,139924.1,28171.9,UPI
ORD105350,2025-10-13,CUST-00176,Corporate,North,Delhi,Home & Kitchen,Water Purifier,1,6050,0.2,4840.0,3794.97,1045.03,UPI
ORD105351,2025-10-13,CUST-03077,Consumer,West,Mumbai,Home & Kitchen,Water Purifier,5,17670,0.2,70680.0,56705.45,13974.55,UPI
ORD105352,2025-10-13,CUST-02679,Consumer,West,Surat,Home & Kitchen,Air Fryer,3,5040,0.2,12096.0,9165.98,2930.02,Cash on Delivery
ORD105353,2025-10-13,CUST-00950,Consumer,West,Pune,Office,Stationery Kit,2,490,0.15,833.0,439.26,393.74,UPI
ORD105354,2025-10-13,CUST-00407,Small Business,West,Mumbai,Fashion,Women's Kurti,2,580,0.2,928.0,414.98,513.02,UPI
ORD105355,2025-10-13,CUST-02363,Corporate,East,Bhubaneswar,Office,File Organizer,1,390,0.15,331.5,167.06,164.44,Cash on Delivery
ORD105356,2025-10-13,CUST-00722,Corporate,North,Chandigarh,Office,Stationery Kit,2,510,0.15,867.0,448.08,418.92,Credit Card
ORD105357,2025-10-13,CUST-01924,Consumer,South,Hyderabad,Electronics,LED Television,2,55140,0.15,93738.0,87141.64,6596.36,Debit Card
ORD105358,2025-10-13,CUST-02494,Consumer,West,Ahmedabad,Fashion,Winter Jacket,2,4890,0.2,7824.0,4663.07,3160.93,UPI
ORD105359,2025-10-13,CUST-00911,Consumer,West,Mumbai,Electronics,Smartphone,1,18290,0.15,15546.5,16021.69,-475.19,Debit Card
ORD105360,2025-10-13,CUST-00950,Consumer,West,Pune,Home & Kitchen,Air Fryer,3,11200,0.2,26880.0,18491.85,8388.15,Debit Card
ORD105361,2025-10-13,CUST-00198,Corporate,South,Kochi,Office,Printer,4,13580,0.15,46172.0,42831.58,3340.42,UPI
ORD105362,2025-10-14,CUST-00986,Consumer,North,Chandigarh,Fashion,Formal Shirt,3,1890,0.2,4536.0,2025.32,2510.68,EMI
ORD105363,2025-10-14,CUST-01894,Small Business,West,Nagpur,Electronics,Tablet,2,13610,0.15,23137.0,19746.36,3390.64,UPI
ORD105364,2025-10-14,CUST-00496,Consumer,West,Pune,Electronics,Power Bank,1,1270,0.15,1079.5,579.4,500.1,Debit Card
ORD105365,2025-10-14,CUST-03026,Consumer,South,Chennai,Home & Kitchen,Microwave Oven,4,15870,0.15,53958.0,40856.41,13101.59,UPI
ORD105366,2025-10-14,CUST-02318,Corporate,West,Surat,Electronics,Tablet,2,18100,0.15,30770.0,29849.79,920.21,Cash on Delivery
ORD105367,2025-10-14,CUST-00661,Consumer,West,Surat,Electronics,Power Bank,2,2240,0.15,3808.0,2607.73,1200.27,Credit Card
ORD105368,2025-10-14,CUST-01659,Corporate,West,Mumbai,Home & Kitchen,Water Purifier,2,14050,0.2,22480.0,19341.68,3138.32,Credit Card
ORD105369,2025-10-14,CUST-01205,Corporate,South,Chennai,Home & Kitchen,Pressure Cooker,2,970,0.15,1649.0,1058.0,591.0,UPI
ORD105370,2025-10-14,CUST-01174,Corporate,East,Patna,Fashion,Winter Jacket,1,1730,0.2,1384.0,668.53,715.47,Debit Card
ORD105371,2025-10-14,CUST-01773,Small Business,South,Coimbatore,Office,Stationery Kit,1,300,0.15,255.0,145.26,109.74,UPI
ORD105372,2025-10-14,CUST-00361,Consumer,South,Hyderabad,Office,Study Table,1,12910,0.15,10973.5,8368.59,2604.91,UPI
ORD105373,2025-10-14,CUST-00708,Small Business,West,Nagpur,Fashion,Formal Shirt,1,1930,0.2,1544.0,818.69,725.31,Cash on Delivery
ORD105374,2025-10-14,CUST-00476,Corporate,West,Pune,Electronics,Power Bank,2,1820,0.15,3094.0,2123.76,970.24,UPI
ORD105375,2025-10-14,CUST-00547,Consumer,South,Coimbatore,Electronics,Bluetooth Earbuds,1,6110,0.15,5193.5,4015.04,1178.46,Cash on Delivery
ORD105376,2025-10-14,CUST-02100,Small Business,West,Ahmedabad,Home & Kitchen,Ceiling Fan,4,4010,0.2,12832.0,10636.5,2195.5,Credit Card
ORD105377,2025-10-14,CUST-03194,Corporate,Central,Gwalior,Electronics,Bluetooth Speaker,3,3000,0.15,7650.0,5500.28,2149.72,Credit Card
ORD105378,2025-10-14,CUST-02094,Corporate,South,Coimbatore,Fashion,Women's Kurti,5,890,0.2,3560.0,1982.03,1577.97,Debit Card
ORD105379,2025-10-14,CUST-03144,Corporate,East,Kolkata,Fashion,Denim Jeans,2,2990,0.2,4784.0,2254.28,2529.72,Net Banking
ORD105380,2025-10-14,CUST-01833,Small Business,North,Chandigarh,Home & Kitchen,Air Fryer,2,5020,0.2,8032.0,6993.96,1038.04,UPI
ORD105381,2025-10-14,CUST-00945,Consumer,East,Ranchi,Office,Printer,3,14390,0.15,36694.5,33082.72,3611.78,Debit Card
ORD105382,2025-10-14,CUST-02769,Consumer,North,Delhi,Fashion,Women's Kurti,3,1260,0.2,3024.0,1520.21,1503.79,Debit Card
ORD105383,2025-10-14,CUST-00223,Consumer,West,Mumbai,Electronics,Bluetooth Speaker,1,5900,0.15,5015.0,3143.66,1871.34,Credit Card
ORD105384,2025-10-14,CUST-00341,Small Business,West,Surat,Electronics,Bluetooth Earbuds,1,3970,0.15,3374.5,2601.66,772.84,Debit Card
ORD105385,2025-10-14,CUST-03006,Corporate,North,Jaipur,Fashion,Formal Shirt,5,990,0.2,3960.0,2152.95,1807.05,Net Banking
ORD105386,2025-10-14,CUST-02088,Consumer,South,Chennai,Electronics,Smartwatch,1,4860,0.15,4131.0,2869.81,1261.19,Net Banking
ORD105387,2025-10-14,CUST-02934,Consumer,North,Dehradun,Electronics,Bluetooth Earbuds,1,2910,0.2,2328.0,1933.86,394.14,UPI
ORD105388,2025-10-14,CUST-00421,Consumer,North,Delhi,Home & Kitchen,Mixer Grinder,5,2460,0.2,9840.0,7855.58,1984.42,Debit Card
ORD105389,2025-10-14,CUST-02463,Consumer,West,Ahmedabad,Office,Desk Lamp,4,610,0.15,2074.0,1025.82,1048.18,UPI
ORD105390,2025-10-14,CUST-00769,Consumer,South,Hyderabad,Office,Whiteboard,3,2210,0.15,5635.5,3617.68,2017.82,Debit Card
ORD105391,2025-10-14,CUST-01045,Consumer,East,Ranchi,Electronics,LED Television,1,15810,0.15,13438.5,13233.05,205.45,Credit Card
ORD105392,2025-10-14,CUST-02857,Corporate,South,Chennai,Office,Printer,2,10260,0.15,17442.0,14879.38,2562.62,Credit Card
ORD105393,2025-10-14,CUST-01273,Consumer,Central,Jabalpur,Home & Kitchen,Microwave Oven,1,12730,0.15,10820.5,9100.75,1719.75,Cash on Delivery
ORD105394,2025-10-14,CUST-02157,Small Business,North,Jaipur,Fashion,Women's Kurti,2,920,0.2,1472.0,858.72,613.28,UPI
ORD105395,2025-10-14,CUST-02822,Consumer,South,Chennai,Electronics,Bluetooth Earbuds,1,1270,0.15,1079.5,747.1,332.4,Debit Card
ORD105396,2025-10-14,CUST-02765,Corporate,North,Lucknow,Electronics,Power Bank,1,2970,0.2,2376.0,1632.74,743.26,UPI
ORD105397,2025-10-14,CUST-00032,Corporate,North,Lucknow,Home & Kitchen,Pressure Cooker,1,2040,0.2,1632.0,1139.48,492.52,UPI
ORD105398,2025-10-14,CUST-00506,Consumer,Central,Raipur,Home & Kitchen,Microwave Oven,5,6170,0.15,26222.5,20662.68,5559.82,UPI
ORD105399,2025-10-14,CUST-02906,Consumer,West,Nagpur,Fashion,Formal Shirt,4,1000,0.2,3200.0,1691.72,1508.28,UPI
ORD105400,2025-10-14,CUST-01778,Consumer,Central,Indore,Office,Office Chair,1,11010,0.15,9358.5,5632.63,3725.87,UPI
ORD105401,2025-10-14,CUST-01521,Consumer,West,Pune,Home & Kitchen,Mixer Grinder,3,3250,0.2,7800.0,6114.25,1685.75,Credit Card
ORD105402,2025-10-14,CUST-00214,Consumer,North,Chandigarh,Electronics,Bluetooth Earbuds,3,4900,0.2,11760.0,9702.76,2057.24,UPI
ORD105403,2025-10-14,CUST-00079,Small Business,West,Pune,Home & Kitchen,Pressure Cooker,1,3560,0.2,2848.0,1898.81,949.19,UPI
ORD105404,2025-10-14,CUST-03026,Consumer,South,Chennai,Electronics,LED Television,2,29620,0.15,50354.0,49439.07,914.93,UPI
ORD105405,2025-10-14,CUST-01494,Consumer,North,Dehradun,Electronics,Smartwatch,1,3530,0.2,2824.0,2271.41,552.59,Cash on Delivery
ORD105406,2025-10-14,CUST-02510,Consumer,West,Pune,Home & Kitchen,Air Fryer,2,8330,0.2,13328.0,9181.26,4146.74,Debit Card
ORD105407,2025-10-14,CUST-00721,Consumer,North,Delhi,Home & Kitchen,Water Purifier,2,17800,0.2,28480.0,20872.81,7607.19,Net Banking
ORD105408,2025-10-14,CUST-00781,Corporate,Central,Raipur,Fashion,Formal Shirt,3,1000,0.2,2400.0,1277.03,1122.97,Debit Card
ORD105409,2025-10-14,CUST-01773,Small Business,South,Coimbatore,Office,File Organizer,1,390,0.15,331.5,174.52,156.98,UPI
ORD105410,2025-10-15,CUST-02781,Consumer,North,Chandigarh,Home & Kitchen,Refrigerator,3,68830,0.2,165192.0,154729.92,10462.08,Credit Card
ORD105411,2025-10-15,CUST-00950,Consumer,West,Pune,Electronics,Laptop,1,82900,0.15,70465.0,67009.71,3455.29,UPI
ORD105412,2025-10-15,CUST-01003,Small Business,West,Ahmedabad,Fashion,Winter Jacket,5,3040,0.2,12160.0,7998.66,4161.34,Cash on Delivery
ORD105413,2025-10-15,CUST-01741,Corporate,West,Nagpur,Electronics,LED Television,1,30370,0.15,25814.5,22807.82,3006.68,Credit Card
ORD105414,2025-10-15,CUST-00120,Corporate,East,Ranchi,Electronics,Power Bank,3,1790,0.15,4564.5,2936.53,1627.97,Credit Card
ORD105415,2025-10-15,CUST-01165,Consumer,North,Dehradun,Fashion,Wrist Watch,3,2460,0.2,5904.0,3727.49,2176.51,Credit Card
ORD105416,2025-10-15,CUST-01766,Consumer,West,Mumbai,Home & Kitchen,Water Purifier,2,5860,0.2,9376.0,7754.36,1621.64,UPI
ORD105417,2025-10-15,CUST-00022,Corporate,North,Delhi,Office,Stationery Kit,4,300,0.15,1020.0,535.18,484.82,Debit Card
ORD105418,2025-10-15,CUST-02043,Consumer,South,Coimbatore,Fashion,Running Shoes,2,1320,0.2,2112.0,1381.03,730.97,Credit Card
ORD105419,2025-10-15,CUST-00156,Small Business,West,Surat,Electronics,Smartwatch,1,1960,0.15,1666.0,1292.91,373.09,UPI
ORD105420,2025-10-15,CUST-02307,Consumer,South,Coimbatore,Home & Kitchen,Water Purifier,2,13850,0.15,23545.0,19108.18,4436.82,UPI
ORD105421,2025-10-15,CUST-02545,Consumer,South,Bengaluru,Fashion,Denim Jeans,2,1440,0.2,2304.0,1429.3,874.7,Cash on Delivery
ORD105422,2025-10-15,CUST-02662,Consumer,South,Coimbatore,Fashion,Men's T-Shirt,5,2400,0.2,9600.0,5270.22,4329.78,UPI
ORD105423,2025-10-15,CUST-02167,Small Business,South,Chennai,Office,File Organizer,2,820,0.15,1394.0,708.91,685.09,UPI
ORD105424,2025-10-15,CUST-01773,Small Business,South,Coimbatore,Home & Kitchen,Microwave Oven,4,5870,0.15,19958.0,17122.64,2835.36,Cash on Delivery
ORD105425,2025-10-15,CUST-00955,Consumer,East,Kolkata,Fashion,Women's Kurti,2,600,0.2,960.0,399.66,560.34,UPI
ORD105426,2025-10-15,CUST-01324,Consumer,North,Delhi,Office,Printer,3,4870,0.15,12418.5,11558.37,860.13,Credit Card
ORD105427,2025-10-15,CUST-00300,Small Business,East,Patna,Home & Kitchen,Washing Machine,1,38070,0.2,30456.0,27105.86,3350.14,UPI
ORD105428,2025-10-15,CUST-02276,Small Business,East,Kolkata,Electronics,Bluetooth Speaker,1,2050,0.15,1742.5,1291.1,451.4,Credit Card
ORD105429,2025-10-15,CUST-00078,Consumer,East,Patna,Home & Kitchen,Ceiling Fan,3,3950,0.2,9480.0,7168.24,2311.76,UPI
ORD105430,2025-10-15,CUST-01281,Small Business,East,Patna,Electronics,Bluetooth Speaker,3,6160,0.15,15708.0,9723.9,5984.1,UPI
ORD105431,2025-10-15,CUST-01604,Consumer,West,Ahmedabad,Electronics,Power Bank,3,880,0.15,2244.0,1280.47,963.53,Debit Card
ORD105432,2025-10-15,CUST-02088,Consumer,South,Chennai,Fashion,Women's Kurti,5,1810,0.2,7240.0,4136.68,3103.32,UPI
ORD105433,2025-10-15,CUST-01044,Consumer,North,Chandigarh,Electronics,LED Television,1,55110,0.2,44088.0,44035.26,52.74,Credit Card
ORD105434,2025-10-15,CUST-01386,Corporate,South,Kochi,Fashion,Wrist Watch,5,2560,0.2,10240.0,6890.63,3349.37,Debit Card
ORD105435,2025-10-15,CUST-01862,Consumer,West,Nagpur,Electronics,Smartphone,1,25110,0.15,21343.5,21316.07,27.43,Not Specified
ORD105436,2025-10-15,CUST-02917,Small Business,South,Chennai,Fashion,Handbag,5,1410,0.2,5640.0,2651.04,2988.96,Debit Card
ORD105437,2025-10-15,CUST-02162,Consumer,West,Pune,Electronics,Bluetooth Speaker,1,4060,0.15,3451.0,2542.72,908.28,Credit Card
ORD105438,2025-10-15,CUST-00828,Consumer,West,Ahmedabad,Fashion,Handbag,4,890,0.2,2848.0,1559.41,1288.59,Not Specified
ORD105439,2025-10-15,CUST-02690,Consumer,West,Pune,Office,File Organizer,4,780,0.15,2652.0,1113.16,1538.84,Credit Card
ORD105440,2025-10-15,CUST-00176,Corporate,North,Delhi,Office,Whiteboard,3,1480,0.15,3774.0,2075.5,1698.5,EMI
ORD105441,2025-10-15,CUST-00910,Small Business,East,Guwahati,Home & Kitchen,Microwave Oven,2,6100,0.2,9760.0,8763.2,996.8,Debit Card
ORD105442,2025-10-16,CUST-00361,Consumer,South,Hyderabad,Home & Kitchen,Ceiling Fan,2,2240,0.15,3808.0,2991.85,816.15,Net Banking
ORD105443,2025-10-16,CUST-01399,Corporate,East,Patna,Office,Desk Lamp,1,590,0.15,501.5,276.04,225.46,UPI
ORD105444,2025-10-16,CUST-02039,Corporate,North,Delhi,Office,Whiteboard,2,1000,0.15,1700.0,1126.99,573.01,UPI
ORD105445,2025-10-16,CUST-01659,Corporate,West,Mumbai,Office,Stationery Kit,1,980,0.15,833.0,380.28,452.72,Cash on Delivery
ORD105446,2025-10-16,CUST-02584,Corporate,South,Hyderabad,Electronics,Bluetooth Earbuds,2,1280,0.15,2176.0,1544.95,631.05,UPI
ORD105447,2025-10-16,CUST-01796,Consumer,South,Kochi,Fashion,Denim Jeans,3,1890,0.2,4536.0,2471.6,2064.4,EMI
ORD105448,2025-10-16,CUST-00763,Consumer,South,Kochi,Home & Kitchen,Water Purifier,3,17770,0.15,45313.5,32076.08,13237.42,Credit Card
ORD105449,2025-10-16,CUST-01682,Corporate,North,Dehradun,Electronics,LED Television,2,55080,0.2,88128.0,88953.95,-825.95,UPI
ORD105450,2025-10-16,CUST-02363,Corporate,East,Bhubaneswar,Electronics,Smartwatch,2,5010,0.15,8517.0,6572.33,1944.67,Debit Card
ORD105451,2025-10-16,CUST-01598,Consumer,South,Hyderabad,Electronics,Bluetooth Earbuds,1,4020,0.15,3417.0,2531.77,885.23,UPI
ORD105452,2025-10-16,CUST-01382,Small Business,West,Ahmedabad,Electronics,Smartphone,3,49850,0.15,127117.5,127429.99,-312.49,UPI
ORD105453,2025-10-16,CUST-01657,Consumer,South,Bengaluru,Electronics,Laptop,2,32780,0.15,55726.0,55516.77,209.23,Debit Card
ORD105454,2025-10-16,CUST-01732,Small Business,East,Kolkata,Fashion,Running Shoes,2,3550,0.2,5680.0,2747.13,2932.87,UPI
ORD105455,2025-10-16,CUST-00961,Corporate,North,Lucknow,Home & Kitchen,Ceiling Fan,3,1330,0.2,3192.0,2248.22,943.78,EMI
ORD105456,2025-10-16,CUST-02718,Corporate,North,Lucknow,Electronics,Bluetooth Earbuds,2,1330,0.2,2128.0,1577.39,550.61,Debit Card
ORD105457,2025-10-16,CUST-00673,Corporate,North,Delhi,Fashion,Denim Jeans,5,2540,0.2,10160.0,5694.56,4465.44,UPI
ORD105458,2025-10-16,CUST-00102,Consumer,West,Nagpur,Electronics,Bluetooth Speaker,3,3890,0.15,9919.5,6866.04,3053.46,Net Banking
ORD105459,2025-10-16,CUST-02384,Consumer,North,Jaipur,Fashion,Men's T-Shirt,3,410,0.2,984.0,420.9,563.1,UPI
ORD105460,2025-10-16,CUST-02671,Small Business,West,Pune,Electronics,Bluetooth Earbuds,2,3050,0.15,5185.0,3893.86,1291.14,Debit Card
ORD105461,2025-10-16,CUST-02066,Corporate,South,Coimbatore,Fashion,Formal Shirt,2,680,0.2,1088.0,479.37,608.63,UPI
ORD105462,2025-10-16,CUST-01480,Consumer,West,Pune,Electronics,LED Television,1,22140,0.15,18819.0,17158.96,1660.04,UPI
ORD105463,2025-10-16,CUST-03108,Corporate,Central,Jabalpur,Electronics,Smartwatch,2,9980,0.15,16966.0,12967.65,3998.35,Credit Card
ORD105464,2025-10-17,CUST-01147,Consumer,West,Nagpur,Electronics,Tablet,1,28200,0.15,23970.0,22449.09,1520.91,Debit Card
ORD105465,2025-10-17,CUST-01253,Consumer,South,Chennai,Fashion,Running Shoes,4,4990,0.2,15968.0,10420.9,5547.1,UPI
ORD105466,2025-10-17,CUST-01875,Consumer,South,Bengaluru,Fashion,Wrist Watch,1,1000,0.2,800.0,486.24,313.76,Net Banking
ORD105467,2025-10-17,CUST-01343,Consumer,South,Hyderabad,Fashion,Formal Shirt,3,1930,0.2,4632.0,2627.99,2004.01,UPI
ORD105468,2025-10-17,CUST-01761,Consumer,East,Guwahati,Fashion,Winter Jacket,3,4930,0.2,11832.0,6330.02,5501.98,Net Banking
ORD105469,2025-10-17,CUST-03075,Corporate,East,Guwahati,Home & Kitchen,Ceiling Fan,5,1310,0.2,5240.0,4018.99,1221.01,Credit Card
ORD105470,2025-10-17,CUST-00782,Small Business,Central,Bhopal,Home & Kitchen,Mixer Grinder,2,4400,0.15,7480.0,5620.77,1859.23,UPI
ORD105471,2025-10-17,CUST-00476,Corporate,West,Pune,Home & Kitchen,Mixer Grinder,5,4460,0.2,17840.0,12896.99,4943.01,Cash on Delivery
ORD105472,2025-10-17,CUST-01320,Consumer,South,Kochi,Fashion,Denim Jeans,3,2920,0.2,7008.0,3067.37,3940.63,Credit Card
ORD105473,2025-10-17,CUST-01602,Consumer,West,Pune,Office,Study Table,2,9710,0.15,16507.0,9782.08,6724.92,Net Banking
ORD105474,2025-10-17,CUST-02293,Corporate,West,Ahmedabad,Electronics,Bluetooth Speaker,1,2020,0.15,1717.0,1158.53,558.47,Credit Card
ORD105475,2025-10-17,CUST-03032,Consumer,West,Nagpur,Fashion,Women's Kurti,2,890,0.2,1424.0,592.56,831.44,EMI
ORD105476,2025-10-17,CUST-02208,Consumer,West,Mumbai,Fashion,Women's Kurti,4,1780,0.2,5696.0,2754.64,2941.36,Net Banking
ORD105477,2025-10-17,CUST-03155,Consumer,South,Kochi,Electronics,Bluetooth Earbuds,1,2030,0.15,1725.5,1223.98,501.52,Cash on Delivery
ORD105478,2025-10-17,CUST-00795,Corporate,Central,Bhopal,Electronics,Tablet,2,29210,0.15,49657.0,42156.15,7500.85,Cash on Delivery
ORD105479,2025-10-17,CUST-00682,Consumer,North,Dehradun,Electronics,Laptop,1,68670,0.2,54936.0,57373.86,-2437.86,Credit Card
ORD105480,2025-10-17,CUST-00955,Consumer,East,Kolkata,Fashion,Winter Jacket,2,4910,0.2,7856.0,5249.45,2606.55,UPI
ORD105481,2025-10-17,CUST-02512,Consumer,North,Lucknow,Home & Kitchen,Ceiling Fan,2,1290,0.2,2064.0,1439.48,624.52,UPI
ORD105482,2025-10-17,CUST-00591,Small Business,South,Coimbatore,Electronics,Bluetooth Speaker,1,1940,0.15,1649.0,1230.54,418.46,Debit Card
ORD105483,2025-10-17,CUST-00628,Consumer,South,Bengaluru,Fashion,Winter Jacket,5,4110,0.2,16440.0,10584.69,5855.31,Debit Card
ORD105484,2025-10-17,CUST-01275,Small Business,West,Nagpur,Fashion,Men's T-Shirt,3,2400,0.2,5760.0,2347.1,3412.9,UPI
ORD105485,2025-10-17,CUST-00982,Corporate,East,Guwahati,Office,File Organizer,2,1210,0.15,2057.0,865.29,1191.71,Credit Card
ORD105486,2025-10-17,CUST-02078,Small Business,North,Chandigarh,Electronics,Power Bank,2,3000,0.2,4800.0,2833.07,1966.93,Credit Card
ORD105487,2025-10-17,CUST-02834,Corporate,West,Nagpur,Fashion,Formal Shirt,4,1430,0.2,4576.0,2177.48,2398.52,Credit Card
ORD105488,2025-10-17,CUST-00444,Consumer,Central,Bhopal,Office,Desk Lamp,4,910,0.15,3094.0,1690.17,1403.83,UPI
ORD105489,2025-10-17,CUST-01725,Consumer,South,Coimbatore,Electronics,Laptop,1,69890,0.15,59406.5,57967.77,1438.73,Net Banking
ORD105490,2025-10-18,CUST-00308,Corporate,West,Mumbai,Fashion,Wrist Watch,1,1000,0.2,800.0,379.43,420.57,UPI
ORD105491,2025-10-18,CUST-00723,Consumer,North,Chandigarh,Home & Kitchen,Refrigerator,3,33950,0.2,81480.0,69922.3,11557.7,UPI
ORD105492,2025-10-18,CUST-00955,Consumer,East,Kolkata,Home & Kitchen,Refrigerator,5,67630,0.2,270520.0,240964.59,29555.41,Debit Card
ORD105493,2025-10-18,CUST-01841,Small Business,North,Lucknow,Office,Printer,2,9810,0.15,16677.0,15308.36,1368.64,UPI
ORD105494,2025-10-18,CUST-01758,Consumer,North,Chandigarh,Electronics,Power Bank,2,3010,0.2,4816.0,2940.51,1875.49,UPI
ORD105495,2025-10-18,CUST-02067,Corporate,North,Jaipur,Fashion,Running Shoes,5,1310,0.2,5240.0,3337.51,1902.49,Debit Card
ORD105496,2025-10-18,CUST-02608,Consumer,West,Surat,Electronics,Laptop,2,47630,0.15,80971.0,77881.83,3089.17,Cash on Delivery
ORD105497,2025-10-18,CUST-00596,Consumer,Central,Gwalior,Electronics,Smartphone,1,13290,0.15,11296.5,11267.42,29.08,UPI
ORD105498,2025-10-18,CUST-02390,Small Business,Central,Bhopal,Fashion,Wrist Watch,3,3990,0.2,9576.0,5730.06,3845.94,Credit Card
ORD105499,2025-10-18,CUST-02143,Consumer,Central,Jabalpur,Fashion,Women's Kurti,1,1330,0.2,1064.0,619.5,444.5,UPI
ORD105500,2025-10-18,CUST-00273,Consumer,West,Pune,Electronics,Bluetooth Earbuds,1,2010,0.15,1708.5,1290.77,417.73,EMI
ORD105501,2025-10-18,CUST-01053,Small Business,West,Ahmedabad,Electronics,Laptop,1,39020,0.15,33167.0,32444.83,722.17,Cash on Delivery
ORD105502,2025-10-18,CUST-00094,Small Business,North,Jaipur,Electronics,Tablet,1,22840,0.2,18272.0,16956.09,1315.91,Cash on Delivery
ORD105503,2025-10-18,CUST-00313,Consumer,West,Pune,Office,Printer,1,20090,0.15,17076.5,14661.58,2414.92,UPI
ORD105504,2025-10-18,CUST-00947,Consumer,North,Chandigarh,Fashion,Wrist Watch,3,1010,0.2,2424.0,1544.09,879.91,EMI
ORD105505,2025-10-18,CUST-00786,Corporate,West,Ahmedabad,Fashion,Formal Shirt,3,1440,0.2,3456.0,1497.33,1958.67,UPI
ORD105506,2025-10-18,CUST-02859,Corporate,North,Delhi,Fashion,Men's T-Shirt,1,820,0.2,656.0,300.61,355.39,Credit Card
ORD105507,2025-10-18,CUST-02844,Consumer,South,Kochi,Fashion,Formal Shirt,5,1010,0.2,4040.0,2259.41,1780.59,UPI
ORD105508,2025-10-18,CUST-01837,Corporate,West,Nagpur,Office,Whiteboard,1,3390,0.15,2881.5,1832.81,1048.69,Debit Card
ORD105509,2025-10-18,CUST-02361,Consumer,East,Bhubaneswar,Electronics,Bluetooth Speaker,1,2030,0.15,1725.5,1124.95,600.55,Debit Card
ORD105510,2025-10-18,CUST-03199,Consumer,South,Chennai,Home & Kitchen,Pressure Cooker,2,1980,0.15,3366.0,2098.3,1267.7,Net Banking
ORD105511,2025-10-18,CUST-01273,Consumer,Central,Jabalpur,Electronics,Bluetooth Speaker,3,3050,0.15,7777.5,5918.61,1858.89,UPI
ORD105512,2025-10-18,CUST-01636,Consumer,West,Ahmedabad,Home & Kitchen,Washing Machine,1,23640,0.2,18912.0,16731.55,2180.45,EMI
ORD105513,2025-10-18,CUST-02094,Corporate,South,Coimbatore,Home & Kitchen,Washing Machine,2,29820,0.15,50694.0,37940.19,12753.81,UPI
ORD105514,2025-10-18,CUST-02910,Corporate,West,Nagpur,Home & Kitchen,Microwave Oven,2,6050,0.2,9680.0,7616.28,2063.72,UPI
ORD105515,2025-10-18,CUST-02533,Consumer,South,Bengaluru,Electronics,Smartwatch,2,2020,0.15,3434.0,2764.23,669.77,UPI
ORD105516,2025-10-18,CUST-00208,Small Business,West,Pune,Electronics,Smartwatch,1,5090,0.15,4326.5,3520.22,806.28,UPI
ORD105517,2025-10-18,CUST-02291,Consumer,East,Guwahati,Home & Kitchen,Pressure Cooker,3,2760,0.2,6624.0,4346.59,2277.41,Credit Card
ORD105518,2025-10-18,CUST-00821,Consumer,Central,Bhopal,Fashion,Women's Kurti,1,910,0.2,728.0,395.58,332.42,Credit Card
ORD105519,2025-10-18,CUST-00832,Consumer,South,Coimbatore,Electronics,Smartphone,2,12900,0.15,21930.0,20466.98,1463.02,Debit Card
ORD105520,2025-10-18,CUST-01729,Consumer,East,Ranchi,Fashion,Women's Kurti,5,900,0.2,3600.0,1919.32,1680.68,Credit Card
ORD105521,2025-10-18,CUST-02237,Consumer,South,Kochi,Fashion,Denim Jeans,3,1430,0.2,3432.0,1566.66,1865.34,Debit Card
ORD105522,2025-10-18,CUST-00510,Consumer,North,Lucknow,Electronics,Bluetooth Earbuds,1,2030,0.2,1624.0,1124.63,499.37,Credit Card
ORD105523,2025-10-18,CUST-00970,Small Business,West,Mumbai,Fashion,Running Shoes,5,1850,0.2,7400.0,3953.41,3446.59,Cash on Delivery
ORD105524,2025-10-18,CUST-02299,Small Business,West,Mumbai,Fashion,Denim Jeans,2,1860,0.2,2976.0,1640.12,1335.88,EMI
ORD105525,2025-10-18,CUST-00480,Corporate,South,Chennai,Home & Kitchen,Water Purifier,3,8170,0.15,20833.5,14650.42,6183.08,Cash on Delivery
ORD105526,2025-10-18,CUST-02701,Corporate,West,Ahmedabad,Electronics,Smartphone,1,18400,0.15,15640.0,15950.2,-310.2,UPI
ORD105527,2025-10-19,CUST-01432,Consumer,North,Dehradun,Home & Kitchen,Refrigerator,3,20440,0.2,49056.0,44700.32,4355.68,UPI
ORD105528,2025-10-19,CUST-01858,Consumer,West,Mumbai,Office,Desk Lamp,4,1820,0.15,6188.0,3594.85,2593.15,EMI
ORD105529,2025-10-19,CUST-00275,Small Business,South,Hyderabad,Home & Kitchen,Microwave Oven,3,10290,0.15,26239.5,21081.17,5158.33,Credit Card
ORD105530,2025-10-19,CUST-03028,Small Business,Central,Bhopal,Office,Whiteboard,2,2150,0.15,3655.0,2261.85,1393.15,UPI
ORD105531,2025-10-19,CUST-02871,Small Business,West,Pune,Fashion,Running Shoes,2,2460,0.2,3936.0,2618.46,1317.54,UPI
ORD105532,2025-10-19,CUST-00608,Consumer,West,Mumbai,Office,Laptop Bag,2,1740,0.15,2958.0,1608.12,1349.88,UPI
ORD105533,2025-10-19,CUST-02127,Small Business,South,Hyderabad,Office,File Organizer,3,590,0.15,1504.5,867.78,636.72,Credit Card
ORD105534,2025-10-19,CUST-02528,Consumer,South,Hyderabad,Electronics,Bluetooth Earbuds,1,2040,0.15,1734.0,1369.18,364.82,Credit Card
ORD105535,2025-10-19,CUST-00389,Consumer,West,Nagpur,Electronics,Smartwatch,1,10230,0.15,8695.5,5904.61,2790.89,Cash on Delivery
ORD105536,2025-10-19,CUST-01835,Small Business,East,Kolkata,Electronics,Tablet,1,28300,0.15,24055.0,20506.91,3548.09,UPI
ORD105537,2025-10-19,CUST-02703,Small Business,West,Pune,Office,Stationery Kit,1,510,0.15,433.5,223.62,209.88,Net Banking
ORD105538,2025-10-19,CUST-01604,Consumer,West,Ahmedabad,Fashion,Denim Jeans,1,3060,0.2,2448.0,1137.94,1310.06,UPI
ORD105539,2025-10-19,CUST-02917,Small Business,South,Chennai,Office,Whiteboard,3,990,0.15,2524.5,1515.79,1008.71,Credit Card
ORD105540,2025-10-19,CUST-00147,Corporate,South,Coimbatore,Fashion,Running Shoes,4,2490,0.2,7968.0,4544.82,3423.18,UPI
ORD105541,2025-10-19,CUST-02909,Consumer,East,Bhubaneswar,Electronics,Bluetooth Earbuds,2,2050,0.15,3485.0,2385.62,1099.38,Cash on Delivery
ORD105542,2025-10-19,CUST-03120,Consumer,South,Chennai,Home & Kitchen,Air Fryer,5,10930,0.15,46452.5,34515.77,11936.73,EMI
ORD105543,2025-10-19,CUST-00496,Consumer,West,Pune,Electronics,Tablet,1,10220,0.15,8687.0,7429.48,1257.52,Cash on Delivery
ORD105544,2025-10-19,CUST-01347,Corporate,South,Hyderabad,Electronics,Laptop,1,31670,0.15,26919.5,27163.27,-243.77,Cash on Delivery
ORD105545,2025-10-19,CUST-01977,Consumer,East,Patna,Home & Kitchen,Ceiling Fan,3,1300,0.2,3120.0,2350.87,769.13,Debit Card
ORD105546,2025-10-19,CUST-02842,Consumer,West,Pune,Office,Office Chair,1,19530,0.15,16600.5,11500.24,5100.26,Debit Card
ORD105547,2025-10-19,CUST-00511,Consumer,South,Chennai,Fashion,Formal Shirt,5,1890,0.2,7560.0,3455.47,4104.53,Net Banking
ORD105548,2025-10-19,CUST-01026,Consumer,South,Kochi,Home & Kitchen,Water Purifier,4,17570,0.15,59738.0,48596.64,11141.36,Credit Card
ORD105549,2025-10-19,CUST-02535,Consumer,South,Chennai,Electronics,Smartphone,2,51490,0.15,87533.0,90609.46,-3076.46,EMI
ORD105550,2025-10-19,CUST-01273,Consumer,Central,Jabalpur,Electronics,Bluetooth Earbuds,2,5860,0.15,9962.0,6759.5,3202.5,Credit Card
ORD105551,2025-10-19,CUST-01924,Consumer,South,Hyderabad,Electronics,Bluetooth Earbuds,3,2060,0.15,5253.0,3560.11,1692.89,UPI
ORD105552,2025-10-19,CUST-01773,Small Business,South,Coimbatore,Electronics,Power Bank,1,1840,0.15,1564.0,944.49,619.51,EMI
ORD105553,2025-10-19,CUST-03098,Corporate,Central,Raipur,Fashion,Handbag,4,1400,0.2,4480.0,2351.57,2128.43,Credit Card
ORD105554,2025-10-19,CUST-00454,Small Business,North,Jaipur,Electronics,LED Television,1,39490,0.2,31592.0,32189.93,-597.93,Credit Card
ORD105555,2025-10-19,CUST-03008,Consumer,South,Coimbatore,Electronics,LED Television,2,21570,0.15,36669.0,32912.91,3756.09,UPI
ORD105556,2025-10-19,CUST-01784,Small Business,West,Mumbai,Electronics,Smartphone,2,18280,0.15,31076.0,30186.57,889.43,UPI
ORD105557,2025-10-19,CUST-02862,Small Business,North,Chandigarh,Office,Desk Lamp,3,1260,0.15,3213.0,1856.18,1356.82,EMI
ORD105558,2025-10-19,CUST-00384,Consumer,South,Kochi,Office,Stationery Kit,2,500,0.15,850.0,459.5,390.5,EMI
ORD105559,2025-10-19,CUST-02061,Consumer,North,Delhi,Fashion,Denim Jeans,1,1920,0.2,1536.0,944.49,591.51,Cash on Delivery
ORD105560,2025-10-19,CUST-02665,Consumer,South,Kochi,Electronics,Bluetooth Earbuds,1,5870,0.15,4989.5,3881.21,1108.29,UPI
ORD105561,2025-10-19,CUST-02512,Consumer,North,Lucknow,Electronics,Bluetooth Speaker,1,5900,0.2,4720.0,2953.56,1766.44,Cash on Delivery
ORD105562,2025-10-20,CUST-00035,Consumer,West,Surat,Electronics,Laptop,1,83800,0.15,71230.0,72892.45,-1662.45,UPI
ORD105563,2025-10-20,CUST-01420,Small Business,West,Ahmedabad,Fashion,Denim Jeans,4,2920,0.2,9344.0,4721.7,4622.3,Net Banking
ORD105564,2025-10-20,CUST-00374,Corporate,East,Patna,Fashion,Handbag,3,880,0.2,2112.0,1251.74,860.26,UPI
ORD105565,2025-10-20,CUST-00486,Consumer,South,Coimbatore,Fashion,Handbag,2,3080,0.2,4928.0,2846.04,2081.96,Credit Card
ORD105566,2025-10-20,CUST-02272,Consumer,North,Delhi,Electronics,Bluetooth Earbuds,2,4030,0.2,6448.0,4790.87,1657.13,UPI
ORD105567,2025-10-20,CUST-03036,Consumer,North,Delhi,Electronics,LED Television,2,40070,0.2,64112.0,62278.26,1833.74,Cash on Delivery
ORD105568,2025-10-20,CUST-02033,Consumer,West,Ahmedabad,Office,Stationery Kit,1,1010,0.15,858.5,433.91,424.59,UPI
ORD105569,2025-10-20,CUST-00341,Small Business,West,Surat,Home & Kitchen,Pressure Cooker,3,1500,0.2,3600.0,2621.75,978.25,Credit Card
ORD105570,2025-10-20,CUST-00789,Corporate,South,Coimbatore,Home & Kitchen,Ceiling Fan,2,1740,0.15,2958.0,2181.75,776.25,Credit Card
ORD105571,2025-10-20,CUST-01165,Consumer,North,Dehradun,Electronics,Bluetooth Speaker,3,2970,0.2,7128.0,5542.99,1585.01,Credit Card
ORD105572,2025-10-20,CUST-00396,Corporate,South,Chennai,Office,Laptop Bag,1,1710,0.15,1453.5,934.23,519.27,Debit Card
ORD105573,2025-10-20,CUST-02694,Consumer,East,Bhubaneswar,Home & Kitchen,Refrigerator,1,59670,0.2,47736.0,40303.45,7432.55,Credit Card
ORD105574,2025-10-20,CUST-00622,Consumer,South,Hyderabad,Fashion,Men's T-Shirt,4,1220,0.2,3904.0,2108.7,1795.3,UPI
ORD105575,2025-10-20,CUST-00407,Small Business,West,Mumbai,Fashion,Running Shoes,3,3600,0.2,8640.0,4835.05,3804.95,Debit Card
ORD105576,2025-10-20,CUST-02330,Consumer,West,Nagpur,Home & Kitchen,Washing Machine,1,50220,0.2,40176.0,36478.31,3697.69,EMI
ORD105577,2025-10-20,CUST-00397,Corporate,North,Delhi,Fashion,Running Shoes,3,1780,0.2,4272.0,2261.88,2010.12,UPI
ORD105578,2025-10-20,CUST-01273,Consumer,Central,Jabalpur,Electronics,Bluetooth Earbuds,1,4090,0.15,3476.5,2268.96,1207.54,UPI
ORD105579,2025-10-20,CUST-01614,Consumer,North,Lucknow,Home & Kitchen,Mixer Grinder,3,1830,0.2,4392.0,3174.39,1217.61,Not Specified
ORD105580,2025-10-20,CUST-00275,Small Business,South,Hyderabad,Home & Kitchen,Mixer Grinder,4,6070,0.15,20638.0,13751.76,6886.24,Credit Card
ORD105581,2025-10-20,CUST-01765,Corporate,South,Kochi,Fashion,Winter Jacket,5,1700,0.2,6800.0,4220.2,2579.8,Cash on Delivery
ORD105582,2025-10-20,CUST-01521,Consumer,West,Pune,Electronics,Smartphone,1,17810,0.15,15138.5,14889.16,249.34,UPI
ORD105583,2025-10-20,CUST-02150,Corporate,North,Dehradun,Electronics,Smartphone,1,12630,0.2,10104.0,10344.93,-240.93,Debit Card
ORD105584,2025-10-20,CUST-00719,Consumer,South,Coimbatore,Electronics,Bluetooth Speaker,2,5890,0.15,10013.0,6427.46,3585.54,UPI
ORD105585,2025-10-20,CUST-01091,Consumer,North,Dehradun,Office,Printer,3,19760,0.15,50388.0,47233.23,3154.77,Debit Card
ORD105586,2025-10-20,CUST-02114,Consumer,South,Chennai,Home & Kitchen,Microwave Oven,1,7860,0.15,6681.0,5299.0,1382.0,EMI
ORD105587,2025-10-20,CUST-00112,Small Business,East,Patna,Electronics,Smartwatch,1,3520,0.15,2992.0,2232.69,759.31,Credit Card
ORD105588,2025-10-20,CUST-00377,Consumer,West,Mumbai,Fashion,Running Shoes,3,1750,0.2,4200.0,2393.48,1806.52,Cash on Delivery
ORD105589,2025-10-20,CUST-00945,Consumer,East,Ranchi,Fashion,Wrist Watch,5,1740,0.2,6960.0,4018.02,2941.98,Net Banking
ORD105590,2025-10-21,CUST-00353,Small Business,South,Bengaluru,Electronics,Power Bank,2,910,0.15,1547.0,1013.22,533.78,UPI
ORD105591,2025-10-21,CUST-00118,Small Business,West,Mumbai,Electronics,Smartphone,1,25640,0.15,21794.0,21821.26,-27.26,Net Banking
ORD105592,2025-10-21,CUST-03157,Consumer,South,Hyderabad,Home & Kitchen,Refrigerator,2,57830,0.15,98311.0,77678.55,20632.45,Debit Card
ORD105593,2025-10-21,CUST-01431,Consumer,South,Bengaluru,Home & Kitchen,Microwave Oven,4,8000,0.15,27200.0,22106.02,5093.98,Credit Card
ORD105594,2025-10-21,CUST-01671,Small Business,North,Lucknow,Electronics,Power Bank,1,2320,0.2,1856.0,1060.74,795.26,Debit Card
ORD105595,2025-10-21,CUST-00832,Consumer,South,Coimbatore,Electronics,Smartwatch,1,5090,0.15,4326.5,2972.83,1353.67,Cash on Delivery
ORD105596,2025-10-21,CUST-00030,Consumer,West,Ahmedabad,Home & Kitchen,Air Fryer,5,4920,0.2,19680.0,16754.64,2925.36,UPI
ORD105597,2025-10-21,CUST-02409,Consumer,Central,Raipur,Home & Kitchen,Refrigerator,4,20690,0.15,70346.0,55403.96,14942.04,UPI
ORD105598,2025-10-21,CUST-02323,Small Business,North,Dehradun,Home & Kitchen,Refrigerator,3,70950,0.2,170280.0,150722.56,19557.44,Debit Card
ORD105599,2025-10-21,CUST-03095,Consumer,South,Hyderabad,Office,Office Chair,2,19950,0.15,33915.0,22636.82,11278.18,Cash on Delivery
ORD105600,2025-10-21,CUST-00059,Consumer,West,Nagpur,Home & Kitchen,Water Purifier,2,6160,0.2,9856.0,7062.53,2793.47,Credit Card
ORD105601,2025-10-21,CUST-00439,Small Business,South,Chennai,Electronics,Tablet,2,29100,0.15,49470.0,49245.01,224.99,UPI
ORD105602,2025-10-21,CUST-02288,Consumer,West,Nagpur,Fashion,Formal Shirt,2,680,0.2,1088.0,600.06,487.94,Cash on Delivery
ORD105603,2025-10-21,CUST-01007,Consumer,East,Patna,Home & Kitchen,Water Purifier,2,17850,0.2,28560.0,22872.47,5687.53,Debit Card
ORD105604,2025-10-21,CUST-00205,Consumer,West,Nagpur,Electronics,Bluetooth Earbuds,3,6150,0.15,15682.5,10838.83,4843.67,Credit Card
ORD105605,2025-10-21,CUST-00950,Consumer,West,Pune,Home & Kitchen,Water Purifier,2,5960,0.2,9536.0,7750.83,1785.17,UPI
ORD105606,2025-10-21,CUST-00302,Corporate,South,Chennai,Electronics,Bluetooth Earbuds,2,1280,0.15,2176.0,1732.13,443.87,UPI
ORD105607,2025-10-21,CUST-02662,Consumer,South,Coimbatore,Fashion,Formal Shirt,1,1890,0.2,1512.0,612.46,899.54,UPI
ORD105608,2025-10-21,CUST-02786,Consumer,South,Bengaluru,Office,Stationery Kit,1,990,0.15,841.5,459.14,382.36,Debit Card
ORD105609,2025-10-21,CUST-02039,Corporate,North,Delhi,Fashion,Running Shoes,5,3490,0.2,13960.0,9407.3,4552.7,Cash on Delivery
ORD105610,2025-10-21,CUST-01188,Consumer,North,Lucknow,Office,Study Table,1,4440,0.15,3774.0,2715.11,1058.89,UPI
ORD105611,2025-10-21,CUST-02464,Small Business,West,Ahmedabad,Electronics,Bluetooth Earbuds,1,2960,0.15,2516.0,1989.69,526.31,EMI
ORD105612,2025-10-21,CUST-02018,Consumer,South,Bengaluru,Fashion,Running Shoes,4,1320,0.2,4224.0,2395.75,1828.25,Credit Card
ORD105613,2025-10-21,CUST-02527,Corporate,South,Bengaluru,Fashion,Formal Shirt,1,700,0.2,560.0,328.14,231.86,Cash on Delivery
ORD105614,2025-10-21,CUST-01605,Small Business,West,Nagpur,Home & Kitchen,Pressure Cooker,3,1540,0.2,3696.0,2589.27,1106.73,UPI
ORD105615,2025-10-21,CUST-03040,Consumer,South,Chennai,Home & Kitchen,Ceiling Fan,4,4010,0.15,13634.0,9418.51,4215.49,Credit Card
ORD105616,2025-10-21,CUST-00950,Consumer,West,Pune,Home & Kitchen,Washing Machine,3,23960,0.2,57504.0,51809.94,5694.06,Credit Card
ORD105617,2025-10-22,CUST-01920,Corporate,East,Kolkata,Fashion,Men's T-Shirt,5,1690,0.2,6760.0,3137.27,3622.73,UPI
ORD105618,2025-10-22,CUST-02571,Consumer,West,Pune,Home & Kitchen,Mixer Grinder,1,3300,0.2,2640.0,2105.22,534.78,Credit Card
ORD105619,2025-10-22,CUST-02844,Consumer,South,Kochi,Fashion,Formal Shirt,3,1910,0.2,4584.0,2484.96,2099.04,Credit Card
ORD105620,2025-10-22,CUST-03001,Consumer,South,Hyderabad,Office,Stationery Kit,1,710,0.15,603.5,284.39,319.11,Credit Card
ORD105621,2025-10-22,CUST-01216,Corporate,West,Surat,Fashion,Formal Shirt,2,1420,0.2,2272.0,1103.16,1168.84,Debit Card
ORD105622,2025-10-22,CUST-02247,Small Business,West,Mumbai,Electronics,Laptop,2,48570,0.15,82569.0,84278.1,-1709.1,UPI
ORD105623,2025-10-22,CUST-00950,Consumer,West,Pune,Electronics,Smartwatch,1,13810,0.15,11738.5,7956.94,3781.56,Net Banking
ORD105624,2025-10-22,CUST-02086,Consumer,Central,Indore,Electronics,Power Bank,1,2290,0.15,1946.5,1132.35,814.15,UPI
ORD105625,2025-10-22,CUST-00585,Consumer,East,Kolkata,Electronics,Laptop,1,71070,0.15,60409.5,59682.39,727.11,Not Specified
ORD105626,2025-10-22,CUST-01310,Corporate,North,Jaipur,Electronics,Bluetooth Speaker,2,5940,0.2,9504.0,6570.1,2933.9,EMI
ORD105627,2025-10-22,CUST-02910,Corporate,West,Nagpur,Home & Kitchen,Washing Machine,1,18610,0.2,14888.0,13295.09,1592.91,Cash on Delivery
ORD105628,2025-10-22,CUST-02582,Corporate,West,Pune,Electronics,Smartphone,1,17510,0.15,14883.5,13899.1,984.4,Credit Card
ORD105629,2025-10-22,CUST-01579,Consumer,East,Patna,Electronics,Smartphone,2,42750,0.15,72675.0,70120.96,2554.04,EMI
ORD105630,2025-10-22,CUST-00474,Consumer,West,Mumbai,Fashion,Wrist Watch,3,990,0.2,2376.0,1318.99,1057.01,Credit Card
ORD105631,2025-10-22,CUST-01228,Consumer,North,Jaipur,Fashion,Formal Shirt,3,1020,0.2,2448.0,1154.62,1293.38,Credit Card
ORD105632,2025-10-22,CUST-00444,Consumer,Central,Bhopal,Office,Desk Lamp,3,880,0.15,2244.0,1255.82,988.18,Cash on Delivery
ORD105633,2025-10-22,CUST-00229,Consumer,South,Coimbatore,Office,Laptop Bag,3,2980,0.15,7599.0,3947.37,3651.63,Credit Card
ORD105634,2025-10-22,CUST-02867,Consumer,South,Chennai,Fashion,Women's Kurti,3,2240,0.2,5376.0,2480.64,2895.36,Net Banking
ORD105635,2025-10-22,CUST-01557,Consumer,West,Nagpur,Home & Kitchen,Pressure Cooker,1,2830,0.2,2264.0,1582.3,681.7,Debit Card
ORD105636,2025-10-22,CUST-00310,Consumer,East,Bhubaneswar,Electronics,Bluetooth Speaker,3,3000,0.15,7650.0,5329.77,2320.23,Cash on Delivery
ORD105637,2025-10-22,CUST-02300,Small Business,Central,Bhopal,Electronics,Laptop,1,58390,0.15,49631.5,49889.85,-258.35,Net Banking
ORD105638,2025-10-22,CUST-00250,Small Business,South,Hyderabad,Home & Kitchen,Air Fryer,2,6680,0.15,11356.0,8919.22,2436.78,Cash on Delivery
ORD105639,2025-10-22,CUST-01222,Consumer,East,Kolkata,Electronics,Bluetooth Earbuds,1,3090,0.15,2626.5,1865.65,760.85,Debit Card
ORD105640,2025-10-22,CUST-00754,Consumer,North,Chandigarh,Electronics,Smartwatch,1,9910,0.2,7928.0,5521.88,2406.12,UPI
ORD105641,2025-10-22,CUST-00526,Consumer,West,Nagpur,Office,Stationery Kit,2,710,0.15,1207.0,531.36,675.64,UPI
ORD105642,2025-10-22,CUST-01671,Small Business,North,Lucknow,Office,Desk Lamp,2,1310,0.15,2227.0,1266.44,960.56,Net Banking
ORD105643,2025-10-22,CUST-02307,Consumer,South,Coimbatore,Electronics,Laptop,1,57260,0.15,48671.0,51321.66,-2650.66,Cash on Delivery
ORD105644,2025-10-22,CUST-01544,Consumer,North,Dehradun,Electronics,Tablet,2,29080,0.2,46528.0,45727.28,800.72,UPI
ORD105645,2025-10-23,CUST-02614,Consumer,West,Nagpur,Office,Whiteboard,4,3310,0.15,11254.0,6659.74,4594.26,Net Banking
ORD105646,2025-10-23,CUST-02902,Consumer,North,Jaipur,Electronics,Bluetooth Earbuds,1,6130,0.2,4904.0,3381.88,1522.12,UPI
ORD105647,2025-10-23,CUST-02567,Consumer,West,Mumbai,Office,Printer,3,9910,0.15,25270.5,23389.48,1881.02,Cash on Delivery
ORD105648,2025-10-23,CUST-03036,Consumer,North,Delhi,Office,Laptop Bag,1,1730,0.15,1470.5,733.52,736.98,Debit Card
ORD105649,2025-10-23,CUST-02934,Consumer,North,Dehradun,Electronics,Smartphone,1,12690,0.2,10152.0,10474.86,-322.86,Credit Card
ORD105650,2025-10-23,CUST-02651,Consumer,Central,Gwalior,Office,Office Chair,2,8010,0.15,13617.0,9967.75,3649.25,UPI
ORD105651,2025-10-23,CUST-00950,Consumer,West,Pune,Home & Kitchen,Water Purifier,5,6120,0.2,24480.0,18337.13,6142.87,Net Banking
ORD105652,2025-10-23,CUST-00547,Consumer,South,Coimbatore,Home & Kitchen,Water Purifier,3,8080,0.15,20604.0,14328.8,6275.2,UPI
ORD105653,2025-10-23,CUST-02331,Consumer,West,Ahmedabad,Electronics,Smartphone,1,25670,0.15,21819.5,20443.15,1376.35,UPI
ORD105654,2025-10-23,CUST-02684,Consumer,North,Delhi,Home & Kitchen,Air Fryer,2,8570,0.2,13712.0,11140.46,2571.54,Debit Card
ORD105655,2025-10-23,CUST-02618,Consumer,South,Chennai,Fashion,Winter Jacket,3,3050,0.2,7320.0,4035.6,3284.4,UPI
ORD105656,2025-10-23,CUST-02070,Consumer,West,Surat,Fashion,Denim Jeans,2,1370,0.2,2192.0,1289.65,902.35,UPI
ORD105657,2025-10-23,CUST-02641,Consumer,West,Nagpur,Fashion,Handbag,2,3010,0.2,4816.0,1907.8,2908.2,Cash on Delivery
ORD105658,2025-10-23,CUST-02276,Small Business,East,Kolkata,Electronics,Tablet,1,28470,0.15,24199.5,21542.42,2657.08,Net Banking
ORD105659,2025-10-23,CUST-02135,Corporate,East,Patna,Office,Desk Lamp,4,1330,0.15,4522.0,2467.43,2054.57,Credit Card
ORD105660,2025-10-23,CUST-00145,Consumer,Central,Gwalior,Office,Printer,3,19980,0.15,50949.0,41436.83,9512.17,Credit Card
ORD105661,2025-10-23,CUST-01447,Consumer,North,Jaipur,Fashion,Formal Shirt,4,690,0.2,2208.0,1016.83,1191.17,UPI
ORD105662,2025-10-23,CUST-00107,Consumer,West,Mumbai,Electronics,LED Television,1,53890,0.15,45806.5,40741.74,5064.76,Net Banking
ORD105663,2025-10-23,CUST-00321,Small Business,North,Dehradun,Electronics,Bluetooth Speaker,2,2030,0.2,3248.0,2167.71,1080.29,Debit Card
ORD105664,2025-10-23,CUST-01697,Consumer,East,Ranchi,Home & Kitchen,Mixer Grinder,2,1800,0.2,2880.0,2339.29,540.71,Credit Card
ORD105665,2025-10-23,CUST-00147,Corporate,South,Coimbatore,Home & Kitchen,Pressure Cooker,5,2830,0.15,12027.5,7105.45,4922.05,UPI
ORD105666,2025-10-23,CUST-02891,Consumer,West,Surat,Fashion,Running Shoes,1,2470,0.2,1976.0,1334.72,641.28,Net Banking
ORD105667,2025-10-23,CUST-01415,Consumer,East,Guwahati,Electronics,Smartwatch,1,2020,0.15,1717.0,1160.62,556.38,UPI
ORD105668,2025-10-23,CUST-02250,Consumer,North,Lucknow,Office,Stationery Kit,2,1020,0.15,1734.0,921.78,812.22,Not Specified
ORD105669,2025-10-23,CUST-00474,Consumer,West,Mumbai,Fashion,Wrist Watch,2,970,0.2,1552.0,910.83,641.17,UPI
ORD105670,2025-10-23,CUST-02691,Consumer,South,Chennai,Office,Study Table,2,8240,0.15,14008.0,9276.66,4731.34,UPI
ORD105671,2025-10-23,CUST-01512,Small Business,North,Chandigarh,Electronics,Smartwatch,1,9740,0.2,7792.0,6574.61,1217.39,UPI
ORD105672,2025-10-23,CUST-01768,Consumer,West,Ahmedabad,Office,Desk Lamp,2,900,0.15,1530.0,919.53,610.47,Not Specified
ORD105673,2025-10-24,CUST-02086,Consumer,Central,Indore,Fashion,Winter Jacket,2,4030,0.2,6448.0,3968.32,2479.68,Cash on Delivery
ORD105674,2025-10-24,CUST-01694,Consumer,East,Kolkata,Electronics,Power Bank,2,880,0.15,1496.0,1052.89,443.11,Credit Card
ORD105675,2025-10-24,CUST-01780,Consumer,North,Lucknow,Fashion,Winter Jacket,4,4990,0.2,15968.0,10838.78,5129.22,Cash on Delivery
ORD105676,2025-10-24,CUST-02390,Small Business,Central,Bhopal,Home & Kitchen,Microwave Oven,1,12770,0.15,10854.5,9356.0,1498.5,UPI
ORD105677,2025-10-24,CUST-02565,Consumer,West,Pune,Electronics,Laptop,3,38910,0.15,99220.5,101762.64,-2542.14,Debit Card
ORD105678,2025-10-24,CUST-00953,Consumer,East,Kolkata,Electronics,Tablet,3,9880,0.15,25194.0,21992.84,3201.16,Cash on Delivery
ORD105679,2025-10-24,CUST-02913,Consumer,North,Delhi,Office,Study Table,1,8040,0.15,6834.0,4542.44,2291.56,Credit Card
ORD105680,2025-10-24,CUST-01087,Small Business,West,Pune,Office,Stationery Kit,2,310,0.15,527.0,269.96,257.04,Cash on Delivery
ORD105681,2025-10-24,CUST-00911,Consumer,West,Mumbai,Home & Kitchen,Mixer Grinder,4,4390,0.2,14048.0,10958.79,3089.21,UPI
ORD105682,2025-10-24,CUST-00966,Consumer,South,Coimbatore,Fashion,Denim Jeans,2,1410,0.2,2256.0,1041.26,1214.74,Net Banking
ORD105683,2025-10-24,CUST-01104,Consumer,North,Dehradun,Electronics,LED Television,2,40880,0.2,65408.0,64571.31,836.69,Debit Card
ORD105684,2025-10-24,CUST-00979,Consumer,North,Delhi,Office,Study Table,1,10290,0.15,8746.5,5704.9,3041.6,Debit Card
ORD105685,2025-10-24,CUST-02678,Consumer,East,Kolkata,Fashion,Men's T-Shirt,2,590,0.2,944.0,482.19,461.81,Net Banking
ORD105686,2025-10-24,CUST-01773,Small Business,South,Coimbatore,Home & Kitchen,Air Fryer,1,11010,0.15,9358.5,6232.67,3125.83,EMI
ORD105687,2025-10-24,CUST-03077,Consumer,West,Mumbai,Office,Desk Lamp,4,1840,0.15,6256.0,3873.87,2382.13,UPI
ORD105688,2025-10-24,CUST-00292,Consumer,South,Chennai,Office,Whiteboard,4,1020,0.15,3468.0,1986.05,1481.95,UPI
ORD105689,2025-10-24,CUST-01956,Small Business,South,Bengaluru,Electronics,LED Television,2,40560,0.15,68952.0,64308.78,4643.22,Credit Card
ORD105690,2025-10-24,CUST-00331,Consumer,West,Mumbai,Electronics,LED Television,1,30290,0.15,25746.5,23110.75,2635.75,Net Banking
ORD105691,2025-10-24,CUST-01441,Consumer,South,Chennai,Office,File Organizer,3,580,0.15,1479.0,823.57,655.43,UPI
ORD105692,2025-10-24,CUST-01174,Corporate,East,Patna,Electronics,Laptop,3,39980,0.15,101949.0,105715.63,-3766.63,Credit Card
ORD105693,2025-10-24,CUST-02192,Small Business,North,Lucknow,Fashion,Wrist Watch,2,6160,0.2,9856.0,4985.08,4870.92,UPI
ORD105694,2025-10-24,CUST-02390,Small Business,Central,Bhopal,Office,Desk Lamp,1,590,0.15,501.5,242.78,258.72,UPI
ORD105695,2025-10-24,CUST-00782,Small Business,Central,Bhopal,Fashion,Winter Jacket,2,2350,0.2,3760.0,2373.24,1386.76,Credit Card
ORD105696,2025-10-24,CUST-00619,Corporate,South,Kochi,Electronics,Tablet,1,14330,0.15,12180.5,10369.19,1811.31,UPI
ORD105697,2025-10-24,CUST-01306,Consumer,South,Kochi,Home & Kitchen,Washing Machine,5,29610,0.15,125842.5,93987.21,31855.29,Cash on Delivery
ORD105698,2025-10-24,CUST-00786,Corporate,West,Ahmedabad,Electronics,Power Bank,2,1290,0.15,2193.0,1190.03,1002.97,Cash on Delivery
ORD105699,2025-10-24,CUST-02185,Consumer,North,Chandigarh,Electronics,Smartwatch,1,3530,0.2,2824.0,2367.02,456.98,Debit Card
ORD105700,2025-10-24,CUST-01620,Corporate,South,Chennai,Fashion,Formal Shirt,1,700,0.2,560.0,264.26,295.74,Debit Card
ORD105701,2025-10-25,CUST-02630,Consumer,North,Jaipur,Home & Kitchen,Pressure Cooker,1,2850,0.2,2280.0,1626.94,653.06,UPI
ORD105702,2025-10-25,CUST-03135,Corporate,South,Chennai,Home & Kitchen,Mixer Grinder,2,4570,0.15,7769.0,5711.94,2057.06,Credit Card
ORD105703,2025-10-25,CUST-01165,Consumer,North,Dehradun,Fashion,Formal Shirt,1,1950,0.2,1560.0,663.75,896.25,Debit Card
ORD105704,2025-10-25,CUST-02885,Corporate,South,Coimbatore,Fashion,Winter Jacket,2,4990,0.2,7984.0,4048.04,3935.96,Credit Card
ORD105705,2025-10-25,CUST-02490,Consumer,West,Pune,Fashion,Women's Kurti,3,2350,0.2,5640.0,2590.01,3049.99,Net Banking
ORD105706,2025-10-25,CUST-00476,Corporate,West,Pune,Electronics,Smartphone,3,48790,0.15,124414.5,118092.37,6322.13,Debit Card
ORD105707,2025-10-25,CUST-02661,Corporate,North,Jaipur,Fashion,Wrist Watch,3,1030,0.2,2472.0,1451.36,1020.64,UPI
ORD105708,2025-10-25,CUST-01529,Consumer,East,Bhubaneswar,Fashion,Women's Kurti,1,590,0.2,472.0,245.36,226.64,Cash on Delivery
ORD105709,2025-10-25,CUST-02280,Consumer,East,Kolkata,Electronics,Bluetooth Earbuds,3,3070,0.15,7828.5,5939.49,1889.01,Debit Card
ORD105710,2025-10-25,CUST-02257,Corporate,South,Bengaluru,Home & Kitchen,Refrigerator,3,36020,0.15,91851.0,68189.3,23661.7,Net Banking
ORD105711,2025-10-25,CUST-02820,Consumer,South,Chennai,Fashion,Formal Shirt,1,1370,0.2,1096.0,519.36,576.64,UPI
ORD105712,2025-10-25,CUST-02448,Consumer,East,Patna,Electronics,Tablet,2,10070,0.15,17119.0,16551.68,567.32,Cash on Delivery
ORD105713,2025-10-25,CUST-02623,Consumer,South,Hyderabad,Home & Kitchen,Washing Machine,2,59270,0.15,100759.0,72209.53,28549.47,EMI
ORD105714,2025-10-25,CUST-00987,Consumer,North,Dehradun,Electronics,Laptop,2,39000,0.2,62400.0,62717.48,-317.48,UPI
ORD105715,2025-10-25,CUST-03097,Small Business,South,Kochi,Electronics,Bluetooth Speaker,3,3980,0.15,10149.0,7662.0,2487.0,EMI
ORD105716,2025-10-25,CUST-02123,Consumer,North,Delhi,Home & Kitchen,Microwave Oven,3,6170,0.2,14808.0,12593.96,2214.04,Debit Card
ORD105717,2025-10-25,CUST-02477,Consumer,East,Patna,Home & Kitchen,Air Fryer,5,11310,0.2,45240.0,34610.94,10629.06,UPI
ORD105718,2025-10-25,CUST-02729,Consumer,North,Dehradun,Office,Office Chair,3,4510,0.15,11500.5,7492.1,4008.4,Credit Card
ORD105719,2025-10-25,CUST-00394,Consumer,South,Coimbatore,Home & Kitchen,Washing Machine,5,38950,0.15,165537.5,132053.52,33483.98,UPI
ORD105720,2025-10-25,CUST-01026,Consumer,South,Kochi,Fashion,Winter Jacket,5,2290,0.2,9160.0,5351.99,3808.01,UPI
ORD105721,2025-10-25,CUST-02661,Corporate,North,Jaipur,Home & Kitchen,Microwave Oven,2,15720,0.2,25152.0,22625.66,2526.34,UPI
ORD105722,2025-10-25,CUST-02912,Corporate,North,Lucknow,Home & Kitchen,Washing Machine,2,48410,0.2,77456.0,66481.06,10974.94,Not Specified
ORD105723,2025-10-25,CUST-02430,Small Business,West,Mumbai,Office,Laptop Bag,4,2950,0.15,10030.0,5686.02,4343.98,UPI
ORD105724,2025-10-25,CUST-01531,Consumer,North,Lucknow,Electronics,LED Television,1,29670,0.2,23736.0,24155.09,-419.09,Credit Card
ORD105725,2025-10-25,CUST-00818,Small Business,Central,Jabalpur,Office,Stationery Kit,4,710,0.15,2414.0,1143.42,1270.58,UPI
ORD105726,2025-10-25,CUST-01641,Consumer,South,Hyderabad,Electronics,Power Bank,3,1330,0.15,3391.5,2044.3,1347.2,Credit Card
ORD105727,2025-10-25,CUST-01224,Consumer,West,Surat,Home & Kitchen,Air Fryer,5,3910,0.2,15640.0,13157.99,2482.01,Credit Card
ORD105728,2025-10-25,CUST-02820,Consumer,South,Chennai,Electronics,Bluetooth Speaker,1,3010,0.15,2558.5,1548.8,1009.7,Debit Card
ORD105729,2025-10-25,CUST-01794,Small Business,West,Surat,Home & Kitchen,Washing Machine,3,37660,0.2,90384.0,77208.08,13175.92,Cash on Delivery
ORD105730,2025-10-25,CUST-01207,Consumer,North,Chandigarh,Office,Office Chair,2,5850,0.15,9945.0,6156.07,3788.93,Net Banking
ORD105731,2025-10-25,CUST-01581,Small Business,South,Chennai,Electronics,Tablet,1,14260,0.15,12121.0,10653.73,1467.27,UPI
ORD105732,2025-10-25,CUST-02949,Consumer,South,Bengaluru,Office,Printer,1,4970,0.15,4224.5,3464.88,759.62,UPI
ORD105733,2025-10-25,CUST-01953,Consumer,West,Nagpur,Electronics,Smartwatch,1,10270,0.15,8729.5,6765.27,1964.23,Debit Card
ORD105734,2025-10-25,CUST-00752,Consumer,North,Lucknow,Home & Kitchen,Ceiling Fan,2,2800,0.2,4480.0,3522.43,957.57,Debit Card
ORD105735,2025-10-26,CUST-01585,Corporate,South,Hyderabad,Electronics,Bluetooth Speaker,2,5950,0.15,10115.0,7331.19,2783.81,Cash on Delivery
ORD105736,2025-10-26,CUST-01465,Small Business,West,Nagpur,Electronics,Laptop,2,50190,0.15,85323.0,87775.34,-2452.34,UPI
ORD105737,2025-10-26,CUST-00959,Consumer,Central,Gwalior,Fashion,Women's Kurti,5,2320,0.2,9280.0,4385.55,4894.45,Debit Card
ORD105738,2025-10-26,CUST-02367,Corporate,North,Chandigarh,Electronics,Bluetooth Speaker,1,1310,0.2,1048.0,792.47,255.53,Credit Card
ORD105739,2025-10-26,CUST-00891,Consumer,West,Ahmedabad,Electronics,Power Bank,1,1780,0.15,1513.0,1058.18,454.82,Credit Card
ORD105740,2025-10-26,CUST-01560,Consumer,West,Pune,Home & Kitchen,Air Fryer,1,3990,0.2,3192.0,2764.72,427.28,UPI
ORD105741,2025-10-26,CUST-01381,Consumer,North,Dehradun,Electronics,Laptop,1,38950,0.2,31160.0,32388.43,-1228.43,EMI
ORD105742,2025-10-26,CUST-01469,Consumer,South,Coimbatore,Office,Stationery Kit,1,710,0.15,603.5,343.39,260.11,UPI
ORD105743,2025-10-26,CUST-01792,Small Business,East,Bhubaneswar,Fashion,Formal Shirt,1,1440,0.2,1152.0,538.72,613.28,UPI
ORD105744,2025-10-26,CUST-02196,Corporate,South,Coimbatore,Electronics,Tablet,1,18000,0.15,15300.0,14853.42,446.58,Debit Card
ORD105745,2025-10-26,CUST-00459,Small Business,South,Chennai,Fashion,Handbag,3,1440,0.2,3456.0,1643.65,1812.35,UPI
ORD105746,2025-10-26,CUST-00950,Consumer,West,Pune,Home & Kitchen,Ceiling Fan,2,2870,0.2,4592.0,3537.32,1054.68,Debit Card
ORD105747,2025-10-26,CUST-02474,Consumer,North,Jaipur,Home & Kitchen,Mixer Grinder,1,3380,0.2,2704.0,1937.04,766.96,UPI
ORD105748,2025-10-26,CUST-02873,Corporate,West,Nagpur,Home & Kitchen,Pressure Cooker,3,980,0.2,2352.0,1696.87,655.13,EMI
ORD105749,2025-10-26,CUST-00138,Corporate,North,Dehradun,Electronics,Bluetooth Speaker,1,5920,0.2,4736.0,2994.11,1741.89,Credit Card
ORD105750,2025-10-26,CUST-00248,Consumer,West,Surat,Office,Office Chair,1,8110,0.15,6893.5,4094.22,2799.28,UPI
ORD105751,2025-10-26,CUST-02950,Consumer,East,Ranchi,Home & Kitchen,Ceiling Fan,1,2790,0.2,2232.0,1780.26,451.74,UPI
ORD105752,2025-10-26,CUST-00474,Consumer,West,Mumbai,Fashion,Wrist Watch,2,3980,0.2,6368.0,3104.02,3263.98,Net Banking
ORD105753,2025-10-26,CUST-03129,Consumer,North,Chandigarh,Home & Kitchen,Pressure Cooker,5,2030,0.2,8120.0,5805.04,2314.96,Debit Card
ORD105754,2025-10-26,CUST-02633,Corporate,East,Ranchi,Fashion,Wrist Watch,3,2520,0.2,6048.0,4088.86,1959.14,Credit Card
ORD105755,2025-10-26,CUST-00384,Consumer,South,Kochi,Electronics,LED Television,1,53500,0.15,45475.0,44956.73,518.27,UPI
ORD105756,2025-10-26,CUST-00341,Small Business,West,Surat,Office,Stationery Kit,3,510,0.15,1300.5,732.9,567.6,Debit Card
ORD105757,2025-10-26,CUST-03120,Consumer,South,Chennai,Electronics,Smartwatch,2,3450,0.15,5865.0,4001.89,1863.11,UPI
ORD105758,2025-10-27,CUST-00831,Consumer,South,Coimbatore,Electronics,Tablet,1,18150,0.15,15427.5,14175.01,1252.49,Net Banking
ORD105759,2025-10-27,CUST-01691,Consumer,East,Guwahati,Fashion,Winter Jacket,3,4970,0.2,11928.0,7885.43,4042.57,UPI
ORD105760,2025-10-27,CUST-00776,Consumer,West,Ahmedabad,Electronics,Tablet,1,22720,0.15,19312.0,16998.5,2313.5,UPI
ORD105761,2025-10-27,CUST-01905,Small Business,South,Coimbatore,Electronics,Smartphone,1,25680,0.15,21828.0,22105.33,-277.33,UPI
ORD105762,2025-10-27,CUST-02665,Consumer,South,Kochi,Electronics,Smartphone,1,50510,0.15,42933.5,42370.26,563.24,UPI
ORD105763,2025-10-27,CUST-02103,Consumer,East,Ranchi,Electronics,Tablet,1,17940,0.15,15249.0,15180.83,68.17,UPI
ORD105764,2025-10-27,CUST-00145,Consumer,Central,Gwalior,Electronics,Bluetooth Earbuds,1,6130,0.15,5210.5,3666.96,1543.54,Debit Card
ORD105765,2025-10-27,CUST-01886,Consumer,Central,Indore,Electronics,Bluetooth Earbuds,3,5920,0.15,15096.0,9927.63,5168.37,Credit Card
ORD105766,2025-10-27,CUST-02118,Corporate,North,Jaipur,Home & Kitchen,Washing Machine,4,59440,0.2,190208.0,166277.65,23930.35,UPI
ORD105767,2025-10-27,CUST-00648,Consumer,Central,Bhopal,Electronics,Smartphone,1,24330,0.15,20680.5,19867.59,812.91,Net Banking
ORD105768,2025-10-27,CUST-02448,Consumer,East,Patna,Electronics,LED Television,1,29510,0.15,25083.5,23585.45,1498.05,Not Specified
ORD105769,2025-10-27,CUST-02001,Corporate,West,Ahmedabad,Office,Stationery Kit,2,310,0.15,527.0,308.58,218.42,UPI
ORD105770,2025-10-27,CUST-00035,Consumer,West,Surat,Office,Stationery Kit,2,700,0.15,1190.0,578.28,611.72,Credit Card
ORD105771,2025-10-27,CUST-03017,Corporate,Central,Jabalpur,Fashion,Wrist Watch,4,4100,0.2,13120.0,6236.15,6883.85,Debit Card
ORD105772,2025-10-27,CUST-01397,Small Business,North,Dehradun,Electronics,Power Bank,2,2950,0.2,4720.0,3314.88,1405.12,Debit Card
ORD105773,2025-10-27,CUST-00761,Small Business,North,Dehradun,Fashion,Men's T-Shirt,3,2440,0.2,5856.0,2382.79,3473.21,UPI
ORD105774,2025-10-27,CUST-00294,Consumer,South,Bengaluru,Fashion,Formal Shirt,2,1410,0.2,2256.0,1200.85,1055.15,UPI
ORD105775,2025-10-27,CUST-01150,Consumer,West,Ahmedabad,Fashion,Formal Shirt,3,1380,0.2,3312.0,1948.49,1363.51,EMI
ORD105776,2025-10-27,CUST-00955,Consumer,East,Kolkata,Fashion,Wrist Watch,1,1670,0.2,1336.0,904.32,431.68,UPI
ORD105777,2025-10-27,CUST-00950,Consumer,West,Pune,Fashion,Formal Shirt,3,700,0.2,1680.0,894.62,785.38,Net Banking
ORD105778,2025-10-27,CUST-02528,Consumer,South,Hyderabad,Home & Kitchen,Air Fryer,3,6330,0.15,16141.5,12132.36,4009.14,UPI
ORD105779,2025-10-27,CUST-02074,Consumer,North,Lucknow,Office,File Organizer,3,600,0.15,1530.0,891.57,638.43,Debit Card
ORD105780,2025-10-27,CUST-00421,Consumer,North,Delhi,Office,Desk Lamp,2,1320,0.15,2244.0,1221.98,1022.02,Debit Card
ORD105781,2025-10-27,CUST-02280,Consumer,East,Kolkata,Office,Study Table,4,12670,0.15,43078.0,30773.99,12304.01,UPI
ORD105782,2025-10-27,CUST-02323,Small Business,North,Dehradun,Home & Kitchen,Pressure Cooker,2,1510,0.2,2416.0,1826.03,589.97,Not Specified
ORD105783,2025-10-27,CUST-01614,Consumer,North,Lucknow,Electronics,LED Television,2,75630,0.2,121008.0,118955.68,2052.32,UPI
ORD105784,2025-10-27,CUST-03193,Small Business,South,Bengaluru,Office,Office Chair,3,4400,0.15,11220.0,7210.59,4009.41,Credit Card
ORD105785,2025-10-27,CUST-00945,Consumer,East,Ranchi,Electronics,LED Television,1,74590,0.15,63401.5,60134.61,3266.89,UPI
ORD105786,2025-10-27,CUST-00184,Corporate,East,Ranchi,Fashion,Running Shoes,5,3540,0.2,14160.0,8361.3,5798.7,Credit Card
ORD105787,2025-10-27,CUST-00098,Consumer,South,Kochi,Electronics,Bluetooth Earbuds,1,3030,0.15,2575.5,2096.2,479.3,UPI
ORD105788,2025-10-28,CUST-00986,Consumer,North,Chandigarh,Fashion,Denim Jeans,3,2990,0.2,7176.0,4057.34,3118.66,Cash on Delivery
ORD105789,2025-10-28,CUST-01581,Small Business,South,Chennai,Home & Kitchen,Microwave Oven,1,8120,0.15,6902.0,5169.36,1732.64,Net Banking
ORD105790,2025-10-28,CUST-00266,Consumer,West,Nagpur,Fashion,Men's T-Shirt,1,1650,0.2,1320.0,521.38,798.62,Credit Card
ORD105791,2025-10-28,CUST-01786,Consumer,Central,Raipur,Electronics,Smartphone,1,18410,0.15,15648.5,15743.59,-95.09,Debit Card
ORD105792,2025-10-28,CUST-02859,Corporate,North,Delhi,Home & Kitchen,Mixer Grinder,3,2530,0.2,6072.0,4262.16,1809.84,Debit Card
ORD105793,2025-10-28,CUST-02533,Consumer,South,Bengaluru,Office,Stationery Kit,1,290,0.15,246.5,134.16,112.34,UPI
ORD105794,2025-10-28,CUST-02163,Consumer,North,Jaipur,Fashion,Running Shoes,3,1270,0.2,3048.0,2072.25,975.75,Debit Card
ORD105795,2025-10-28,CUST-02124,Consumer,West,Nagpur,Office,File Organizer,1,1170,0.15,994.5,470.41,524.09,UPI
ORD105796,2025-10-28,CUST-02340,Corporate,West,Nagpur,Home & Kitchen,Ceiling Fan,3,3930,0.2,9432.0,7307.82,2124.18,UPI
ORD105797,2025-10-28,CUST-01569,Consumer,West,Nagpur,Fashion,Winter Jacket,3,5070,0.2,12168.0,7715.67,4452.33,Debit Card
ORD105798,2025-10-28,CUST-01241,Small Business,Central,Indore,Home & Kitchen,Microwave Oven,2,12790,0.15,21743.0,16563.89,5179.11,Debit Card
ORD105799,2025-10-28,CUST-00955,Consumer,East,Kolkata,Home & Kitchen,Microwave Oven,1,5980,0.2,4784.0,3730.83,1053.17,UPI
ORD105800,2025-10-28,CUST-00340,Small Business,West,Pune,Home & Kitchen,Air Fryer,1,10870,0.2,8696.0,6834.28,1861.72,Net Banking
ORD105801,2025-10-28,CUST-01776,Consumer,South,Coimbatore,Home & Kitchen,Water Purifier,3,7960,0.15,20298.0,15226.2,5071.8,Debit Card
ORD105802,2025-10-28,CUST-01490,Small Business,South,Hyderabad,Office,Whiteboard,2,2250,0.15,3825.0,2469.23,1355.77,Debit Card
ORD105803,2025-10-28,CUST-00384,Consumer,South,Kochi,Electronics,Smartwatch,2,5080,0.15,8636.0,6612.58,2023.42,Debit Card
ORD105804,2025-10-28,CUST-00891,Consumer,West,Ahmedabad,Home & Kitchen,Mixer Grinder,1,5870,0.2,4696.0,3983.07,712.93,UPI
ORD105805,2025-10-28,CUST-02513,Consumer,East,Guwahati,Office,Printer,2,13900,0.15,23630.0,21330.4,2299.6,Net Banking
ORD105806,2025-10-28,CUST-00835,Consumer,West,Ahmedabad,Electronics,Bluetooth Speaker,3,1320,0.15,3366.0,2051.5,1314.5,UPI
ORD105807,2025-10-28,CUST-01325,Consumer,Central,Gwalior,Home & Kitchen,Ceiling Fan,3,4060,0.15,10353.0,8081.64,2271.36,Debit Card
ORD105808,2025-10-28,CUST-00516,Consumer,South,Chennai,Home & Kitchen,Microwave Oven,3,10040,0.15,25602.0,18856.72,6745.28,Credit Card
ORD105809,2025-10-28,CUST-00542,Small Business,South,Coimbatore,Electronics,Bluetooth Speaker,2,4060,0.15,6902.0,4383.16,2518.84,Net Banking
ORD105810,2025-10-28,CUST-02431,Consumer,South,Kochi,Home & Kitchen,Pressure Cooker,5,3570,0.15,15172.5,9225.89,5946.61,EMI
ORD105811,2025-10-28,CUST-00222,Consumer,Central,Bhopal,Home & Kitchen,Water Purifier,4,8120,0.15,27608.0,22027.62,5580.38,Debit Card
ORD105812,2025-10-28,CUST-00950,Consumer,West,Pune,Electronics,Smartphone,1,24620,0.15,20927.0,19882.03,1044.97,Debit Card
ORD105813,2025-10-28,CUST-03134,Consumer,North,Chandigarh,Home & Kitchen,Mixer Grinder,5,2560,0.2,10240.0,7073.62,3166.38,Net Banking
ORD105814,2025-10-28,CUST-01501,Consumer,West,Surat,Office,Printer,1,13680,0.15,11628.0,10126.69,1501.31,Debit Card
ORD105815,2025-10-28,CUST-01929,Corporate,North,Jaipur,Electronics,Bluetooth Speaker,3,1330,0.2,3192.0,2483.32,708.68,UPI
ORD105816,2025-10-29,CUST-02055,Consumer,South,Hyderabad,Electronics,Laptop,1,86900,0.15,73865.0,76297.27,-2432.27,UPI
ORD105817,2025-10-29,CUST-00628,Consumer,South,Bengaluru,Fashion,Wrist Watch,1,1690,0.2,1352.0,646.11,705.89,Credit Card
ORD105818,2025-10-29,CUST-01142,Corporate,South,Hyderabad,Home & Kitchen,Ceiling Fan,2,3900,0.15,6630.0,4482.33,2147.67,EMI
ORD105819,2025-10-29,CUST-01238,Consumer,Central,Gwalior,Fashion,Winter Jacket,1,5090,0.2,4072.0,1975.05,2096.95,Debit Card
ORD105820,2025-10-29,CUST-00754,Consumer,North,Chandigarh,Home & Kitchen,Refrigerator,3,35380,0.2,84912.0,66777.02,18134.98,Debit Card
ORD105821,2025-10-29,CUST-00767,Corporate,West,Nagpur,Office,Stationery Kit,2,290,0.15,493.0,225.3,267.7,Debit Card
ORD105822,2025-10-29,CUST-01938,Consumer,South,Hyderabad,Office,Office Chair,2,15250,0.15,25925.0,18040.85,7884.15,Credit Card
ORD105823,2025-10-29,CUST-00361,Consumer,South,Hyderabad,Electronics,Bluetooth Earbuds,1,2000,0.15,1700.0,1354.28,345.72,Net Banking
ORD105824,2025-10-29,CUST-00405,Consumer,North,Chandigarh,Fashion,Denim Jeans,3,1930,0.2,4632.0,2339.09,2292.91,Cash on Delivery
ORD105825,2025-10-29,CUST-01818,Consumer,South,Bengaluru,Home & Kitchen,Mixer Grinder,5,1840,0.15,7820.0,5971.91,1848.09,UPI
ORD105826,2025-10-29,CUST-01408,Corporate,North,Chandigarh,Fashion,Formal Shirt,3,990,0.2,2376.0,1134.56,1241.44,UPI
ORD105827,2025-10-29,CUST-01951,Corporate,North,Chandigarh,Fashion,Wrist Watch,4,2500,0.2,8000.0,3525.29,4474.71,Debit Card
ORD105828,2025-10-29,CUST-00090,Consumer,Central,Raipur,Electronics,Bluetooth Earbuds,3,1280,0.15,3264.0,2140.83,1123.17,UPI
ORD105829,2025-10-29,CUST-02267,Small Business,North,Dehradun,Electronics,Power Bank,2,2260,0.2,3616.0,2426.8,1189.2,UPI
ORD105830,2025-10-29,CUST-02702,Consumer,Central,Indore,Home & Kitchen,Refrigerator,1,27930,0.15,23740.5,19703.77,4036.73,UPI
ORD105831,2025-10-29,CUST-01641,Consumer,South,Hyderabad,Electronics,Bluetooth Earbuds,2,2060,0.15,3502.0,2779.47,722.53,EMI
ORD105832,2025-10-29,CUST-02667,Consumer,North,Chandigarh,Fashion,Men's T-Shirt,3,1220,0.2,2928.0,1159.98,1768.02,UPI
ORD105833,2025-10-29,CUST-01231,Consumer,Central,Jabalpur,Office,Printer,3,4940,0.15,12597.0,11466.18,1130.82,Debit Card
ORD105834,2025-10-29,CUST-00271,Consumer,South,Hyderabad,Fashion,Formal Shirt,2,710,0.2,1136.0,516.1,619.9,Credit Card
ORD105835,2025-10-29,CUST-01163,Consumer,North,Lucknow,Electronics,Bluetooth Earbuds,2,5920,0.2,9472.0,7944.79,1527.21,Credit Card
ORD105836,2025-10-29,CUST-01398,Consumer,North,Delhi,Fashion,Handbag,2,870,0.2,1392.0,630.96,761.04,UPI
ORD105837,2025-10-29,CUST-02750,Consumer,South,Hyderabad,Fashion,Women's Kurti,3,2340,0.2,5616.0,2755.32,2860.68,Credit Card
ORD105838,2025-10-29,CUST-01026,Consumer,South,Kochi,Office,Whiteboard,3,1480,0.15,3774.0,2104.53,1669.47,Debit Card
ORD105839,2025-10-29,CUST-00970,Small Business,West,Mumbai,Electronics,Smartphone,1,48580,0.15,41293.0,39729.13,1563.87,Debit Card
ORD105840,2025-10-29,CUST-02824,Consumer,North,Dehradun,Electronics,LED Television,1,16320,0.2,13056.0,13860.09,-804.09,UPI
ORD105841,2025-10-29,CUST-00817,Corporate,South,Kochi,Home & Kitchen,Ceiling Fan,2,1700,0.15,2890.0,2200.05,689.95,UPI
ORD105842,2025-10-29,CUST-02066,Corporate,South,Coimbatore,Fashion,Women's Kurti,1,880,0.2,704.0,304.93,399.07,Credit Card
ORD105843,2025-10-29,CUST-00997,Consumer,Central,Bhopal,Home & Kitchen,Ceiling Fan,3,3910,0.15,9970.5,6470.11,3500.39,Credit Card
ORD105844,2025-10-29,CUST-03021,Consumer,East,Bhubaneswar,Office,File Organizer,1,1200,0.15,1020.0,536.31,483.69,Cash on Delivery
ORD105845,2025-10-29,CUST-00606,Small Business,North,Delhi,Fashion,Formal Shirt,4,1840,0.2,5888.0,3389.74,2498.26,Credit Card
ORD105846,2025-10-29,CUST-02324,Corporate,West,Surat,Fashion,Denim Jeans,3,1370,0.2,3288.0,2005.71,1282.29,Credit Card
ORD105847,2025-10-29,CUST-01741,Corporate,West,Nagpur,Fashion,Running Shoes,1,3410,0.2,2728.0,1647.28,1080.72,EMI
ORD105848,2025-10-29,CUST-03125,Corporate,West,Nagpur,Fashion,Formal Shirt,2,690,0.2,1104.0,608.01,495.99,Credit Card
ORD105849,2025-10-29,CUST-03187,Small Business,East,Guwahati,Office,Stationery Kit,2,290,0.15,493.0,212.94,280.06,Credit Card
ORD105850,2025-10-29,CUST-02531,Consumer,West,Nagpur,Home & Kitchen,Microwave Oven,2,10180,0.2,16288.0,13493.75,2794.25,UPI
ORD105851,2025-10-29,CUST-00346,Consumer,North,Chandigarh,Fashion,Men's T-Shirt,3,610,0.2,1464.0,675.31,788.69,Credit Card
ORD105852,2025-10-29,CUST-01481,Consumer,East,Kolkata,Home & Kitchen,Microwave Oven,1,12740,0.2,10192.0,8792.58,1399.42,Credit Card
ORD105853,2025-10-29,CUST-02718,Corporate,North,Lucknow,Office,File Organizer,3,410,0.15,1045.5,582.03,463.47,Debit Card
ORD105854,2025-10-29,CUST-02045,Corporate,West,Ahmedabad,Electronics,Power Bank,1,1320,0.15,1122.0,783.57,338.43,UPI
ORD105855,2025-10-29,CUST-02797,Small Business,West,Mumbai,Fashion,Women's Kurti,1,910,0.2,728.0,374.04,353.96,Credit Card
ORD105856,2025-10-29,CUST-02542,Consumer,South,Coimbatore,Electronics,Laptop,1,48560,0.15,41276.0,39740.03,1535.97,Cash on Delivery
ORD105857,2025-10-30,CUST-00969,Corporate,West,Mumbai,Fashion,Women's Kurti,1,1270,0.2,1016.0,532.12,483.88,Credit Card
ORD105858,2025-10-30,CUST-00622,Consumer,South,Hyderabad,Electronics,Bluetooth Speaker,1,1260,0.15,1071.0,790.65,280.35,Cash on Delivery
ORD105859,2025-10-30,CUST-00988,Consumer,North,Dehradun,Fashion,Handbag,2,1380,0.2,2208.0,1198.3,1009.7,Net Banking
ORD105860,2025-10-30,CUST-02237,Consumer,South,Kochi,Office,File Organizer,3,1210,0.15,3085.5,1794.4,1291.1,UPI
ORD105861,2025-10-30,CUST-01526,Consumer,West,Mumbai,Electronics,Laptop,2,49040,0.15,83368.0,80860.04,2507.96,Credit Card
ORD105862,2025-10-30,CUST-00136,Small Business,West,Mumbai,Home & Kitchen,Pressure Cooker,1,1500,0.2,1200.0,821.61,378.39,UPI
ORD105863,2025-10-30,CUST-02389,Consumer,South,Chennai,Home & Kitchen,Mixer Grinder,2,2500,0.15,4250.0,3272.96,977.04,UPI
ORD105864,2025-10-30,CUST-00138,Corporate,North,Dehradun,Home & Kitchen,Microwave Oven,2,7990,0.2,12784.0,11826.16,957.84,Cash on Delivery
ORD105865,2025-10-30,CUST-01268,Consumer,West,Mumbai,Office,File Organizer,1,600,0.15,510.0,282.12,227.88,Net Banking
ORD105866,2025-10-30,CUST-01454,Consumer,South,Coimbatore,Fashion,Handbag,1,1400,0.2,1120.0,594.28,525.72,UPI
ORD105867,2025-10-30,CUST-01598,Consumer,South,Hyderabad,Electronics,Tablet,3,22920,0.15,58446.0,56948.5,1497.5,Cash on Delivery
ORD105868,2025-10-30,CUST-00446,Small Business,Central,Raipur,Office,Office Chair,1,8080,0.15,6868.0,4238.93,2629.07,Credit Card
ORD105869,2025-10-30,CUST-02395,Consumer,South,Hyderabad,Fashion,Denim Jeans,2,990,0.2,1584.0,822.57,761.43,Net Banking
ORD105870,2025-10-30,CUST-02700,Corporate,South,Kochi,Office,Office Chair,4,15270,0.15,51918.0,35643.38,16274.62,UPI
ORD105871,2025-10-30,CUST-02242,Consumer,Central,Bhopal,Fashion,Men's T-Shirt,3,1740,0.2,4176.0,1845.4,2330.6,Debit Card
ORD105872,2025-10-30,CUST-03020,Consumer,West,Ahmedabad,Electronics,Smartwatch,1,9840,0.15,8364.0,5892.89,2471.11,UPI
ORD105873,2025-10-30,CUST-00840,Consumer,West,Mumbai,Home & Kitchen,Air Fryer,3,4080,0.2,9792.0,8469.43,1322.57,Credit Card
ORD105874,2025-10-30,CUST-00515,Consumer,Central,Jabalpur,Home & Kitchen,Water Purifier,4,7970,0.15,27098.0,21830.66,5267.34,Credit Card
ORD105875,2025-10-30,CUST-00223,Consumer,West,Mumbai,Home & Kitchen,Water Purifier,4,5890,0.2,18848.0,15168.89,3679.11,Credit Card
ORD105876,2025-10-30,CUST-02314,Consumer,East,Ranchi,Electronics,Laptop,1,60700,0.15,51595.0,49779.46,1815.54,UPI
ORD105877,2025-10-30,CUST-00517,Consumer,South,Chennai,Fashion,Wrist Watch,1,1660,0.2,1328.0,819.79,508.21,Credit Card
ORD105878,2025-10-30,CUST-02968,Consumer,South,Chennai,Home & Kitchen,Washing Machine,3,47750,0.15,121762.5,106779.04,14983.46,UPI
ORD105879,2025-10-30,CUST-01896,Corporate,West,Surat,Electronics,Bluetooth Speaker,2,2010,0.15,3417.0,2608.0,809.0,UPI
ORD105880,2025-10-30,CUST-02557,Consumer,West,Ahmedabad,Home & Kitchen,Mixer Grinder,4,3310,0.2,10592.0,8326.32,2265.68,Credit Card
ORD105881,2025-10-30,CUST-01356,Consumer,South,Hyderabad,Electronics,Laptop,3,31450,0.15,80197.5,78313.45,1884.05,UPI
ORD105882,2025-10-31,CUST-02359,Small Business,East,Patna,Home & Kitchen,Water Purifier,2,8220,0.2,13152.0,11264.3,1887.7,UPI
ORD105883,2025-10-31,CUST-01390,Consumer,South,Hyderabad,Home & Kitchen,Ceiling Fan,5,1750,0.15,7437.5,5552.12,1885.38,EMI
ORD105884,2025-10-31,CUST-01691,Consumer,East,Guwahati,Electronics,Bluetooth Speaker,2,1300,0.15,2210.0,1661.14,548.86,UPI
ORD105885,2025-10-31,CUST-02476,Consumer,North,Chandigarh,Fashion,Running Shoes,2,2530,0.2,4048.0,1924.4,2123.6,Cash on Delivery
ORD105886,2025-10-31,CUST-00782,Small Business,Central,Bhopal,Office,Printer,2,9760,0.15,16592.0,13878.96,2713.04,UPI
ORD105887,2025-10-31,CUST-02814,Consumer,West,Pune,Fashion,Men's T-Shirt,2,1180,0.2,1888.0,1002.94,885.06,Debit Card
ORD105888,2025-10-31,CUST-02300,Small Business,Central,Bhopal,Home & Kitchen,Pressure Cooker,2,2860,0.15,4862.0,2951.28,1910.72,Credit Card
ORD105889,2025-10-31,CUST-02390,Small Business,Central,Bhopal,Fashion,Handbag,2,2050,0.2,3280.0,1416.21,1863.79,Net Banking
ORD105890,2025-10-31,CUST-00782,Small Business,Central,Bhopal,Office,File Organizer,2,600,0.15,1020.0,568.05,451.95,Net Banking
ORD105891,2025-10-31,CUST-00313,Consumer,West,Pune,Office,Study Table,1,13190,0.15,11211.5,7741.83,3469.67,Credit Card
ORD105892,2025-10-31,CUST-00247,Consumer,North,Dehradun,Office,Office Chair,2,20240,0.15,34408.0,21816.43,12591.57,UPI
ORD105893,2025-10-31,CUST-02078,Small Business,North,Chandigarh,Electronics,Laptop,2,48510,0.2,77616.0,80357.94,-2741.94,UPI
ORD105894,2025-10-31,CUST-00476,Corporate,West,Pune,Electronics,Tablet,1,13660,0.15,11611.0,10163.6,1447.4,UPI
ORD105895,2025-10-31,CUST-03199,Consumer,South,Chennai,Fashion,Denim Jeans,2,2470,0.2,3952.0,2437.83,1514.17,UPI
ORD105896,2025-10-31,CUST-03059,Consumer,West,Ahmedabad,Office,Stationery Kit,2,1030,0.15,1751.0,971.24,779.76,UPI
ORD105897,2025-10-31,CUST-00098,Consumer,South,Kochi,Electronics,Power Bank,2,1800,0.15,3060.0,2009.27,1050.73,UPI
ORD105898,2025-10-31,CUST-02330,Consumer,West,Nagpur,Electronics,LED Television,2,55370,0.15,94129.0,84694.95,9434.05,Cash on Delivery
ORD105899,2025-10-31,CUST-00855,Corporate,South,Coimbatore,Office,Printer,1,14210,0.15,12078.5,9904.8,2173.7,Credit Card
ORD105900,2025-10-31,CUST-01030,Consumer,East,Bhubaneswar,Fashion,Running Shoes,2,2480,0.2,3968.0,2484.94,1483.06,UPI
ORD105901,2025-10-31,CUST-00784,Consumer,East,Bhubaneswar,Home & Kitchen,Air Fryer,2,11310,0.2,18096.0,14760.91,3335.09,Cash on Delivery
ORD105902,2025-10-31,CUST-02647,Small Business,West,Pune,Fashion,Running Shoes,3,1750,0.2,4200.0,2618.09,1581.91,Cash on Delivery
ORD105903,2025-10-31,CUST-02844,Consumer,South,Kochi,Home & Kitchen,Water Purifier,1,5970,0.15,5074.5,3580.38,1494.12,Credit Card
ORD105904,2025-10-31,CUST-00123,Corporate,South,Kochi,Home & Kitchen,Water Purifier,5,11090,0.15,47132.5,34624.69,12507.81,UPI
ORD105905,2025-10-31,CUST-00901,Consumer,South,Coimbatore,Fashion,Women's Kurti,2,2260,0.2,3616.0,2121.04,1494.96,UPI
ORD105906,2025-10-31,CUST-01408,Corporate,North,Chandigarh,Home & Kitchen,Washing Machine,4,38170,0.2,122144.0,105540.57,16603.43,Cash on Delivery
ORD105907,2025-10-31,CUST-01635,Consumer,Central,Indore,Electronics,Tablet,1,14040,0.15,11934.0,10838.26,1095.74,UPI
ORD105908,2025-10-31,CUST-00301,Consumer,West,Pune,Fashion,Handbag,2,3060,0.2,4896.0,2158.02,2737.98,UPI
ORD105909,2025-10-31,CUST-02643,Consumer,West,Surat,Office,Study Table,1,5880,0.15,4998.0,3279.38,1718.62,UPI
ORD105910,2025-10-31,CUST-02951,Small Business,West,Mumbai,Home & Kitchen,Mixer Grinder,4,1800,0.2,5760.0,4551.51,1208.49,UPI
ORD105911,2025-10-31,CUST-01243,Corporate,North,Jaipur,Electronics,Laptop,2,32770,0.2,52432.0,54800.25,-2368.25,Debit Card
ORD105912,2025-11-01,CUST-02723,Small Business,East,Guwahati,Home & Kitchen,Pressure Cooker,4,2800,0.2,8960.0,6653.15,2306.85,Credit Card
ORD105913,2025-11-01,CUST-02185,Consumer,North,Chandigarh,Fashion,Denim Jeans,2,1430,0.2,2288.0,1190.54,1097.46,Credit Card
ORD105914,2025-11-01,CUST-01877,Corporate,South,Kochi,Home & Kitchen,Refrigerator,3,44840,0.15,114342.0,85150.16,29191.84,Cash on Delivery
ORD105915,2025-11-01,CUST-02609,Consumer,Central,Indore,Electronics,Smartwatch,3,7200,0.15,18360.0,14738.76,3621.24,UPI
ORD105916,2025-11-01,CUST-01492,Corporate,North,Dehradun,Electronics,LED Television,1,39200,0.2,31360.0,31976.25,-616.25,Cash on Delivery
ORD105917,2025-11-01,CUST-01731,Corporate,North,Lucknow,Office,Whiteboard,4,1460,0.15,4964.0,3373.94,1590.06,UPI
ORD105918,2025-11-01,CUST-00920,Corporate,West,Surat,Home & Kitchen,Microwave Oven,5,12780,0.2,51120.0,44856.64,6263.36,Credit Card
ORD105919,2025-11-01,CUST-02288,Consumer,West,Nagpur,Home & Kitchen,Air Fryer,1,3980,0.2,3184.0,2617.23,566.77,UPI
ORD105920,2025-11-01,CUST-00509,Consumer,Central,Gwalior,Home & Kitchen,Microwave Oven,3,10250,0.15,26137.5,21819.46,4318.04,Credit Card
ORD105921,2025-11-01,CUST-00786,Corporate,West,Ahmedabad,Fashion,Winter Jacket,3,5080,0.2,12192.0,6657.32,5534.68,UPI
ORD105922,2025-11-01,CUST-01521,Consumer,West,Pune,Fashion,Handbag,2,1430,0.2,2288.0,1064.97,1223.03,UPI
ORD105923,2025-11-01,CUST-01186,Consumer,North,Dehradun,Fashion,Running Shoes,2,1810,0.2,2896.0,1871.79,1024.21,Net Banking
ORD105924,2025-11-01,CUST-00783,Consumer,Central,Bhopal,Fashion,Denim Jeans,4,1890,0.2,6048.0,3634.32,2413.68,Cash on Delivery
ORD105925,2025-11-01,CUST-00611,Consumer,West,Surat,Office,File Organizer,2,410,0.15,697.0,333.33,363.67,UPI
ORD105926,2025-11-01,CUST-02732,Corporate,North,Delhi,Home & Kitchen,Water Purifier,4,11170,0.2,35744.0,30573.95,5170.05,Debit Card
ORD105927,2025-11-01,CUST-01874,Small Business,North,Delhi,Home & Kitchen,Water Purifier,1,10740,0.2,8592.0,6132.59,2459.41,UPI
ORD105928,2025-11-01,CUST-01163,Consumer,North,Lucknow,Office,Laptop Bag,4,2320,0.15,7888.0,4623.91,3264.09,Net Banking
ORD105929,2025-11-01,CUST-02685,Consumer,West,Surat,Fashion,Men's T-Shirt,2,400,0.2,640.0,254.45,385.55,Debit Card
ORD105930,2025-11-01,CUST-02623,Consumer,South,Hyderabad,Office,Stationery Kit,1,290,0.15,246.5,104.59,141.91,Debit Card
ORD105931,2025-11-01,CUST-00364,Consumer,West,Ahmedabad,Electronics,LED Television,1,55160,0.15,46886.0,45867.66,1018.34,Credit Card
ORD105932,2025-11-01,CUST-01794,Small Business,West,Surat,Electronics,Power Bank,1,1270,0.15,1079.5,660.69,418.81,Cash on Delivery
ORD105933,2025-11-01,CUST-00951,Consumer,West,Nagpur,Office,Study Table,3,6120,0.15,15606.0,10653.02,4952.98,EMI
ORD105934,2025-11-01,CUST-01697,Consumer,East,Ranchi,Office,Office Chair,3,10820,0.15,27591.0,20490.76,7100.24,Credit Card
ORD105935,2025-11-01,CUST-02305,Corporate,West,Pune,Fashion,Wrist Watch,2,2540,0.2,4064.0,2743.21,1320.79,Credit Card
ORD105936,2025-11-01,CUST-00030,Consumer,West,Ahmedabad,Electronics,LED Television,1,16320,0.15,13872.0,13583.18,288.82,UPI
ORD105937,2025-11-01,CUST-01612,Small Business,South,Kochi,Electronics,Bluetooth Earbuds,1,2970,0.15,2524.5,2077.89,446.61,UPI
ORD105938,2025-11-01,CUST-00950,Consumer,West,Pune,Home & Kitchen,Microwave Oven,4,16270,0.2,52064.0,41766.24,10297.76,Debit Card
ORD105939,2025-11-01,CUST-01671,Small Business,North,Lucknow,Fashion,Winter Jacket,5,4060,0.2,16240.0,10402.31,5837.69,Credit Card
ORD105940,2025-11-01,CUST-00362,Small Business,South,Chennai,Home & Kitchen,Water Purifier,3,17670,0.15,45058.5,31632.38,13426.12,Not Specified
ORD105941,2025-11-01,CUST-02607,Corporate,South,Kochi,Fashion,Men's T-Shirt,2,410,0.2,656.0,251.19,404.81,Net Banking
ORD105942,2025-11-01,CUST-01709,Small Business,Central,Raipur,Home & Kitchen,Microwave Oven,3,9860,0.15,25143.0,19701.45,5441.55,UPI
ORD105943,2025-11-01,CUST-00697,Consumer,West,Surat,Home & Kitchen,Air Fryer,2,5150,0.2,8240.0,6552.48,1687.52,Not Specified
ORD105944,2025-11-02,CUST-02467,Consumer,North,Chandigarh,Home & Kitchen,Pressure Cooker,4,1470,0.2,4704.0,3120.57,1583.43,Debit Card
ORD105945,2025-11-02,CUST-00115,Consumer,South,Chennai,Electronics,Bluetooth Earbuds,1,4080,0.15,3468.0,2418.69,1049.31,UPI
ORD105946,2025-11-02,CUST-01883,Consumer,South,Coimbatore,Fashion,Women's Kurti,3,1810,0.2,4344.0,2078.27,2265.73,Net Banking
ORD105947,2025-11-02,CUST-01590,Consumer,West,Mumbai,Electronics,Smartphone,1,18220,0.15,15487.0,15125.42,361.58,UPI
ORD105948,2025-11-02,CUST-00118,Small Business,West,Mumbai,Home & Kitchen,Water Purifier,5,5980,0.2,23920.0,17239.39,6680.61,Debit Card
ORD105949,2025-11-02,CUST-00812,Consumer,South,Coimbatore,Fashion,Wrist Watch,5,4030,0.2,16120.0,8500.02,7619.98,Credit Card
ORD105950,2025-11-02,CUST-00261,Corporate,South,Kochi,Fashion,Women's Kurti,4,2330,0.2,7456.0,4446.23,3009.77,UPI
ORD105951,2025-11-02,CUST-02353,Corporate,South,Chennai,Fashion,Handbag,5,3060,0.2,12240.0,5154.31,7085.69,Credit Card
ORD105952,2025-11-02,CUST-02272,Consumer,North,Delhi,Electronics,Tablet,1,23160,0.2,18528.0,19394.14,-866.14,UPI
ORD105953,2025-11-02,CUST-00310,Consumer,East,Bhubaneswar,Office,Stationery Kit,2,680,0.15,1156.0,662.62,493.38,Cash on Delivery
ORD105954,2025-11-02,CUST-00362,Small Business,South,Chennai,Office,Study Table,1,12830,0.15,10905.5,7046.36,3859.14,UPI
ORD105955,2025-11-02,CUST-02801,Consumer,North,Delhi,Office,Printer,2,13800,0.15,23460.0,21325.68,2134.32,Debit Card
ORD105956,2025-11-02,CUST-00648,Consumer,Central,Bhopal,Fashion,Women's Kurti,1,2310,0.2,1848.0,706.57,1141.43,Debit Card
ORD105957,2025-11-02,CUST-00950,Consumer,West,Pune,Fashion,Handbag,4,1360,0.2,4352.0,2009.84,2342.16,UPI
ORD105958,2025-11-02,CUST-02197,Consumer,South,Coimbatore,Office,Office Chair,2,7830,0.15,13311.0,9901.46,3409.54,Net Banking
ORD105959,2025-11-02,CUST-00193,Consumer,South,Coimbatore,Office,File Organizer,4,820,0.15,2788.0,1326.77,1461.23,Credit Card
ORD105960,2025-11-02,CUST-03006,Corporate,North,Jaipur,Electronics,LED Television,1,76940,0.2,61552.0,62437.34,-885.34,UPI
ORD105961,2025-11-02,CUST-00069,Consumer,South,Kochi,Office,Printer,1,5060,0.15,4301.0,3770.48,530.52,UPI
ORD105962,2025-11-02,CUST-02699,Consumer,West,Pune,Office,Printer,2,10010,0.15,17017.0,14603.07,2413.93,UPI
ORD105963,2025-11-02,CUST-01111,Consumer,South,Kochi,Fashion,Men's T-Shirt,3,390,0.2,936.0,516.57,419.43,UPI
ORD105964,2025-11-02,CUST-00476,Corporate,West,Pune,Home & Kitchen,Pressure Cooker,3,3560,0.2,8544.0,5415.91,3128.09,Credit Card
ORD105965,2025-11-02,CUST-01163,Consumer,North,Lucknow,Home & Kitchen,Ceiling Fan,3,4020,0.2,9648.0,8077.01,1570.99,Credit Card
ORD105966,2025-11-02,CUST-03096,Consumer,West,Surat,Office,Laptop Bag,1,3050,0.15,2592.5,1574.59,1017.91,Net Banking
ORD105967,2025-11-02,CUST-01657,Consumer,South,Bengaluru,Home & Kitchen,Washing Machine,2,18760,0.15,31892.0,26174.56,5717.44,Net Banking
ORD105968,2025-11-02,CUST-00187,Small Business,North,Lucknow,Office,Stationery Kit,3,490,0.15,1249.5,730.25,519.25,UPI
ORD105969,2025-11-02,CUST-02985,Consumer,South,Bengaluru,Electronics,Tablet,3,9860,0.15,25143.0,22894.82,2248.18,EMI
ORD105970,2025-11-02,CUST-00464,Corporate,South,Bengaluru,Home & Kitchen,Mixer Grinder,3,2570,0.15,6553.5,5216.79,1336.71,Credit Card
ORD105971,2025-11-02,CUST-00173,Corporate,Central,Bhopal,Home & Kitchen,Water Purifier,2,17940,0.15,30498.0,23346.43,7151.57,Credit Card
ORD105972,2025-11-02,CUST-00142,Consumer,North,Delhi,Fashion,Handbag,1,1950,0.2,1560.0,875.26,684.74,Credit Card
ORD105973,2025-11-02,CUST-02628,Small Business,North,Jaipur,Home & Kitchen,Microwave Oven,5,8010,0.2,32040.0,28598.84,3441.16,UPI
ORD105974,2025-11-02,CUST-00487,Consumer,South,Bengaluru,Office,Printer,4,5090,0.15,17306.0,15419.19,1886.81,Debit Card
ORD105975,2025-11-02,CUST-00560,Consumer,North,Jaipur,Fashion,Formal Shirt,5,1380,0.2,5520.0,2463.17,3056.83,Cash on Delivery
ORD105976,2025-11-02,CUST-02993,Consumer,South,Chennai,Electronics,Tablet,1,9790,0.15,8321.5,8166.74,154.76,Debit Card
ORD105977,2025-11-02,CUST-01949,Corporate,South,Hyderabad,Electronics,Bluetooth Earbuds,2,4030,0.15,6851.0,5409.92,1441.08,Debit Card
ORD105978,2025-11-02,CUST-00950,Consumer,West,Pune,Fashion,Wrist Watch,2,5910,0.2,9456.0,4631.67,4824.33,Credit Card
ORD105979,2025-11-02,CUST-01858,Consumer,West,Mumbai,Electronics,Bluetooth Speaker,3,4000,0.15,10200.0,7591.16,2608.84,Cash on Delivery
ORD105980,2025-11-02,CUST-00786,Corporate,West,Ahmedabad,Electronics,LED Television,3,16400,0.15,41820.0,41094.69,725.31,Debit Card
ORD105981,2025-11-02,CUST-01569,Consumer,West,Nagpur,Home & Kitchen,Pressure Cooker,3,1010,0.2,2424.0,1849.04,574.96,Debit Card
ORD105982,2025-11-02,CUST-01026,Consumer,South,Kochi,Office,Study Table,4,6110,0.15,20774.0,12442.73,8331.27,Debit Card
ORD105983,2025-11-02,CUST-01981,Consumer,West,Pune,Home & Kitchen,Pressure Cooker,5,3530,0.2,14120.0,9101.88,5018.12,EMI
ORD105984,2025-11-02,CUST-02441,Small Business,North,Chandigarh,Fashion,Winter Jacket,4,4020,0.2,12864.0,7222.06,5641.94,Debit Card
ORD105985,2025-11-02,CUST-01071,Small Business,South,Bengaluru,Office,Printer,4,5150,0.15,17510.0,14296.58,3213.42,UPI
ORD105986,2025-11-02,CUST-00465,Small Business,West,Pune,Electronics,Power Bank,1,2930,0.15,2490.5,1739.43,751.07,Debit Card
ORD105987,2025-11-02,CUST-01090,Consumer,South,Coimbatore,Electronics,Tablet,1,18230,0.15,15495.5,14069.67,1425.83,Credit Card
ORD105988,2025-11-02,CUST-02439,Consumer,South,Hyderabad,Electronics,Smartwatch,1,14340,0.15,12189.0,8911.51,3277.49,Credit Card
ORD105989,2025-11-02,CUST-02512,Consumer,North,Lucknow,Electronics,LED Television,3,54960,0.2,131904.0,125441.77,6462.23,Net Banking
ORD105990,2025-11-02,CUST-02506,Consumer,North,Delhi,Office,Laptop Bag,4,1210,0.15,4114.0,2019.4,2094.6,Net Banking
ORD105991,2025-11-03,CUST-03104,Consumer,South,Bengaluru,Fashion,Winter Jacket,3,1670,0.2,4008.0,2089.44,1918.56,Credit Card
ORD105992,2025-11-03,CUST-02623,Consumer,South,Hyderabad,Electronics,Power Bank,3,1750,0.15,4462.5,2578.25,1884.25,Net Banking
ORD105993,2025-11-03,CUST-03080,Consumer,West,Pune,Electronics,Power Bank,2,1750,0.15,2975.0,1664.68,1310.32,UPI
ORD105994,2025-11-03,CUST-02000,Consumer,South,Bengaluru,Home & Kitchen,Washing Machine,3,19270,0.15,49138.5,43328.39,5810.11,UPI
ORD105995,2025-11-03,CUST-00752,Consumer,North,Lucknow,Electronics,Laptop,2,48340,0.2,77344.0,82566.91,-5222.91,Net Banking
ORD105996,2025-11-03,CUST-01940,Corporate,West,Mumbai,Home & Kitchen,Mixer Grinder,4,2460,0.2,7872.0,5916.91,1955.09,Net Banking
ORD105997,2025-11-03,CUST-00638,Small Business,South,Bengaluru,Fashion,Running Shoes,5,5060,0.2,20240.0,12251.73,7988.27,Credit Card
ORD105998,2025-11-03,CUST-00294,Consumer,South,Bengaluru,Fashion,Formal Shirt,2,980,0.2,1568.0,909.75,658.25,Cash on Delivery
ORD105999,2025-11-03,CUST-00950,Consumer,West,Pune,Electronics,Bluetooth Earbuds,1,1320,0.15,1122.0,841.94,280.06,UPI
ORD106000,2025-11-03,CUST-01117,Corporate,East,Guwahati,Home & Kitchen,Pressure Cooker,3,2760,0.2,6624.0,5021.05,1602.95,Debit Card
ORD106001,2025-11-03,CUST-02280,Consumer,East,Kolkata,Home & Kitchen,Ceiling Fan,1,1710,0.2,1368.0,1108.03,259.97,Credit Card
ORD106002,2025-11-03,CUST-01117,Corporate,East,Guwahati,Fashion,Handbag,3,2020,0.2,4848.0,2708.48,2139.52,Debit Card
ORD106003,2025-11-03,CUST-00016,Corporate,West,Mumbai,Office,Desk Lamp,2,1290,0.15,2193.0,1160.01,1032.99,UPI
ORD106004,2025-11-03,CUST-02902,Consumer,North,Jaipur,Electronics,Smartwatch,1,3500,0.2,2800.0,2332.12,467.88,Cash on Delivery
ORD106005,2025-11-03,CUST-01867,Consumer,South,Kochi,Electronics,Bluetooth Speaker,1,1940,0.15,1649.0,1116.27,532.73,UPI
ORD106006,2025-11-03,CUST-00696,Corporate,South,Coimbatore,Electronics,Smartwatch,3,3540,0.15,9027.0,6034.04,2992.96,UPI
ORD106007,2025-11-03,CUST-00821,Consumer,Central,Bhopal,Fashion,Winter Jacket,3,2980,0.2,7152.0,3820.39,3331.61,UPI
ORD106008,2025-11-03,CUST-00395,Consumer,Central,Jabalpur,Fashion,Handbag,4,910,0.2,2912.0,1726.61,1185.39,UPI
ORD106009,2025-11-03,CUST-02867,Consumer,South,Chennai,Office,Desk Lamp,2,1280,0.15,2176.0,1061.03,1114.97,Credit Card
ORD106010,2025-11-03,CUST-00754,Consumer,North,Chandigarh,Office,Whiteboard,3,3290,0.15,8389.5,4714.8,3674.7,Net Banking
ORD106011,2025-11-03,CUST-02981,Consumer,West,Surat,Electronics,Power Bank,1,2340,0.15,1989.0,1181.68,807.32,UPI
ORD106012,2025-11-03,CUST-00872,Small Business,West,Ahmedabad,Office,Whiteboard,1,1460,0.15,1241.0,789.29,451.71,Credit Card
ORD106013,2025-11-03,CUST-02542,Consumer,South,Coimbatore,Office,Laptop Bag,1,2310,0.15,1963.5,961.07,1002.43,UPI
ORD106014,2025-11-03,CUST-00035,Consumer,West,Surat,Electronics,Smartphone,3,13120,0.15,33456.0,34107.41,-651.41,Debit Card
ORD106015,2025-11-03,CUST-01535,Consumer,South,Kochi,Fashion,Wrist Watch,2,990,0.2,1584.0,872.34,711.66,Debit Card
ORD106016,2025-11-03,CUST-01142,Corporate,South,Hyderabad,Fashion,Handbag,3,2930,0.2,7032.0,4204.63,2827.37,UPI
ORD106017,2025-11-03,CUST-01026,Consumer,South,Kochi,Office,Office Chair,1,14610,0.15,12418.5,8417.22,4001.28,UPI
ORD106018,2025-11-03,CUST-03181,Small Business,North,Chandigarh,Office,Stationery Kit,4,500,0.15,1700.0,733.31,966.69,Debit Card
ORD106019,2025-11-03,CUST-02311,Consumer,West,Surat,Electronics,Smartwatch,2,9940,0.15,16898.0,13477.68,3420.32,Not Specified
ORD106020,2025-11-04,CUST-00835,Consumer,West,Ahmedabad,Office,Laptop Bag,1,810,0.15,688.5,344.53,343.97,UPI
ORD106021,2025-11-04,CUST-02417,Corporate,South,Kochi,Home & Kitchen,Pressure Cooker,2,970,0.15,1649.0,1131.81,517.19,UPI
ORD106022,2025-11-04,CUST-00407,Small Business,West,Mumbai,Fashion,Formal Shirt,2,700,0.2,1120.0,640.69,479.31,UPI
ORD106023,2025-11-04,CUST-02923,Corporate,South,Bengaluru,Fashion,Winter Jacket,5,2330,0.2,9320.0,4830.58,4489.42,Cash on Delivery
ORD106024,2025-11-04,CUST-01327,Consumer,West,Mumbai,Office,Stationery Kit,1,510,0.15,433.5,245.48,188.02,Credit Card
ORD106025,2025-11-04,CUST-00608,Consumer,West,Mumbai,Fashion,Handbag,3,1380,0.2,3312.0,1642.42,1669.58,Credit Card
ORD106026,2025-11-04,CUST-00912,Corporate,East,Bhubaneswar,Electronics,Laptop,1,82980,0.15,70533.0,70847.43,-314.43,Credit Card
ORD106027,2025-11-04,CUST-00494,Consumer,North,Jaipur,Office,Whiteboard,2,1480,0.15,2516.0,1392.78,1123.22,Debit Card
ORD106028,2025-11-04,CUST-02941,Small Business,West,Surat,Office,Stationery Kit,4,690,0.15,2346.0,1233.68,1112.32,Credit Card
ORD106029,2025-11-04,CUST-00953,Consumer,East,Kolkata,Home & Kitchen,Microwave Oven,2,16230,0.2,25968.0,21605.02,4362.98,UPI
ORD106030,2025-11-04,CUST-00458,Consumer,East,Guwahati,Electronics,Bluetooth Speaker,1,6110,0.15,5193.5,3119.33,2074.17,UPI
ORD106031,2025-11-04,CUST-02588,Small Business,Central,Indore,Fashion,Women's Kurti,3,2320,0.2,5568.0,2230.74,3337.26,Credit Card
ORD106032,2025-11-04,CUST-00698,Corporate,Central,Indore,Fashion,Denim Jeans,3,1420,0.2,3408.0,1958.0,1450.0,Debit Card
ORD106033,2025-11-04,CUST-00325,Small Business,West,Nagpur,Office,Stationery Kit,3,300,0.15,765.0,383.77,381.23,UPI
ORD106034,2025-11-04,CUST-02150,Corporate,North,Dehradun,Electronics,Laptop,2,49880,0.2,79808.0,80065.59,-257.59,UPI
ORD106035,2025-11-04,CUST-00029,Small Business,West,Pune,Fashion,Denim Jeans,2,1420,0.2,2272.0,1068.86,1203.14,Credit Card
ORD106036,2025-11-04,CUST-02651,Consumer,Central,Gwalior,Fashion,Formal Shirt,2,1950,0.2,3120.0,1456.45,1663.55,EMI
ORD106037,2025-11-04,CUST-01779,Consumer,South,Kochi,Office,Laptop Bag,3,2320,0.15,5916.0,3544.94,2371.06,Debit Card
ORD106038,2025-11-04,CUST-00799,Consumer,North,Delhi,Office,Office Chair,2,15130,0.15,25721.0,19399.75,6321.25,Credit Card
ORD106039,2025-11-04,CUST-01493,Consumer,Central,Indore,Office,Whiteboard,2,1480,0.15,2516.0,1411.8,1104.2,UPI
ORD106040,2025-11-04,CUST-00863,Consumer,East,Patna,Fashion,Men's T-Shirt,1,2370,0.2,1896.0,749.11,1146.89,UPI
ORD106041,2025-11-04,CUST-01669,Small Business,Central,Indore,Electronics,Bluetooth Speaker,2,2060,0.15,3502.0,2186.09,1315.91,UPI
ORD106042,2025-11-04,CUST-01815,Small Business,West,Mumbai,Office,Laptop Bag,4,1680,0.15,5712.0,3428.96,2283.04,Credit Card
ORD106043,2025-11-04,CUST-02472,Consumer,South,Kochi,Home & Kitchen,Air Fryer,4,3890,0.15,13226.0,10308.19,2917.81,EMI
ORD106044,2025-11-04,CUST-01465,Small Business,West,Nagpur,Electronics,Bluetooth Earbuds,2,1310,0.15,2227.0,1622.67,604.33,Cash on Delivery
ORD106045,2025-11-04,CUST-02510,Consumer,West,Pune,Electronics,Tablet,1,9710,0.15,8253.5,8028.88,224.62,UPI
ORD106046,2025-11-05,CUST-00234,Small Business,South,Hyderabad,Home & Kitchen,Microwave Oven,4,15570,0.15,52938.0,45665.91,7272.09,UPI
ORD106047,2025-11-05,CUST-02910,Corporate,West,Nagpur,Fashion,Men's T-Shirt,3,610,0.2,1464.0,599.5,864.5,Cash on Delivery
ORD106048,2025-11-05,CUST-00585,Consumer,East,Kolkata,Home & Kitchen,Washing Machine,3,18550,0.2,44520.0,37335.97,7184.03,Credit Card
ORD106049,2025-11-05,CUST-02662,Consumer,South,Coimbatore,Electronics,Tablet,2,9770,0.15,16609.0,15017.04,1591.96,Net Banking
ORD106050,2025-11-05,CUST-01571,Small Business,North,Lucknow,Office,File Organizer,3,400,0.15,1020.0,468.06,551.94,UPI
ORD106051,2025-11-05,CUST-00349,Small Business,North,Jaipur,Office,Office Chair,2,15350,0.15,26095.0,15535.17,10559.83,Debit Card
ORD106052,2025-11-05,CUST-01107,Corporate,Central,Raipur,Fashion,Men's T-Shirt,5,1750,0.2,7000.0,3715.31,3284.69,UPI
ORD106053,2025-11-05,CUST-02906,Consumer,West,Nagpur,Home & Kitchen,Microwave Oven,5,7930,0.2,31720.0,26383.74,5336.26,Credit Card
ORD106054,2025-11-05,CUST-02657,Consumer,West,Surat,Home & Kitchen,Mixer Grinder,3,2450,0.2,5880.0,4659.36,1220.64,UPI
ORD106055,2025-11-05,CUST-02318,Corporate,West,Surat,Office,Printer,2,9760,0.15,16592.0,14967.46,1624.54,UPI
ORD106056,2025-11-05,CUST-01167,Small Business,West,Nagpur,Home & Kitchen,Microwave Oven,2,16000,0.2,25600.0,21805.49,3794.51,Debit Card
ORD106057,2025-11-05,CUST-01862,Consumer,West,Nagpur,Fashion,Women's Kurti,4,1280,0.2,4096.0,2311.45,1784.55,Credit Card
ORD106058,2025-11-05,CUST-00759,Consumer,West,Pune,Home & Kitchen,Microwave Oven,2,5890,0.2,9424.0,8435.24,988.76,EMI
ORD106059,2025-11-05,CUST-02083,Small Business,West,Nagpur,Electronics,Smartwatch,3,6920,0.15,17646.0,14478.14,3167.86,UPI
ORD106060,2025-11-05,CUST-00855,Corporate,South,Coimbatore,Fashion,Denim Jeans,1,2480,0.2,1984.0,1212.01,771.99,UPI
ORD106061,2025-11-05,CUST-02639,Consumer,South,Kochi,Electronics,Bluetooth Speaker,1,5830,0.15,4955.5,3509.39,1446.11,UPI
ORD106062,2025-11-05,CUST-02266,Consumer,West,Mumbai,Fashion,Women's Kurti,4,610,0.2,1952.0,1038.5,913.5,Debit Card
ORD106063,2025-11-05,CUST-01189,Consumer,South,Bengaluru,Fashion,Running Shoes,4,2440,0.2,7808.0,4888.45,2919.55,UPI
ORD106064,2025-11-05,CUST-02114,Consumer,South,Chennai,Electronics,Power Bank,1,2940,0.15,2499.0,1327.49,1171.51,Debit Card
ORD106065,2025-11-05,CUST-00991,Consumer,West,Surat,Home & Kitchen,Mixer Grinder,1,3300,0.2,2640.0,2178.83,461.17,Net Banking
ORD106066,2025-11-05,CUST-00496,Consumer,West,Pune,Home & Kitchen,Ceiling Fan,2,1280,0.2,2048.0,1578.01,469.99,Net Banking
ORD106067,2025-11-05,CUST-00771,Corporate,West,Mumbai,Office,Stationery Kit,3,500,0.15,1275.0,657.85,617.15,UPI
ORD106068,2025-11-05,CUST-00908,Small Business,North,Chandigarh,Fashion,Handbag,3,910,0.2,2184.0,1310.23,873.77,Credit Card
ORD106069,2025-11-05,CUST-00744,Consumer,West,Pune,Electronics,Power Bank,1,2360,0.15,2006.0,1131.34,874.66,Credit Card
ORD106070,2025-11-05,CUST-02188,Consumer,South,Kochi,Electronics,Power Bank,2,2960,0.15,5032.0,3323.3,1708.7,Debit Card
ORD106071,2025-11-05,CUST-02378,Consumer,East,Bhubaneswar,Home & Kitchen,Mixer Grinder,1,5900,0.2,4720.0,3456.34,1263.66,EMI
ORD106072,2025-11-05,CUST-01437,Small Business,East,Kolkata,Electronics,Bluetooth Speaker,3,1960,0.15,4998.0,2940.06,2057.94,Net Banking
ORD106073,2025-11-05,CUST-03159,Consumer,North,Jaipur,Office,Laptop Bag,2,2350,0.15,3995.0,1883.52,2111.48,Credit Card
ORD106074,2025-11-05,CUST-02838,Corporate,East,Bhubaneswar,Electronics,Bluetooth Earbuds,1,2980,0.15,2533.0,1997.57,535.43,EMI
ORD106075,2025-11-05,CUST-00299,Consumer,South,Bengaluru,Electronics,Tablet,2,23460,0.15,39882.0,36222.31,3659.69,Debit Card
ORD106076,2025-11-05,CUST-01447,Consumer,North,Jaipur,Home & Kitchen,Refrigerator,4,21150,0.2,67680.0,55846.46,11833.54,EMI
ORD106077,2025-11-05,CUST-02876,Corporate,West,Pune,Electronics,LED Television,3,16130,0.15,41131.5,36579.82,4551.68,UPI
ORD106078,2025-11-05,CUST-00721,Consumer,North,Delhi,Home & Kitchen,Microwave Oven,3,5840,0.2,14016.0,13136.79,879.21,Credit Card
ORD106079,2025-11-06,CUST-01165,Consumer,North,Dehradun,Fashion,Denim Jeans,4,2510,0.2,8032.0,3920.99,4111.01,Credit Card
ORD106080,2025-11-06,CUST-03003,Small Business,North,Lucknow,Fashion,Denim Jeans,3,980,0.2,2352.0,1094.63,1257.37,Net Banking
ORD106081,2025-11-06,CUST-02486,Consumer,North,Chandigarh,Fashion,Denim Jeans,1,3080,0.2,2464.0,1465.31,998.69,Debit Card
ORD106082,2025-11-06,CUST-02651,Consumer,Central,Gwalior,Home & Kitchen,Air Fryer,1,8250,0.15,7012.5,4840.2,2172.3,EMI
ORD106083,2025-11-06,CUST-02799,Consumer,East,Ranchi,Fashion,Denim Jeans,3,1860,0.2,4464.0,2348.95,2115.05,UPI
ORD106084,2025-11-06,CUST-00542,Small Business,South,Coimbatore,Fashion,Formal Shirt,3,1410,0.2,3384.0,1461.13,1922.87,Debit Card
ORD106085,2025-11-06,CUST-02247,Small Business,West,Mumbai,Electronics,Smartwatch,2,14150,0.15,24055.0,18851.64,5203.36,EMI
ORD106086,2025-11-06,CUST-02550,Consumer,North,Delhi,Fashion,Women's Kurti,3,1310,0.2,3144.0,1627.27,1516.73,EMI
ORD106087,2025-11-06,CUST-00743,Consumer,Central,Gwalior,Fashion,Denim Jeans,5,1410,0.2,5640.0,3295.03,2344.97,UPI
ORD106088,2025-11-06,CUST-00134,Consumer,East,Patna,Fashion,Formal Shirt,2,1940,0.2,3104.0,1527.63,1576.37,UPI
ORD106089,2025-11-06,CUST-00557,Consumer,Central,Jabalpur,Electronics,LED Television,1,16420,0.15,13957.0,12752.75,1204.25,Credit Card
ORD106090,2025-11-06,CUST-02383,Consumer,North,Dehradun,Home & Kitchen,Ceiling Fan,2,2840,0.2,4544.0,3369.46,1174.54,Credit Card
ORD106091,2025-11-06,CUST-02232,Corporate,East,Ranchi,Home & Kitchen,Air Fryer,5,5030,0.2,20120.0,16728.81,3391.19,Cash on Delivery
ORD106092,2025-11-06,CUST-02840,Consumer,West,Ahmedabad,Electronics,LED Television,2,21340,0.15,36278.0,33663.57,2614.43,Debit Card
ORD106093,2025-11-06,CUST-00979,Consumer,North,Delhi,Fashion,Winter Jacket,4,3970,0.2,12704.0,6067.35,6636.65,Credit Card
ORD106094,2025-11-06,CUST-01981,Consumer,West,Pune,Fashion,Formal Shirt,5,990,0.2,3960.0,1606.24,2353.76,Cash on Delivery
ORD106095,2025-11-06,CUST-00089,Corporate,South,Bengaluru,Electronics,Smartphone,1,32160,0.15,27336.0,25442.14,1893.86,Debit Card
ORD106096,2025-11-06,CUST-02958,Small Business,North,Delhi,Office,Whiteboard,2,1520,0.15,2584.0,1621.08,962.92,Cash on Delivery
ORD106097,2025-11-06,CUST-01755,Consumer,Central,Raipur,Electronics,Power Bank,1,900,0.15,765.0,477.09,287.91,Credit Card
ORD106098,2025-11-07,CUST-02399,Small Business,South,Kochi,Office,File Organizer,4,410,0.15,1394.0,778.99,615.01,Credit Card
ORD106099,2025-11-07,CUST-00947,Consumer,North,Chandigarh,Fashion,Formal Shirt,3,1400,0.2,3360.0,1931.36,1428.64,Credit Card
ORD106100,2025-11-07,CUST-00282,Consumer,East,Patna,Electronics,Smartphone,3,42980,0.15,109599.0,104744.56,4854.44,Debit Card
ORD106101,2025-11-07,CUST-00200,Consumer,South,Hyderabad,Home & Kitchen,Ceiling Fan,5,2780,0.15,11815.0,8041.89,3773.11,Credit Card
ORD106102,2025-11-07,CUST-02598,Small Business,West,Surat,Home & Kitchen,Air Fryer,3,6640,0.2,15936.0,13884.01,2051.99,UPI
ORD106103,2025-11-07,CUST-00480,Corporate,South,Chennai,Electronics,Bluetooth Speaker,1,2050,0.15,1742.5,1265.23,477.27,UPI
ORD106104,2025-11-07,CUST-02622,Consumer,West,Pune,Fashion,Handbag,2,3930,0.2,6288.0,3333.12,2954.88,UPI
ORD106105,2025-11-07,CUST-00878,Consumer,West,Ahmedabad,Fashion,Denim Jeans,5,1840,0.2,7360.0,4094.08,3265.92,Cash on Delivery
ORD106106,2025-11-07,CUST-01698,Corporate,South,Coimbatore,Fashion,Winter Jacket,2,2330,0.2,3728.0,2035.73,1692.27,UPI
ORD106107,2025-11-07,CUST-00861,Corporate,North,Delhi,Office,Printer,3,4890,0.15,12469.5,10499.23,1970.27,Cash on Delivery
ORD106108,2025-11-07,CUST-00149,Consumer,East,Guwahati,Office,Whiteboard,2,1520,0.15,2584.0,1426.87,1157.13,Cash on Delivery
ORD106109,2025-11-07,CUST-01702,Small Business,South,Bengaluru,Fashion,Men's T-Shirt,1,2400,0.2,1920.0,887.03,1032.97,EMI
ORD106110,2025-11-07,CUST-01132,Corporate,East,Bhubaneswar,Electronics,Laptop,1,71080,0.15,60418.0,62391.11,-1973.11,Debit Card
ORD106111,2025-11-07,CUST-01357,Small Business,West,Pune,Fashion,Wrist Watch,1,4110,0.2,3288.0,1637.58,1650.42,UPI
ORD106112,2025-11-07,CUST-01907,Consumer,West,Ahmedabad,Electronics,LED Television,1,21770,0.15,18504.5,17206.08,1298.42,Debit Card
ORD106113,2025-11-07,CUST-00970,Small Business,West,Mumbai,Office,Printer,2,5150,0.15,8755.0,7072.1,1682.9,Credit Card
ORD106114,2025-11-07,CUST-01783,Consumer,South,Kochi,Electronics,Bluetooth Speaker,3,3090,0.15,7879.5,5632.84,2246.66,Net Banking
ORD106115,2025-11-07,CUST-02105,Consumer,North,Lucknow,Electronics,Laptop,1,39130,0.2,31304.0,32682.1,-1378.1,Net Banking
ORD106116,2025-11-07,CUST-00311,Consumer,East,Bhubaneswar,Electronics,Bluetooth Earbuds,1,6100,0.15,5185.0,3744.96,1440.04,Debit Card
ORD106117,2025-11-07,CUST-01076,Consumer,West,Pune,Home & Kitchen,Mixer Grinder,3,4470,0.2,10728.0,9021.24,1706.76,UPI
ORD106118,2025-11-07,CUST-00312,Small Business,East,Guwahati,Home & Kitchen,Pressure Cooker,4,1000,0.2,3200.0,2040.46,1159.54,UPI
ORD106119,2025-11-07,CUST-00029,Small Business,West,Pune,Office,Study Table,1,5950,0.15,5057.5,3394.76,1662.74,UPI
ORD106120,2025-11-07,CUST-00157,Consumer,North,Delhi,Office,Whiteboard,3,1020,0.15,2601.0,1540.21,1060.79,Net Banking
ORD106121,2025-11-07,CUST-01879,Consumer,North,Jaipur,Electronics,Smartphone,2,32940,0.2,52704.0,54491.07,-1787.07,UPI
ORD106122,2025-11-07,CUST-00293,Consumer,South,Bengaluru,Electronics,Laptop,2,67940,0.15,115498.0,113056.86,2441.14,UPI
ORD106123,2025-11-07,CUST-02760,Small Business,North,Dehradun,Fashion,Running Shoes,1,2450,0.2,1960.0,1163.06,796.94,Debit Card
ORD106124,2025-11-07,CUST-02446,Consumer,Central,Indore,Office,Desk Lamp,1,1290,0.15,1096.5,658.43,438.07,Credit Card
ORD106125,2025-11-07,CUST-00032,Corporate,North,Lucknow,Home & Kitchen,Refrigerator,2,28190,0.2,45104.0,40263.8,4840.2,Credit Card
ORD106126,2025-11-07,CUST-01818,Consumer,South,Bengaluru,Fashion,Handbag,5,890,0.2,3560.0,1635.1,1924.9,UPI
ORD106127,2025-11-07,CUST-00035,Consumer,West,Surat,Office,Study Table,3,4600,0.15,11730.0,8861.85,2868.15,Debit Card
ORD106128,2025-11-08,CUST-00362,Small Business,South,Chennai,Home & Kitchen,Washing Machine,5,30510,0.15,129667.5,108378.72,21288.78,UPI
ORD106129,2025-11-08,CUST-03161,Small Business,South,Kochi,Home & Kitchen,Pressure Cooker,3,980,0.15,2499.0,1711.9,787.1,Credit Card
ORD106130,2025-11-08,CUST-01436,Consumer,East,Patna,Home & Kitchen,Water Purifier,3,14140,0.2,33936.0,25986.67,7949.33,Debit Card
ORD106131,2025-11-08,CUST-00092,Consumer,North,Delhi,Office,File Organizer,1,410,0.15,348.5,151.42,197.08,Credit Card
ORD106132,2025-11-08,CUST-02703,Small Business,West,Pune,Electronics,Power Bank,1,2240,0.15,1904.0,1142.91,761.09,UPI
ORD106133,2025-11-08,CUST-02902,Consumer,North,Jaipur,Office,File Organizer,1,790,0.15,671.5,327.63,343.87,UPI
ORD106134,2025-11-08,CUST-01735,Consumer,West,Pune,Home & Kitchen,Mixer Grinder,4,1820,0.2,5824.0,4745.92,1078.08,UPI
ORD106135,2025-11-08,CUST-02272,Consumer,North,Delhi,Electronics,Smartwatch,2,3420,0.2,5472.0,4252.2,1219.8,Cash on Delivery
ORD106136,2025-11-08,CUST-02494,Consumer,West,Ahmedabad,Office,File Organizer,3,410,0.15,1045.5,600.9,444.6,Net Banking
ORD106137,2025-11-08,CUST-02359,Small Business,East,Patna,Electronics,Power Bank,3,2910,0.15,7420.5,4378.39,3042.11,Credit Card
ORD106138,2025-11-08,CUST-01570,Consumer,Central,Gwalior,Fashion,Men's T-Shirt,3,590,0.2,1416.0,701.4,714.6,Credit Card
ORD106139,2025-11-08,CUST-02651,Consumer,Central,Gwalior,Home & Kitchen,Water Purifier,5,17700,0.15,75225.0,52961.64,22263.36,Cash on Delivery
ORD106140,2025-11-08,CUST-01651,Consumer,West,Mumbai,Fashion,Winter Jacket,2,2250,0.2,3600.0,2119.29,1480.71,Cash on Delivery
ORD106141,2025-11-08,CUST-00851,Consumer,South,Coimbatore,Home & Kitchen,Microwave Oven,3,13280,0.15,33864.0,26547.23,7316.77,Net Banking
ORD106142,2025-11-08,CUST-00021,Corporate,West,Nagpur,Fashion,Wrist Watch,3,6000,0.2,14400.0,8912.68,5487.32,Cash on Delivery
ORD106143,2025-11-08,CUST-01104,Consumer,North,Dehradun,Office,Printer,2,13950,0.15,23715.0,19471.83,4243.17,UPI
ORD106144,2025-11-08,CUST-00287,Consumer,West,Mumbai,Office,Desk Lamp,2,1300,0.15,2210.0,1049.11,1160.89,Credit Card
ORD106145,2025-11-08,CUST-00204,Consumer,South,Chennai,Office,Stationery Kit,2,1000,0.15,1700.0,813.13,886.87,UPI
ORD106146,2025-11-08,CUST-01482,Consumer,North,Lucknow,Fashion,Winter Jacket,3,1710,0.2,4104.0,2265.71,1838.29,Cash on Delivery
ORD106147,2025-11-08,CUST-02992,Small Business,South,Hyderabad,Electronics,Bluetooth Speaker,2,3030,0.15,5151.0,3320.18,1830.82,UPI
ORD106148,2025-11-08,CUST-00352,Consumer,North,Lucknow,Electronics,Smartwatch,1,2050,0.2,1640.0,1148.83,491.17,Net Banking
ORD106149,2025-11-08,CUST-00916,Consumer,West,Nagpur,Electronics,Smartphone,1,17790,0.15,15121.5,15460.77,-339.27,Cash on Delivery
ORD106150,2025-11-08,CUST-02643,Consumer,West,Surat,Office,Printer,3,6870,0.15,17518.5,16114.46,1404.04,Credit Card
ORD106151,2025-11-08,CUST-01242,Corporate,East,Kolkata,Fashion,Wrist Watch,2,1650,0.2,2640.0,1426.05,1213.95,Cash on Delivery
ORD106152,2025-11-08,CUST-02441,Small Business,North,Chandigarh,Office,Study Table,4,4450,0.15,15130.0,9695.75,5434.25,UPI
ORD106153,2025-11-08,CUST-01702,Small Business,South,Bengaluru,Electronics,Smartphone,3,9180,0.15,23409.0,24038.19,-629.19,Net Banking
ORD106154,2025-11-09,CUST-01919,Consumer,West,Nagpur,Home & Kitchen,Mixer Grinder,3,4550,0.2,10920.0,7822.89,3097.11,Credit Card
ORD106155,2025-11-09,CUST-00516,Consumer,South,Chennai,Home & Kitchen,Washing Machine,1,24070,0.15,20459.5,17645.0,2814.5,UPI
ORD106156,2025-11-09,CUST-01085,Consumer,Central,Bhopal,Fashion,Winter Jacket,2,4950,0.2,7920.0,4912.57,3007.43,EMI
ORD106157,2025-11-09,CUST-01981,Consumer,West,Pune,Electronics,Smartphone,1,49790,0.15,42321.5,41504.48,817.02,Net Banking
ORD106158,2025-11-09,CUST-00089,Corporate,South,Bengaluru,Office,Printer,1,19750,0.15,16787.5,14925.16,1862.34,Credit Card
ORD106159,2025-11-09,CUST-00601,Consumer,North,Dehradun,Home & Kitchen,Water Purifier,3,14110,0.2,33864.0,27959.97,5904.03,UPI
ORD106160,2025-11-09,CUST-01189,Consumer,South,Bengaluru,Home & Kitchen,Water Purifier,4,5940,0.15,20196.0,16533.07,3662.93,UPI
ORD106161,2025-11-09,CUST-02175,Consumer,West,Ahmedabad,Home & Kitchen,Air Fryer,2,8360,0.2,13376.0,10284.49,3091.51,UPI
ORD106162,2025-11-09,CUST-01604,Consumer,West,Ahmedabad,Home & Kitchen,Refrigerator,2,35390,0.2,56624.0,47646.17,8977.83,Credit Card
ORD106163,2025-11-09,CUST-02305,Corporate,West,Pune,Electronics,Power Bank,2,3060,0.15,5202.0,3281.07,1920.93,UPI
ORD106164,2025-11-09,CUST-02331,Consumer,West,Ahmedabad,Home & Kitchen,Pressure Cooker,2,2770,0.2,4432.0,3099.2,1332.8,Net Banking
ORD106165,2025-11-09,CUST-00098,Consumer,South,Kochi,Home & Kitchen,Air Fryer,3,11200,0.15,28560.0,22810.15,5749.85,UPI
ORD106166,2025-11-09,CUST-02859,Corporate,North,Delhi,Electronics,Tablet,2,18300,0.2,29280.0,30460.0,-1180.0,UPI
ORD106167,2025-11-09,CUST-02622,Consumer,West,Pune,Home & Kitchen,Refrigerator,4,20430,0.2,65376.0,59683.1,5692.9,Cash on Delivery
ORD106168,2025-11-09,CUST-00905,Consumer,North,Jaipur,Electronics,Smartphone,1,13280,0.2,10624.0,11001.55,-377.55,UPI
ORD106169,2025-11-09,CUST-01539,Corporate,South,Chennai,Electronics,Bluetooth Speaker,1,2010,0.15,1708.5,1222.6,485.9,Debit Card
ORD106170,2025-11-09,CUST-00955,Consumer,East,Kolkata,Office,Printer,4,4970,0.15,16898.0,15311.67,1586.33,Debit Card
ORD106171,2025-11-09,CUST-02867,Consumer,South,Chennai,Office,Printer,1,14300,0.15,12155.0,10647.82,1507.18,UPI
ORD106172,2025-11-09,CUST-01175,Consumer,South,Kochi,Office,Stationery Kit,2,300,0.15,510.0,256.34,253.66,Credit Card
ORD106173,2025-11-09,CUST-01222,Consumer,East,Kolkata,Office,Stationery Kit,2,970,0.15,1649.0,957.17,691.83,UPI
ORD106174,2025-11-09,CUST-02884,Corporate,West,Ahmedabad,Fashion,Handbag,2,3900,0.2,6240.0,3571.13,2668.87,Not Specified
ORD106175,2025-11-09,CUST-01905,Small Business,South,Coimbatore,Fashion,Women's Kurti,2,1780,0.2,2848.0,1574.51,1273.49,EMI
ORD106176,2025-11-09,CUST-00443,Consumer,East,Guwahati,Fashion,Denim Jeans,2,1360,0.2,2176.0,1284.06,891.94,Net Banking
ORD106177,2025-11-09,CUST-01997,Corporate,West,Pune,Fashion,Formal Shirt,2,1900,0.2,3040.0,1721.91,1318.09,Debit Card
ORD106178,2025-11-09,CUST-02532,Consumer,South,Coimbatore,Fashion,Running Shoes,3,3420,0.2,8208.0,4034.95,4173.05,UPI
ORD106179,2025-11-09,CUST-01026,Consumer,South,Kochi,Electronics,LED Television,2,77090,0.15,131053.0,117922.08,13130.92,Credit Card
ORD106180,2025-11-09,CUST-01651,Consumer,West,Mumbai,Office,Laptop Bag,1,2990,0.15,2541.5,1215.4,1326.1,Net Banking
ORD106181,2025-11-09,CUST-02001,Corporate,West,Ahmedabad,Home & Kitchen,Ceiling Fan,3,2730,0.2,6552.0,4819.88,1732.12,UPI
ORD106182,2025-11-09,CUST-01604,Consumer,West,Ahmedabad,Electronics,Power Bank,1,2940,0.15,2499.0,1632.04,866.96,UPI
ORD106183,2025-11-09,CUST-03199,Consumer,South,Chennai,Fashion,Women's Kurti,1,920,0.2,736.0,441.01,294.99,Not Specified
ORD106184,2025-11-09,CUST-01604,Consumer,West,Ahmedabad,Electronics,Smartwatch,1,10150,0.15,8627.5,6323.81,2303.69,UPI
ORD106185,2025-11-10,CUST-02069,Small Business,North,Dehradun,Electronics,Laptop,1,48700,0.2,38960.0,41273.31,-2313.31,Credit Card
ORD106186,2025-11-10,CUST-02530,Consumer,West,Pune,Electronics,LED Television,1,15770,0.15,13404.5,12163.32,1241.18,Debit Card
ORD106187,2025-11-10,CUST-00439,Small Business,South,Chennai,Home & Kitchen,Pressure Cooker,5,2870,0.15,12197.5,7803.11,4394.39,EMI
ORD106188,2025-11-10,CUST-00136,Small Business,West,Mumbai,Office,Office Chair,3,5950,0.15,15172.5,11251.91,3920.59,Credit Card
ORD106189,2025-11-10,CUST-03096,Consumer,West,Surat,Electronics,Laptop,2,86790,0.15,147543.0,149967.4,-2424.4,Credit Card
ORD106190,2025-11-10,CUST-02352,Consumer,North,Chandigarh,Electronics,Smartwatch,1,10160,0.2,8128.0,6719.93,1408.07,UPI
ORD106191,2025-11-10,CUST-01213,Consumer,East,Patna,Fashion,Denim Jeans,2,2570,0.2,4112.0,2126.16,1985.84,UPI
ORD106192,2025-11-10,CUST-00047,Corporate,East,Kolkata,Electronics,Tablet,1,29870,0.15,25389.5,23372.31,2017.19,Debit Card
ORD106193,2025-11-10,CUST-00533,Consumer,East,Kolkata,Home & Kitchen,Water Purifier,1,10760,0.2,8608.0,6553.97,2054.03,Credit Card
ORD106194,2025-11-10,CUST-00035,Consumer,West,Surat,Fashion,Winter Jacket,3,2320,0.2,5568.0,3675.79,1892.21,Credit Card
ORD106195,2025-11-10,CUST-01223,Consumer,South,Hyderabad,Electronics,Power Bank,1,1810,0.15,1538.5,824.87,713.63,Cash on Delivery
ORD106196,2025-11-10,CUST-01757,Consumer,West,Mumbai,Fashion,Formal Shirt,3,1390,0.2,3336.0,1860.71,1475.29,Credit Card
ORD106197,2025-11-10,CUST-00514,Small Business,North,Jaipur,Fashion,Men's T-Shirt,4,790,0.2,2528.0,1254.91,1273.09,Net Banking
ORD106198,2025-11-10,CUST-02053,Consumer,South,Coimbatore,Office,Printer,2,13600,0.15,23120.0,20507.41,2612.59,UPI
ORD106199,2025-11-10,CUST-03028,Small Business,Central,Bhopal,Home & Kitchen,Pressure Cooker,2,1510,0.15,2567.0,1607.29,959.71,UPI
ORD106200,2025-11-10,CUST-03169,Small Business,North,Chandigarh,Fashion,Formal Shirt,2,720,0.2,1152.0,469.45,682.55,Credit Card
ORD106201,2025-11-10,CUST-02653,Small Business,North,Chandigarh,Office,File Organizer,2,800,0.15,1360.0,688.88,671.12,UPI
ORD106202,2025-11-10,CUST-01391,Small Business,South,Coimbatore,Fashion,Formal Shirt,4,710,0.2,2272.0,1101.83,1170.17,Not Specified
ORD106203,2025-11-10,CUST-01730,Consumer,West,Ahmedabad,Fashion,Women's Kurti,2,600,0.2,960.0,413.81,546.19,Net Banking
ORD106204,2025-11-10,CUST-01601,Small Business,North,Lucknow,Home & Kitchen,Mixer Grinder,3,2490,0.2,5976.0,4950.87,1025.13,UPI
ORD106205,2025-11-10,CUST-00496,Consumer,West,Pune,Fashion,Denim Jeans,5,2960,0.2,11840.0,6796.86,5043.14,Debit Card
ORD106206,2025-11-10,CUST-02718,Corporate,North,Lucknow,Electronics,Bluetooth Earbuds,2,6100,0.2,9760.0,7734.48,2025.52,Credit Card
ORD106207,2025-11-10,CUST-02181,Corporate,West,Mumbai,Electronics,Smartwatch,3,7030,0.15,17926.5,12768.23,5158.27,Cash on Delivery
ORD106208,2025-11-10,CUST-02043,Consumer,South,Coimbatore,Fashion,Running Shoes,2,1270,0.2,2032.0,1130.32,901.68,Credit Card
ORD106209,2025-11-10,CUST-00721,Consumer,North,Delhi,Fashion,Winter Jacket,3,3980,0.2,9552.0,6436.71,3115.29,UPI
ORD106210,2025-11-10,CUST-00487,Consumer,South,Bengaluru,Electronics,Smartwatch,1,13760,0.15,11696.0,9313.55,2382.45,Net Banking
ORD106211,2025-11-10,CUST-02773,Consumer,West,Ahmedabad,Electronics,Bluetooth Speaker,1,1960,0.15,1666.0,1098.09,567.91,Net Banking
ORD106212,2025-11-10,CUST-00563,Consumer,South,Bengaluru,Fashion,Formal Shirt,4,680,0.2,2176.0,882.9,1293.1,Net Banking
ORD106213,2025-11-10,CUST-00249,Small Business,East,Ranchi,Electronics,Smartwatch,1,14240,0.15,12104.0,9012.04,3091.96,Cash on Delivery
ORD106214,2025-11-10,CUST-01995,Consumer,South,Kochi,Office,Printer,2,4860,0.15,8262.0,7374.49,887.51,Cash on Delivery
ORD106215,2025-11-10,CUST-02266,Consumer,West,Mumbai,Electronics,Power Bank,3,930,0.15,2371.5,1367.72,1003.78,UPI
ORD106216,2025-11-10,CUST-00384,Consumer,South,Kochi,Fashion,Women's Kurti,2,1280,0.2,2048.0,1167.43,880.57,UPI
ORD106217,2025-11-10,CUST-00670,Corporate,West,Surat,Office,Office Chair,1,8170,0.15,6944.5,4431.55,2512.95,UPI
ORD106218,2025-11-10,CUST-02517,Small Business,North,Dehradun,Office,Desk Lamp,1,890,0.15,756.5,436.88,319.62,Debit Card
ORD106219,2025-11-10,CUST-02937,Small Business,North,Jaipur,Electronics,Smartwatch,3,3400,0.2,8160.0,6888.89,1271.11,Debit Card
ORD106220,2025-11-10,CUST-01504,Consumer,Central,Indore,Electronics,Laptop,3,59170,0.15,150883.5,155102.82,-4219.32,Credit Card
ORD106221,2025-11-10,CUST-02527,Corporate,South,Bengaluru,Home & Kitchen,Ceiling Fan,2,1310,0.15,2227.0,1586.69,640.31,EMI
ORD106222,2025-11-10,CUST-00984,Consumer,West,Surat,Office,Whiteboard,1,1010,0.15,858.5,548.28,310.22,UPI
ORD106223,2025-11-11,CUST-02260,Consumer,South,Hyderabad,Home & Kitchen,Pressure Cooker,1,1530,0.15,1300.5,844.76,455.74,UPI
ORD106224,2025-11-11,CUST-01767,Consumer,East,Ranchi,Home & Kitchen,Water Purifier,3,7880,0.2,18912.0,14184.52,4727.48,UPI
ORD106225,2025-11-11,CUST-02676,Consumer,North,Dehradun,Home & Kitchen,Ceiling Fan,2,2140,0.2,3424.0,2480.25,943.75,Credit Card
ORD106226,2025-11-11,CUST-02485,Consumer,West,Ahmedabad,Fashion,Handbag,3,2050,0.2,4920.0,2805.09,2114.91,Credit Card
ORD106227,2025-11-11,CUST-00950,Consumer,West,Pune,Home & Kitchen,Mixer Grinder,3,4390,0.2,10536.0,7966.83,2569.17,Debit Card
ORD106228,2025-11-11,CUST-00476,Corporate,West,Pune,Electronics,Bluetooth Earbuds,1,2020,0.15,1717.0,1273.49,443.51,Net Banking
ORD106229,2025-11-11,CUST-02568,Corporate,East,Bhubaneswar,Office,File Organizer,2,1210,0.15,2057.0,851.45,1205.55,UPI
ORD106230,2025-11-11,CUST-00102,Consumer,West,Nagpur,Home & Kitchen,Air Fryer,1,8390,0.2,6712.0,4742.53,1969.47,Net Banking
ORD106231,2025-11-11,CUST-02190,Corporate,West,Mumbai,Fashion,Denim Jeans,3,3090,0.2,7416.0,3962.76,3453.24,Credit Card
ORD106232,2025-11-11,CUST-01502,Consumer,North,Jaipur,Electronics,LED Television,2,16400,0.2,26240.0,27258.21,-1018.21,EMI
ORD106233,2025-11-11,CUST-00255,Corporate,West,Nagpur,Electronics,Power Bank,2,2930,0.15,4981.0,3194.96,1786.04,Debit Card
ORD106234,2025-11-11,CUST-02208,Consumer,West,Mumbai,Home & Kitchen,Refrigerator,2,28640,0.2,45824.0,42315.84,3508.16,Credit Card
ORD106235,2025-11-11,CUST-01533,Consumer,South,Hyderabad,Fashion,Denim Jeans,5,1430,0.2,5720.0,2594.83,3125.17,Credit Card
ORD106236,2025-11-11,CUST-02731,Small Business,North,Chandigarh,Electronics,Smartphone,1,49930,0.2,39944.0,39296.17,647.83,UPI
ORD106237,2025-11-11,CUST-00679,Corporate,South,Kochi,Fashion,Running Shoes,5,3600,0.2,14400.0,8256.39,6143.61,Cash on Delivery
ORD106238,2025-11-11,CUST-00011,Consumer,West,Pune,Home & Kitchen,Refrigerator,4,58180,0.2,186176.0,174270.28,11905.72,Cash on Delivery
ORD106239,2025-11-11,CUST-00409,Small Business,Central,Jabalpur,Fashion,Handbag,1,1390,0.2,1112.0,580.66,531.34,UPI
ORD106240,2025-11-11,CUST-00898,Consumer,West,Mumbai,Fashion,Handbag,5,3070,0.2,12280.0,6292.12,5987.88,UPI
ORD106241,2025-11-11,CUST-02097,Consumer,West,Nagpur,Home & Kitchen,Ceiling Fan,4,2190,0.2,7008.0,5830.47,1177.53,UPI
ORD106242,2025-11-11,CUST-01117,Corporate,East,Guwahati,Home & Kitchen,Ceiling Fan,3,4090,0.2,9816.0,7483.29,2332.71,EMI
ORD106243,2025-11-11,CUST-00384,Consumer,South,Kochi,Fashion,Formal Shirt,1,700,0.2,560.0,291.67,268.33,Net Banking
ORD106244,2025-11-11,CUST-03138,Consumer,North,Lucknow,Electronics,Bluetooth Speaker,2,3020,0.2,4832.0,3266.73,1565.27,Net Banking
ORD106245,2025-11-11,CUST-00361,Consumer,South,Hyderabad,Home & Kitchen,Ceiling Fan,1,1730,0.15,1470.5,1090.12,380.38,Credit Card
ORD106246,2025-11-11,CUST-01088,Consumer,West,Ahmedabad,Home & Kitchen,Air Fryer,4,3960,0.2,12672.0,9052.29,3619.71,Cash on Delivery
ORD106247,2025-11-11,CUST-02784,Small Business,South,Chennai,Home & Kitchen,Microwave Oven,1,12730,0.15,10820.5,7978.96,2841.54,Not Specified
ORD106248,2025-11-11,CUST-02098,Consumer,West,Pune,Electronics,LED Television,3,40840,0.15,104142.0,102193.3,1948.7,Credit Card
ORD106249,2025-11-11,CUST-00986,Consumer,North,Chandigarh,Electronics,Bluetooth Speaker,1,1980,0.2,1584.0,1284.22,299.78,Net Banking
ORD106250,2025-11-11,CUST-03084,Corporate,South,Bengaluru,Fashion,Denim Jeans,1,1870,0.2,1496.0,677.01,818.99,Cash on Delivery
ORD106251,2025-11-11,CUST-01588,Consumer,South,Hyderabad,Fashion,Formal Shirt,3,1860,0.2,4464.0,2188.99,2275.01,Credit Card
ORD106252,2025-11-12,CUST-00030,Consumer,West,Ahmedabad,Electronics,Smartwatch,1,2010,0.15,1708.5,1300.25,408.25,Cash on Delivery
ORD106253,2025-11-12,CUST-00026,Corporate,East,Bhubaneswar,Office,Stationery Kit,4,290,0.15,986.0,459.41,526.59,Net Banking
ORD106254,2025-11-12,CUST-02983,Small Business,South,Hyderabad,Office,Study Table,2,13130,0.15,22321.0,13760.52,8560.48,Credit Card
ORD106255,2025-11-12,CUST-00939,Small Business,West,Nagpur,Electronics,Power Bank,1,3050,0.15,2592.5,1457.73,1134.77,Net Banking
ORD106256,2025-11-12,CUST-02587,Corporate,East,Patna,Home & Kitchen,Refrigerator,4,70930,0.2,226976.0,200820.52,26155.48,Net Banking
ORD106257,2025-11-12,CUST-00136,Small Business,West,Mumbai,Electronics,Tablet,2,29710,0.15,50507.0,46283.41,4223.59,UPI
ORD106258,2025-11-12,CUST-00474,Consumer,West,Mumbai,Fashion,Women's Kurti,4,600,0.2,1920.0,759.48,1160.52,Credit Card
ORD106259,2025-11-12,CUST-02720,Consumer,North,Chandigarh,Home & Kitchen,Water Purifier,5,17700,0.2,70800.0,55684.63,15115.37,UPI
ORD106260,2025-11-12,CUST-03187,Small Business,East,Guwahati,Fashion,Running Shoes,3,1760,0.2,4224.0,2337.78,1886.22,UPI
ORD106261,2025-11-12,CUST-00160,Consumer,South,Coimbatore,Office,Study Table,4,4600,0.15,15640.0,9210.19,6429.81,Credit Card
ORD106262,2025-11-12,CUST-00537,Consumer,West,Pune,Fashion,Men's T-Shirt,4,610,0.2,1952.0,803.42,1148.58,UPI
ORD106263,2025-11-12,CUST-02321,Corporate,South,Kochi,Home & Kitchen,Ceiling Fan,4,1310,0.15,4454.0,3049.05,1404.95,Credit Card
ORD106264,2025-11-12,CUST-01659,Corporate,West,Mumbai,Fashion,Winter Jacket,5,3980,0.2,15920.0,8440.57,7479.43,UPI
ORD106265,2025-11-12,CUST-01253,Consumer,South,Chennai,Home & Kitchen,Ceiling Fan,5,2260,0.15,9605.0,7318.35,2286.65,Debit Card
ORD106266,2025-11-12,CUST-00622,Consumer,South,Hyderabad,Fashion,Running Shoes,2,4990,0.2,7984.0,4754.3,3229.7,Cash on Delivery
ORD106267,2025-11-12,CUST-02997,Corporate,Central,Raipur,Home & Kitchen,Ceiling Fan,2,1330,0.15,2261.0,1524.18,736.82,UPI
ORD106268,2025-11-12,CUST-00543,Consumer,West,Nagpur,Fashion,Wrist Watch,4,1730,0.2,5536.0,3630.36,1905.64,UPI
ORD106269,2025-11-12,CUST-00878,Consumer,West,Ahmedabad,Fashion,Formal Shirt,4,980,0.2,3136.0,1331.95,1804.05,UPI
ORD106270,2025-11-12,CUST-00989,Corporate,South,Coimbatore,Electronics,Smartphone,2,32090,0.15,54553.0,54970.38,-417.38,Net Banking
ORD106271,2025-11-12,CUST-00444,Consumer,Central,Bhopal,Home & Kitchen,Ceiling Fan,3,2880,0.15,7344.0,4853.55,2490.45,Net Banking
ORD106272,2025-11-12,CUST-01680,Consumer,West,Mumbai,Fashion,Wrist Watch,3,6050,0.2,14520.0,9400.68,5119.32,UPI
ORD106273,2025-11-12,CUST-01033,Consumer,West,Pune,Home & Kitchen,Washing Machine,3,47970,0.2,115128.0,99185.82,15942.18,Not Specified
ORD106274,2025-11-12,CUST-01938,Consumer,South,Hyderabad,Fashion,Wrist Watch,2,5860,0.2,9376.0,4669.53,4706.47,Cash on Delivery
ORD106275,2025-11-13,CUST-01137,Consumer,East,Patna,Electronics,Laptop,2,40660,0.15,69122.0,70011.69,-889.69,Not Specified
ORD106276,2025-11-13,CUST-00382,Small Business,West,Pune,Fashion,Men's T-Shirt,3,610,0.2,1464.0,624.15,839.85,UPI
ORD106277,2025-11-13,CUST-02770,Consumer,South,Kochi,Electronics,Smartwatch,1,4980,0.15,4233.0,3468.22,764.78,EMI
ORD106278,2025-11-13,CUST-01604,Consumer,West,Ahmedabad,Electronics,Tablet,2,17830,0.15,30311.0,25800.97,4510.03,Credit Card
ORD106279,2025-11-13,CUST-00988,Consumer,North,Dehradun,Fashion,Handbag,3,880,0.2,2112.0,1086.02,1025.98,UPI
ORD106280,2025-11-13,CUST-00047,Corporate,East,Kolkata,Fashion,Men's T-Shirt,5,2340,0.2,9360.0,4472.35,4887.65,Credit Card
ORD106281,2025-11-13,CUST-01894,Small Business,West,Nagpur,Fashion,Formal Shirt,4,1920,0.2,6144.0,3044.06,3099.94,UPI
ORD106282,2025-11-13,CUST-02496,Consumer,East,Bhubaneswar,Electronics,Bluetooth Earbuds,1,4980,0.15,4233.0,3250.71,982.29,Credit Card
ORD106283,2025-11-13,CUST-02088,Consumer,South,Chennai,Fashion,Running Shoes,1,2560,0.2,2048.0,1334.29,713.71,Cash on Delivery
ORD106284,2025-11-13,CUST-02516,Small Business,South,Hyderabad,Electronics,Smartphone,2,25670,0.15,43639.0,40244.59,3394.41,UPI
ORD106285,2025-11-13,CUST-00493,Consumer,West,Ahmedabad,Fashion,Winter Jacket,2,2950,0.2,4720.0,2708.35,2011.65,UPI
ORD106286,2025-11-13,CUST-03091,Consumer,South,Coimbatore,Home & Kitchen,Mixer Grinder,5,2430,0.15,10327.5,7510.88,2816.62,Cash on Delivery
ORD106287,2025-11-13,CUST-00697,Consumer,West,Surat,Electronics,Power Bank,2,1300,0.15,2210.0,1535.59,674.41,UPI
ORD106288,2025-11-13,CUST-00884,Consumer,West,Surat,Fashion,Denim Jeans,1,1020,0.2,816.0,425.88,390.12,Debit Card
ORD106289,2025-11-13,CUST-01607,Consumer,North,Chandigarh,Electronics,Bluetooth Earbuds,1,3990,0.2,3192.0,2415.05,776.95,Credit Card
ORD106290,2025-11-13,CUST-00022,Corporate,North,Delhi,Electronics,Smartwatch,1,10140,0.2,8112.0,6202.41,1909.59,Credit Card
ORD106291,2025-11-13,CUST-01385,Consumer,South,Hyderabad,Home & Kitchen,Ceiling Fan,5,3950,0.15,16787.5,12781.79,4005.71,Debit Card
ORD106292,2025-11-13,CUST-00626,Corporate,Central,Jabalpur,Home & Kitchen,Water Purifier,1,6090,0.15,5176.5,3650.52,1525.98,Credit Card
ORD106293,2025-11-13,CUST-02402,Consumer,West,Mumbai,Office,Laptop Bag,2,2230,0.15,3791.0,1940.89,1850.11,Debit Card
ORD106294,2025-11-13,CUST-02437,Consumer,West,Mumbai,Office,Stationery Kit,2,700,0.15,1190.0,519.42,670.58,Credit Card
ORD106295,2025-11-13,CUST-01966,Consumer,Central,Raipur,Fashion,Running Shoes,3,1770,0.2,4248.0,2087.4,2160.6,UPI
ORD106296,2025-11-13,CUST-01311,Consumer,East,Kolkata,Home & Kitchen,Air Fryer,4,5050,0.2,16160.0,11821.78,4338.22,UPI
ORD106297,2025-11-13,CUST-00959,Consumer,Central,Gwalior,Fashion,Running Shoes,2,1780,0.2,2848.0,1701.78,1146.22,Cash on Delivery
ORD106298,2025-11-13,CUST-02631,Corporate,North,Delhi,Home & Kitchen,Air Fryer,1,6420,0.2,5136.0,3948.24,1187.76,Net Banking
ORD106299,2025-11-13,CUST-01604,Consumer,West,Ahmedabad,Office,File Organizer,1,590,0.15,501.5,209.06,292.44,Credit Card
ORD106300,2025-11-13,CUST-01578,Consumer,North,Delhi,Fashion,Women's Kurti,2,2290,0.2,3664.0,1645.27,2018.73,UPI
ORD106301,2025-11-13,CUST-00366,Small Business,Central,Gwalior,Home & Kitchen,Air Fryer,2,11010,0.15,18717.0,14649.91,4067.09,Net Banking
ORD106302,2025-11-14,CUST-00715,Corporate,East,Guwahati,Electronics,Power Bank,1,1830,0.15,1555.5,864.0,691.5,Credit Card
ORD106303,2025-11-14,CUST-01110,Corporate,West,Surat,Fashion,Men's T-Shirt,3,610,0.2,1464.0,754.64,709.36,EMI
ORD106304,2025-11-14,CUST-02246,Corporate,North,Chandigarh,Office,Stationery Kit,2,290,0.15,493.0,284.33,208.67,Debit Card
ORD106305,2025-11-14,CUST-02683,Consumer,South,Hyderabad,Electronics,Power Bank,1,2360,0.15,2006.0,1093.77,912.23,Cash on Delivery
ORD106306,2025-11-14,CUST-03186,Consumer,North,Lucknow,Fashion,Formal Shirt,3,1860,0.2,4464.0,2250.7,2213.3,Net Banking
ORD106307,2025-11-14,CUST-01330,Consumer,East,Bhubaneswar,Electronics,Bluetooth Speaker,1,3930,0.15,3340.5,2405.54,934.96,UPI
ORD106308,2025-11-14,CUST-01426,Small Business,West,Ahmedabad,Home & Kitchen,Air Fryer,4,4040,0.2,12928.0,11071.79,1856.21,UPI
ORD106309,2025-11-14,CUST-02451,Consumer,South,Hyderabad,Office,Printer,2,4910,0.15,8347.0,7680.49,666.51,UPI
ORD106310,2025-11-14,CUST-00987,Consumer,North,Dehradun,Home & Kitchen,Ceiling Fan,2,2240,0.2,3584.0,2537.04,1046.96,Cash on Delivery
ORD106311,2025-11-14,CUST-01695,Small Business,West,Ahmedabad,Fashion,Running Shoes,3,1330,0.2,3192.0,1571.09,1620.91,UPI
ORD106312,2025-11-14,CUST-02185,Consumer,North,Chandigarh,Electronics,Bluetooth Speaker,2,6160,0.2,9856.0,6834.02,3021.98,Credit Card
ORD106313,2025-11-14,CUST-00776,Consumer,West,Ahmedabad,Office,Whiteboard,4,3200,0.15,10880.0,6057.93,4822.07,Credit Card
ORD106314,2025-11-14,CUST-00933,Small Business,North,Delhi,Home & Kitchen,Refrigerator,2,34380,0.2,55008.0,45678.98,9329.02,UPI
ORD106315,2025-11-14,CUST-01091,Consumer,North,Dehradun,Home & Kitchen,Water Purifier,5,8040,0.2,32160.0,28118.08,4041.92,Cash on Delivery
ORD106316,2025-11-14,CUST-01836,Small Business,North,Jaipur,Electronics,Smartphone,1,17670,0.2,14136.0,14934.74,-798.74,Net Banking
ORD106317,2025-11-14,CUST-00903,Corporate,South,Bengaluru,Fashion,Denim Jeans,1,1380,0.2,1104.0,579.94,524.06,UPI
ORD106318,2025-11-14,CUST-00676,Consumer,North,Jaipur,Electronics,Bluetooth Speaker,3,6010,0.2,14424.0,9291.93,5132.07,Cash on Delivery
ORD106319,2025-11-14,CUST-00476,Corporate,West,Pune,Office,Stationery Kit,2,980,0.15,1666.0,919.56,746.44,Debit Card
ORD106320,2025-11-14,CUST-02575,Consumer,South,Bengaluru,Office,Stationery Kit,1,510,0.15,433.5,205.45,228.05,Net Banking
ORD106321,2025-11-14,CUST-02820,Consumer,South,Chennai,Fashion,Handbag,3,3970,0.2,9528.0,4469.85,5058.15,Net Banking
ORD106322,2025-11-14,CUST-02865,Consumer,North,Lucknow,Electronics,Bluetooth Speaker,2,2000,0.2,3200.0,2079.77,1120.23,Debit Card
ORD106323,2025-11-14,CUST-02614,Consumer,West,Nagpur,Home & Kitchen,Mixer Grinder,5,6090,0.2,24360.0,19012.21,5347.79,UPI
ORD106324,2025-11-14,CUST-00440,Consumer,East,Patna,Electronics,LED Television,1,39900,0.15,33915.0,31686.82,2228.18,UPI
ORD106325,2025-11-14,CUST-00336,Consumer,South,Kochi,Fashion,Formal Shirt,1,1000,0.2,800.0,409.1,390.9,Debit Card
ORD106326,2025-11-14,CUST-01582,Consumer,North,Dehradun,Home & Kitchen,Washing Machine,3,49890,0.2,119736.0,109696.75,10039.25,Credit Card
ORD106327,2025-11-14,CUST-01632,Consumer,West,Surat,Home & Kitchen,Washing Machine,1,29500,0.2,23600.0,21818.86,1781.14,UPI
ORD106328,2025-11-14,CUST-02356,Consumer,East,Patna,Fashion,Women's Kurti,3,580,0.2,1392.0,722.0,670.0,Debit Card
ORD106329,2025-11-14,CUST-00727,Consumer,North,Delhi,Electronics,Bluetooth Speaker,1,3020,0.2,2416.0,1622.91,793.09,UPI
ORD106330,2025-11-14,CUST-02941,Small Business,West,Surat,Fashion,Women's Kurti,2,920,0.2,1472.0,574.71,897.29,Credit Card
ORD106331,2025-11-14,CUST-00959,Consumer,Central,Gwalior,Fashion,Denim Jeans,2,2560,0.2,4096.0,2192.02,1903.98,UPI
ORD106332,2025-11-14,CUST-01837,Corporate,West,Nagpur,Fashion,Formal Shirt,2,1380,0.2,2208.0,908.35,1299.65,UPI
ORD106333,2025-11-15,CUST-02746,Consumer,South,Coimbatore,Office,Desk Lamp,1,880,0.15,748.0,357.94,390.06,Net Banking
ORD106334,2025-11-15,CUST-01637,Small Business,West,Surat,Fashion,Men's T-Shirt,3,1710,0.2,4104.0,2244.92,1859.08,Net Banking
ORD106335,2025-11-15,CUST-02422,Consumer,West,Ahmedabad,Electronics,Power Bank,3,2970,0.15,7573.5,5084.73,2488.77,Credit Card
ORD106336,2025-11-15,CUST-02402,Consumer,West,Mumbai,Electronics,LED Television,3,55560,0.15,141678.0,131850.73,9827.27,Net Banking
ORD106337,2025-11-15,CUST-02520,Small Business,West,Nagpur,Fashion,Winter Jacket,3,4950,0.2,11880.0,6555.07,5324.93,Net Banking
ORD106338,2025-11-15,CUST-02582,Corporate,West,Pune,Home & Kitchen,Washing Machine,2,50270,0.2,80432.0,71399.97,9032.03,Net Banking
ORD106339,2025-11-15,CUST-01208,Consumer,South,Coimbatore,Fashion,Handbag,3,920,0.2,2208.0,1106.06,1101.94,Credit Card
ORD106340,2025-11-15,CUST-01119,Consumer,North,Jaipur,Electronics,Smartphone,1,13220,0.2,10576.0,11348.71,-772.71,Net Banking
ORD106341,2025-11-15,CUST-02554,Consumer,North,Dehradun,Office,Whiteboard,2,1470,0.15,2499.0,1559.76,939.24,Cash on Delivery
ORD106342,2025-11-15,CUST-01842,Corporate,North,Dehradun,Fashion,Denim Jeans,4,3070,0.2,9824.0,5084.71,4739.29,Credit Card
ORD106343,2025-11-15,CUST-01937,Consumer,East,Bhubaneswar,Fashion,Men's T-Shirt,2,800,0.2,1280.0,653.56,626.44,Debit Card
ORD106344,2025-11-15,CUST-01276,Consumer,West,Surat,Office,Desk Lamp,3,1320,0.15,3366.0,1602.58,1763.42,Credit Card
ORD106345,2025-11-15,CUST-00653,Corporate,South,Kochi,Home & Kitchen,Mixer Grinder,2,6110,0.15,10387.0,7706.5,2680.5,UPI
ORD106346,2025-11-15,CUST-01436,Consumer,East,Patna,Fashion,Denim Jeans,2,2510,0.2,4016.0,2172.94,1843.06,UPI
ORD106347,2025-11-15,CUST-03081,Consumer,West,Mumbai,Fashion,Men's T-Shirt,5,2340,0.2,9360.0,4359.21,5000.79,Net Banking
ORD106348,2025-11-15,CUST-00950,Consumer,West,Pune,Fashion,Wrist Watch,4,1710,0.2,5472.0,3579.65,1892.35,UPI
ORD106349,2025-11-15,CUST-00908,Small Business,North,Chandigarh,Office,Desk Lamp,1,1280,0.15,1088.0,646.43,441.57,Cash on Delivery
ORD106350,2025-11-15,CUST-00409,Small Business,Central,Jabalpur,Electronics,Bluetooth Earbuds,2,1950,0.15,3315.0,2447.3,867.7,Debit Card
ORD106351,2025-11-15,CUST-01527,Consumer,South,Coimbatore,Electronics,Smartwatch,1,14210,0.15,12078.5,8049.54,4028.96,UPI
ORD106352,2025-11-15,CUST-00950,Consumer,West,Pune,Fashion,Handbag,3,2050,0.2,4920.0,2214.95,2705.05,Cash on Delivery
ORD106353,2025-11-15,CUST-02207,Consumer,Central,Jabalpur,Home & Kitchen,Refrigerator,3,57260,0.15,146013.0,116882.51,29130.49,EMI
ORD106354,2025-11-15,CUST-00432,Consumer,North,Jaipur,Home & Kitchen,Air Fryer,3,11010,0.2,26424.0,19756.27,6667.73,Net Banking
ORD106355,2025-11-15,CUST-00800,Consumer,East,Patna,Fashion,Running Shoes,2,1310,0.2,2096.0,1440.3,655.7,Credit Card
ORD106356,2025-11-15,CUST-00198,Corporate,South,Kochi,Electronics,Laptop,2,58650,0.15,99705.0,105535.29,-5830.29,Credit Card
ORD106357,2025-11-15,CUST-00126,Consumer,South,Hyderabad,Fashion,Denim Jeans,5,1410,0.2,5640.0,2790.59,2849.41,UPI
ORD106358,2025-11-15,CUST-02596,Small Business,West,Pune,Home & Kitchen,Water Purifier,1,8130,0.2,6504.0,4704.09,1799.91,UPI
ORD106359,2025-11-15,CUST-02867,Consumer,South,Chennai,Office,Study Table,1,6040,0.15,5134.0,3802.49,1331.51,UPI
ORD106360,2025-11-15,CUST-02449,Corporate,West,Ahmedabad,Office,Stationery Kit,2,690,0.15,1173.0,655.29,517.71,UPI
ORD106361,2025-11-15,CUST-02747,Consumer,South,Chennai,Office,Whiteboard,2,3380,0.15,5746.0,3560.3,2185.7,Net Banking
ORD106362,2025-11-15,CUST-00296,Consumer,South,Chennai,Office,Printer,1,13630,0.15,11585.5,10735.21,850.29,Cash on Delivery
ORD106363,2025-11-15,CUST-02855,Consumer,North,Jaipur,Home & Kitchen,Ceiling Fan,2,2250,0.2,3600.0,2489.96,1110.04,Net Banking
ORD106364,2025-11-15,CUST-01465,Small Business,West,Nagpur,Fashion,Wrist Watch,5,6000,0.2,24000.0,15567.62,8432.38,UPI
ORD106365,2025-11-15,CUST-02464,Small Business,West,Ahmedabad,Fashion,Formal Shirt,4,1360,0.2,4352.0,2045.39,2306.61,Cash on Delivery
ORD106366,2025-11-15,CUST-01966,Consumer,Central,Raipur,Office,Whiteboard,4,1000,0.15,3400.0,2307.46,1092.54,Debit Card
ORD106367,2025-11-15,CUST-01075,Corporate,North,Lucknow,Fashion,Running Shoes,5,5060,0.2,20240.0,12679.32,7560.68,Debit Card
ORD106368,2025-11-15,CUST-00875,Consumer,West,Pune,Fashion,Women's Kurti,3,600,0.2,1440.0,686.63,753.37,Cash on Delivery
ORD106369,2025-11-15,CUST-00384,Consumer,South,Kochi,Home & Kitchen,Air Fryer,4,6600,0.15,22440.0,16232.8,6207.2,Credit Card
ORD106370,2025-11-15,CUST-01278,Corporate,North,Delhi,Fashion,Women's Kurti,3,910,0.2,2184.0,845.65,1338.35,EMI
ORD106371,2025-11-15,CUST-01569,Consumer,West,Nagpur,Fashion,Running Shoes,2,1810,0.2,2896.0,1654.73,1241.27,EMI
ORD106372,2025-11-15,CUST-03139,Consumer,West,Mumbai,Electronics,Power Bank,3,2910,0.15,7420.5,4156.36,3264.14,Credit Card
ORD106373,2025-11-15,CUST-00115,Consumer,South,Chennai,Office,Study Table,1,4500,0.15,3825.0,2572.97,1252.03,UPI
ORD106374,2025-11-15,CUST-01871,Consumer,West,Mumbai,Fashion,Denim Jeans,2,3030,0.2,4848.0,2365.82,2482.18,Credit Card
ORD106375,2025-11-15,CUST-01641,Consumer,South,Hyderabad,Electronics,Smartwatch,1,4860,0.15,4131.0,2680.73,1450.27,EMI
ORD106376,2025-11-15,CUST-00068,Small Business,South,Coimbatore,Fashion,Winter Jacket,4,1710,0.2,5472.0,3267.19,2204.81,Credit Card
ORD106377,2025-11-15,CUST-01006,Consumer,West,Ahmedabad,Electronics,Smartwatch,2,4960,0.15,8432.0,6938.24,1493.76,Debit Card
ORD106378,2025-11-15,CUST-01317,Consumer,South,Kochi,Fashion,Winter Jacket,5,2300,0.2,9200.0,5397.8,3802.2,EMI
ORD106379,2025-11-15,CUST-01569,Consumer,West,Nagpur,Fashion,Formal Shirt,2,700,0.2,1120.0,459.68,660.32,Credit Card
ORD106380,2025-11-16,CUST-00765,Small Business,West,Ahmedabad,Office,Printer,3,6830,0.15,17416.5,15517.14,1899.36,Net Banking
ORD106381,2025-11-16,CUST-00108,Consumer,West,Pune,Home & Kitchen,Refrigerator,3,21400,0.2,51360.0,46926.79,4433.21,UPI
ORD106382,2025-11-16,CUST-00950,Consumer,West,Pune,Fashion,Women's Kurti,2,1780,0.2,2848.0,1490.56,1357.44,UPI
ORD106383,2025-11-16,CUST-02662,Consumer,South,Coimbatore,Electronics,Tablet,2,9740,0.15,16558.0,15311.33,1246.67,UPI
ORD106384,2025-11-16,CUST-02569,Corporate,South,Kochi,Office,Study Table,2,7860,0.15,13362.0,8142.79,5219.21,Cash on Delivery
ORD106385,2025-11-16,CUST-00567,Consumer,East,Patna,Office,Desk Lamp,2,1330,0.15,2261.0,1392.68,868.32,Credit Card
ORD106386,2025-11-16,CUST-02077,Consumer,North,Lucknow,Electronics,Bluetooth Earbuds,1,1270,0.2,1016.0,705.26,310.74,Credit Card
ORD106387,2025-11-16,CUST-02917,Small Business,South,Chennai,Electronics,LED Television,3,15610,0.15,39805.5,38307.32,1498.18,UPI
ORD106388,2025-11-16,CUST-00542,Small Business,South,Coimbatore,Fashion,Handbag,4,1400,0.2,4480.0,2184.14,2295.86,Credit Card
ORD106389,2025-11-16,CUST-00403,Consumer,South,Bengaluru,Office,Office Chair,1,4400,0.15,3740.0,2846.93,893.07,Credit Card
ORD106390,2025-11-16,CUST-00063,Corporate,North,Delhi,Home & Kitchen,Air Fryer,4,5040,0.2,16128.0,13603.26,2524.74,Credit Card
ORD106391,2025-11-16,CUST-00543,Consumer,West,Nagpur,Home & Kitchen,Air Fryer,2,8350,0.2,13360.0,9730.48,3629.52,Debit Card
ORD106392,2025-11-16,CUST-02596,Small Business,West,Pune,Fashion,Men's T-Shirt,1,1730,0.2,1384.0,726.37,657.63,Cash on Delivery
ORD106393,2025-11-16,CUST-02596,Small Business,West,Pune,Home & Kitchen,Refrigerator,3,70820,0.2,169968.0,156298.92,13669.08,Credit Card
ORD106394,2025-11-16,CUST-01695,Small Business,West,Ahmedabad,Home & Kitchen,Pressure Cooker,5,1950,0.2,7800.0,5465.71,2334.29,Credit Card
ORD106395,2025-11-16,CUST-01025,Corporate,North,Chandigarh,Fashion,Women's Kurti,4,2340,0.2,7488.0,3266.13,4221.87,UPI
ORD106396,2025-11-16,CUST-02565,Consumer,West,Pune,Home & Kitchen,Water Purifier,2,8220,0.2,13152.0,9678.17,3473.83,UPI
ORD106397,2025-11-16,CUST-00622,Consumer,South,Hyderabad,Home & Kitchen,Ceiling Fan,2,1270,0.15,2159.0,1480.36,678.64,Debit Card
ORD106398,2025-11-17,CUST-00448,Small Business,West,Mumbai,Home & Kitchen,Air Fryer,1,4040,0.2,3232.0,2706.96,525.04,UPI
ORD106399,2025-11-17,CUST-00309,Consumer,West,Mumbai,Electronics,LED Television,2,15940,0.15,27098.0,26807.65,290.35,Debit Card
ORD106400,2025-11-17,CUST-02705,Small Business,West,Pune,Electronics,Tablet,1,17780,0.15,15113.0,13148.08,1964.92,Cash on Delivery
ORD106401,2025-11-17,CUST-02297,Corporate,North,Delhi,Home & Kitchen,Water Purifier,3,6020,0.2,14448.0,12511.68,1936.32,Cash on Delivery
ORD106402,2025-11-17,CUST-01990,Consumer,East,Kolkata,Office,Study Table,4,12880,0.15,43792.0,28063.77,15728.23,EMI
ORD106403,2025-11-17,CUST-02331,Consumer,West,Ahmedabad,Office,Study Table,1,4430,0.15,3765.5,2652.2,1113.3,Credit Card
ORD106404,2025-11-17,CUST-00463,Consumer,West,Ahmedabad,Fashion,Running Shoes,3,5020,0.2,12048.0,7415.93,4632.07,Credit Card
ORD106405,2025-11-17,CUST-01183,Consumer,South,Kochi,Home & Kitchen,Pressure Cooker,4,1540,0.15,5236.0,3769.0,1467.0,Debit Card
ORD106406,2025-11-17,CUST-02596,Small Business,West,Pune,Electronics,Bluetooth Earbuds,1,6070,0.15,5159.5,3909.77,1249.73,Credit Card
ORD106407,2025-11-17,CUST-02902,Consumer,North,Jaipur,Office,Printer,2,19930,0.15,33881.0,30897.63,2983.37,UPI
ORD106408,2025-11-17,CUST-01612,Small Business,South,Kochi,Fashion,Formal Shirt,3,990,0.2,2376.0,955.94,1420.06,Debit Card
ORD106409,2025-11-17,CUST-00390,Consumer,Central,Bhopal,Fashion,Men's T-Shirt,5,1680,0.2,6720.0,2571.14,4148.86,Credit Card
ORD106410,2025-11-17,CUST-03124,Consumer,Central,Jabalpur,Electronics,Tablet,1,14140,0.15,12019.0,10782.18,1236.82,Net Banking
ORD106411,2025-11-17,CUST-01216,Corporate,West,Surat,Fashion,Formal Shirt,2,990,0.2,1584.0,935.31,648.69,UPI
ORD106412,2025-11-17,CUST-00984,Consumer,West,Surat,Fashion,Running Shoes,3,1310,0.2,3144.0,1633.41,1510.59,Debit Card
ORD106413,2025-11-17,CUST-00384,Consumer,South,Kochi,Home & Kitchen,Mixer Grinder,3,6000,0.15,15300.0,12177.79,3122.21,UPI
ORD106414,2025-11-17,CUST-00035,Consumer,West,Surat,Fashion,Denim Jeans,3,1000,0.2,2400.0,1397.24,1002.76,Credit Card
ORD106415,2025-11-17,CUST-01918,Consumer,Central,Bhopal,Electronics,Smartwatch,3,13800,0.15,35190.0,24290.65,10899.35,Cash on Delivery
ORD106416,2025-11-17,CUST-01951,Corporate,North,Chandigarh,Home & Kitchen,Refrigerator,2,68120,0.2,108992.0,92142.6,16849.4,UPI
ORD106417,2025-11-17,CUST-00767,Corporate,West,Nagpur,Home & Kitchen,Refrigerator,2,57510,0.2,92016.0,78383.44,13632.56,UPI
ORD106418,2025-11-17,CUST-00517,Consumer,South,Chennai,Electronics,Tablet,1,13840,0.15,11764.0,11002.8,761.2,Credit Card
ORD106419,2025-11-17,CUST-01655,Small Business,West,Mumbai,Home & Kitchen,Air Fryer,1,8270,0.2,6616.0,5704.35,911.65,UPI
ORD106420,2025-11-18,CUST-01359,Consumer,Central,Gwalior,Office,Stationery Kit,3,300,0.15,765.0,377.46,387.54,Credit Card
ORD106421,2025-11-18,CUST-00950,Consumer,West,Pune,Office,Stationery Kit,3,1010,0.15,2575.5,1482.08,1093.42,UPI
ORD106422,2025-11-18,CUST-00715,Corporate,East,Guwahati,Home & Kitchen,Pressure Cooker,1,3600,0.2,2880.0,2149.85,730.15,UPI
ORD106423,2025-11-18,CUST-02729,Consumer,North,Dehradun,Home & Kitchen,Washing Machine,3,29920,0.2,71808.0,58494.3,13313.7,UPI
ORD106424,2025-11-18,CUST-03140,Corporate,West,Ahmedabad,Fashion,Winter Jacket,3,1680,0.2,4032.0,2356.2,1675.8,Debit Card
ORD106425,2025-11-18,CUST-01089,Consumer,South,Coimbatore,Home & Kitchen,Pressure Cooker,1,2860,0.15,2431.0,1555.56,875.44,UPI
ORD106426,2025-11-18,CUST-02244,Corporate,South,Bengaluru,Electronics,Bluetooth Earbuds,3,4990,0.15,12724.5,10324.97,2399.53,Debit Card
ORD106427,2025-11-18,CUST-02750,Consumer,South,Hyderabad,Home & Kitchen,Mixer Grinder,2,5960,0.15,10132.0,7031.71,3100.29,UPI
ORD106428,2025-11-18,CUST-00090,Consumer,Central,Raipur,Office,Laptop Bag,4,780,0.15,2652.0,1555.81,1096.19,UPI
ORD106429,2025-11-18,CUST-02873,Corporate,West,Nagpur,Electronics,Smartwatch,1,2040,0.15,1734.0,1347.33,386.67,Debit Card
ORD106430,2025-11-18,CUST-01582,Consumer,North,Dehradun,Home & Kitchen,Ceiling Fan,1,3940,0.2,3152.0,2219.79,932.21,Cash on Delivery
ORD106431,2025-11-18,CUST-01766,Consumer,West,Mumbai,Fashion,Wrist Watch,4,2500,0.2,8000.0,4300.61,3699.39,Debit Card
ORD106432,2025-11-18,CUST-01694,Consumer,East,Kolkata,Fashion,Handbag,5,1940,0.2,7760.0,3201.42,4558.58,Debit Card
ORD106433,2025-11-18,CUST-00786,Corporate,West,Ahmedabad,Office,Desk Lamp,3,600,0.15,1530.0,856.21,673.79,Credit Card
ORD106434,2025-11-18,CUST-02496,Consumer,East,Bhubaneswar,Electronics,Smartphone,2,44180,0.15,75106.0,76861.9,-1755.9,Cash on Delivery
ORD106435,2025-11-18,CUST-02353,Corporate,South,Chennai,Fashion,Handbag,2,1400,0.2,2240.0,886.14,1353.86,UPI
ORD106436,2025-11-18,CUST-00331,Consumer,West,Mumbai,Electronics,Tablet,1,18040,0.15,15334.0,13404.87,1929.13,Net Banking
ORD106437,2025-11-18,CUST-01779,Consumer,South,Kochi,Fashion,Men's T-Shirt,4,2360,0.2,7552.0,3641.63,3910.37,UPI
ORD106438,2025-11-18,CUST-03036,Consumer,North,Delhi,Office,Laptop Bag,2,2970,0.15,5049.0,2507.43,2541.57,UPI
ORD106439,2025-11-18,CUST-02765,Corporate,North,Lucknow,Home & Kitchen,Washing Machine,2,29430,0.2,47088.0,38871.58,8216.42,Net Banking
ORD106440,2025-11-18,CUST-01997,Corporate,West,Pune,Electronics,Smartphone,1,12670,0.15,10769.5,10090.61,678.89,Net Banking
ORD106441,2025-11-18,CUST-00639,Consumer,North,Chandigarh,Office,Office Chair,1,10790,0.15,9171.5,5662.65,3508.85,UPI
ORD106442,2025-11-18,CUST-01066,Consumer,West,Pune,Office,Desk Lamp,1,1290,0.15,1096.5,549.78,546.72,UPI
ORD106443,2025-11-18,CUST-00476,Corporate,West,Pune,Home & Kitchen,Washing Machine,3,37150,0.2,89160.0,70404.22,18755.78,Net Banking
ORD106444,2025-11-18,CUST-02614,Consumer,West,Nagpur,Fashion,Running Shoes,3,1310,0.2,3144.0,1713.01,1430.99,Net Banking
ORD106445,2025-11-18,CUST-02494,Consumer,West,Ahmedabad,Office,Desk Lamp,2,610,0.15,1037.0,561.71,475.29,UPI
ORD106446,2025-11-18,CUST-02879,Small Business,Central,Jabalpur,Home & Kitchen,Water Purifier,4,5890,0.15,20026.0,14749.24,5276.76,UPI
ORD106447,2025-11-18,CUST-00204,Consumer,South,Chennai,Home & Kitchen,Ceiling Fan,1,2160,0.15,1836.0,1363.76,472.24,Net Banking
ORD106448,2025-11-18,CUST-03070,Consumer,South,Bengaluru,Fashion,Winter Jacket,2,3080,0.2,4928.0,2914.98,2013.02,Debit Card
ORD106449,2025-11-18,CUST-03074,Consumer,East,Guwahati,Office,Printer,3,19540,0.15,49827.0,45245.52,4581.48,Debit Card
ORD106450,2025-11-18,CUST-02174,Corporate,South,Hyderabad,Home & Kitchen,Water Purifier,2,6150,0.15,10455.0,8328.96,2126.04,Cash on Delivery
ORD106451,2025-11-19,CUST-02805,Consumer,West,Nagpur,Electronics,Power Bank,2,910,0.15,1547.0,1004.78,542.22,Credit Card
ORD106452,2025-11-19,CUST-01369,Corporate,East,Bhubaneswar,Electronics,Smartphone,2,32570,0.15,55369.0,54771.9,597.1,Credit Card
ORD106453,2025-11-19,CUST-00970,Small Business,West,Mumbai,Electronics,Bluetooth Speaker,1,1280,0.15,1088.0,671.12,416.88,Credit Card
ORD106454,2025-11-19,CUST-00491,Consumer,Central,Bhopal,Home & Kitchen,Pressure Cooker,2,3530,0.15,6001.0,3733.09,2267.91,Cash on Delivery
ORD106455,2025-11-19,CUST-00098,Consumer,South,Kochi,Fashion,Denim Jeans,3,2540,0.2,6096.0,2718.16,3377.84,Debit Card
ORD106456,2025-11-19,CUST-00128,Small Business,South,Chennai,Office,Laptop Bag,1,2300,0.15,1955.0,971.71,983.29,UPI
ORD106457,2025-11-19,CUST-02221,Consumer,South,Coimbatore,Office,Laptop Bag,2,2250,0.15,3825.0,2068.95,1756.05,Credit Card
ORD106458,2025-11-19,CUST-01026,Consumer,South,Kochi,Fashion,Formal Shirt,3,690,0.2,1656.0,753.42,902.58,Credit Card
ORD106459,2025-11-19,CUST-00170,Consumer,West,Mumbai,Home & Kitchen,Microwave Oven,2,6120,0.2,9792.0,8456.52,1335.48,Credit Card
ORD106460,2025-11-19,CUST-00366,Small Business,Central,Gwalior,Electronics,Bluetooth Speaker,1,1330,0.15,1130.5,751.95,378.55,Credit Card
ORD106461,2025-11-19,CUST-02135,Corporate,East,Patna,Electronics,Laptop,2,85220,0.15,144874.0,151844.66,-6970.66,UPI
ORD106462,2025-11-19,CUST-02972,Small Business,North,Dehradun,Electronics,Smartphone,3,12850,0.2,30840.0,32257.66,-1417.66,UPI
ORD106463,2025-11-19,CUST-01261,Consumer,West,Mumbai,Electronics,Bluetooth Speaker,2,5890,0.15,10013.0,6031.98,3981.02,Debit Card
ORD106464,2025-11-19,CUST-02494,Consumer,West,Ahmedabad,Home & Kitchen,Washing Machine,1,19010,0.2,15208.0,13217.55,1990.45,UPI
ORD106465,2025-11-19,CUST-03102,Consumer,East,Patna,Home & Kitchen,Pressure Cooker,3,2780,0.2,6672.0,4609.73,2062.27,Credit Card
ORD106466,2025-11-19,CUST-02280,Consumer,East,Kolkata,Office,Laptop Bag,1,2270,0.15,1929.5,1036.25,893.25,UPI
ORD106467,2025-11-19,CUST-02322,Consumer,North,Chandigarh,Home & Kitchen,Refrigerator,3,58370,0.2,140088.0,128214.22,11873.78,EMI
ORD106468,2025-11-19,CUST-01967,Corporate,East,Patna,Fashion,Wrist Watch,5,2440,0.2,9760.0,4619.63,5140.37,Debit Card
ORD106469,2025-11-19,CUST-03122,Consumer,South,Coimbatore,Home & Kitchen,Microwave Oven,2,9760,0.15,16592.0,13763.05,2828.95,Credit Card
ORD106470,2025-11-19,CUST-00950,Consumer,West,Pune,Electronics,Bluetooth Speaker,3,5990,0.15,15274.5,9795.25,5479.25,UPI
ORD106471,2025-11-19,CUST-02496,Consumer,East,Bhubaneswar,Electronics,Tablet,1,22380,0.15,19023.0,18994.2,28.8,UPI
ORD106472,2025-11-19,CUST-01290,Consumer,North,Dehradun,Electronics,LED Television,3,55990,0.2,134376.0,130075.22,4300.78,UPI
ORD106473,2025-11-19,CUST-00494,Consumer,North,Jaipur,Home & Kitchen,Microwave Oven,4,5950,0.2,19040.0,17651.65,1388.35,Net Banking
ORD106474,2025-11-19,CUST-02376,Small Business,North,Lucknow,Fashion,Handbag,1,2910,0.2,2328.0,962.04,1365.96,UPI
ORD106475,2025-11-19,CUST-02640,Consumer,West,Pune,Electronics,Bluetooth Earbuds,2,4080,0.15,6936.0,4708.61,2227.39,Credit Card
ORD106476,2025-11-19,CUST-02744,Consumer,West,Pune,Home & Kitchen,Microwave Oven,3,5950,0.2,14280.0,12371.33,1908.67,Cash on Delivery
ORD106477,2025-11-19,CUST-02911,Corporate,North,Delhi,Fashion,Women's Kurti,3,910,0.2,2184.0,1305.81,878.19,Debit Card
ORD106478,2025-11-20,CUST-02390,Small Business,Central,Bhopal,Electronics,Laptop,1,31310,0.15,26613.5,26685.53,-72.03,Credit Card
ORD106479,2025-11-20,CUST-01653,Consumer,North,Chandigarh,Home & Kitchen,Refrigerator,1,45860,0.2,36688.0,29082.61,7605.39,Debit Card
ORD106480,2025-11-20,CUST-02972,Small Business,North,Dehradun,Home & Kitchen,Mixer Grinder,3,3230,0.2,7752.0,6494.49,1257.51,Net Banking
ORD106481,2025-11-20,CUST-00687,Consumer,East,Patna,Electronics,LED Television,1,30520,0.15,25942.0,23490.64,2451.36,Debit Card
ORD106482,2025-11-20,CUST-00261,Corporate,South,Kochi,Office,Office Chair,2,5850,0.15,9945.0,6399.96,3545.04,Credit Card
ORD106483,2025-11-20,CUST-01349,Small Business,Central,Raipur,Fashion,Formal Shirt,3,980,0.2,2352.0,1022.05,1329.95,Credit Card
ORD106484,2025-11-20,CUST-01845,Corporate,East,Bhubaneswar,Electronics,Laptop,2,84090,0.15,142953.0,146371.9,-3418.9,Credit Card
ORD106485,2025-11-20,CUST-02192,Small Business,North,Lucknow,Office,Study Table,1,12980,0.15,11033.0,6946.68,4086.32,Debit Card
ORD106486,2025-11-20,CUST-02599,Consumer,West,Surat,Fashion,Women's Kurti,3,900,0.2,2160.0,1283.74,876.26,UPI
ORD106487,2025-11-20,CUST-00089,Corporate,South,Bengaluru,Electronics,Power Bank,2,2270,0.15,3859.0,2550.27,1308.73,Net Banking
ORD106488,2025-11-20,CUST-02547,Consumer,South,Kochi,Electronics,LED Television,1,29140,0.15,24769.0,23448.84,1320.16,EMI
ORD106489,2025-11-20,CUST-01903,Small Business,North,Jaipur,Fashion,Handbag,3,2010,0.2,4824.0,2411.26,2412.74,Credit Card
ORD106490,2025-11-20,CUST-03025,Consumer,Central,Bhopal,Fashion,Wrist Watch,3,1720,0.2,4128.0,2494.27,1633.73,EMI
ORD106491,2025-11-20,CUST-01069,Consumer,North,Jaipur,Fashion,Handbag,2,1360,0.2,2176.0,881.11,1294.89,UPI
ORD106492,2025-11-20,CUST-01970,Consumer,East,Kolkata,Electronics,Bluetooth Earbuds,3,5940,0.15,15147.0,10806.39,4340.61,Credit Card
ORD106493,2025-11-20,CUST-02451,Consumer,South,Hyderabad,Home & Kitchen,Microwave Oven,2,7930,0.15,13481.0,11200.31,2280.69,Cash on Delivery
ORD106494,2025-11-20,CUST-01616,Small Business,South,Chennai,Home & Kitchen,Air Fryer,5,6610,0.15,28092.5,20712.15,7380.35,Cash on Delivery
ORD106495,2025-11-20,CUST-00496,Consumer,West,Pune,Fashion,Handbag,3,3030,0.2,7272.0,3436.36,3835.64,UPI
ORD106496,2025-11-20,CUST-00148,Small Business,South,Kochi,Fashion,Running Shoes,1,5000,0.2,4000.0,2597.1,1402.9,Credit Card
ORD106497,2025-11-20,CUST-00366,Small Business,Central,Gwalior,Fashion,Winter Jacket,3,1750,0.2,4200.0,2364.51,1835.49,UPI
ORD106498,2025-11-20,CUST-01572,Small Business,West,Ahmedabad,Electronics,Power Bank,1,1790,0.15,1521.5,936.02,585.48,Debit Card
ORD106499,2025-11-20,CUST-02050,Consumer,North,Lucknow,Fashion,Denim Jeans,3,2990,0.2,7176.0,3848.34,3327.66,Credit Card
ORD106500,2025-11-20,CUST-01809,Corporate,West,Ahmedabad,Home & Kitchen,Mixer Grinder,5,4470,0.2,17880.0,14943.37,2936.63,Net Banking
ORD106501,2025-11-20,CUST-02291,Consumer,East,Guwahati,Home & Kitchen,Ceiling Fan,4,3970,0.2,12704.0,10705.25,1998.75,UPI
ORD106502,2025-11-20,CUST-00117,Small Business,East,Kolkata,Electronics,Tablet,1,13990,0.15,11891.5,10542.73,1348.77,EMI
ORD106503,2025-11-20,CUST-00439,Small Business,South,Chennai,Home & Kitchen,Ceiling Fan,5,1310,0.15,5567.5,4102.52,1464.98,EMI
ORD106504,2025-11-20,CUST-02448,Consumer,East,Patna,Office,Study Table,4,9770,0.15,33218.0,19737.73,13480.27,UPI
ORD106505,2025-11-20,CUST-02494,Consumer,West,Ahmedabad,Fashion,Men's T-Shirt,3,610,0.2,1464.0,793.9,670.1,Credit Card
ORD106506,2025-11-20,CUST-02254,Consumer,West,Mumbai,Office,Printer,2,20210,0.15,34357.0,31976.41,2380.59,Credit Card
ORD106507,2025-11-21,CUST-02390,Small Business,Central,Bhopal,Fashion,Wrist Watch,3,3990,0.2,9576.0,6459.25,3116.75,UPI
ORD106508,2025-11-21,CUST-03066,Consumer,Central,Gwalior,Fashion,Women's Kurti,5,2340,0.2,9360.0,4907.44,4452.56,UPI
ORD106509,2025-11-21,CUST-02993,Consumer,South,Chennai,Fashion,Running Shoes,5,1310,0.2,5240.0,3501.28,1738.72,UPI
ORD106510,2025-11-21,CUST-02070,Consumer,West,Surat,Fashion,Denim Jeans,3,2430,0.2,5832.0,2831.97,3000.03,Cash on Delivery
ORD106511,2025-11-21,CUST-00984,Consumer,West,Surat,Electronics,Power Bank,3,2350,0.15,5992.5,4078.06,1914.44,Debit Card
ORD106512,2025-11-21,CUST-00042,Corporate,Central,Jabalpur,Fashion,Handbag,3,2010,0.2,4824.0,2087.23,2736.77,Credit Card
ORD106513,2025-11-21,CUST-02018,Consumer,South,Bengaluru,Fashion,Running Shoes,4,1320,0.2,4224.0,2567.55,1656.45,Debit Card
ORD106514,2025-11-21,CUST-01348,Consumer,West,Surat,Office,Stationery Kit,4,300,0.15,1020.0,439.8,580.2,Credit Card
ORD106515,2025-11-21,CUST-00474,Consumer,West,Mumbai,Fashion,Men's T-Shirt,4,810,0.2,2592.0,1355.96,1236.04,Debit Card
ORD106516,2025-11-21,CUST-00708,Small Business,West,Nagpur,Electronics,Bluetooth Speaker,1,1270,0.15,1079.5,722.8,356.7,Credit Card
ORD106517,2025-11-21,CUST-02961,Consumer,South,Chennai,Electronics,Bluetooth Earbuds,1,5830,0.15,4955.5,3266.95,1688.55,UPI
ORD106518,2025-11-21,CUST-00220,Consumer,North,Lucknow,Electronics,Tablet,2,18190,0.2,29104.0,27435.53,1668.47,Debit Card
ORD106519,2025-11-21,CUST-02515,Small Business,North,Chandigarh,Home & Kitchen,Air Fryer,3,6410,0.2,15384.0,13335.25,2048.75,UPI
ORD106520,2025-11-21,CUST-02859,Corporate,North,Delhi,Office,File Organizer,4,790,0.15,2686.0,1215.82,1470.18,Debit Card
ORD106521,2025-11-21,CUST-02208,Consumer,West,Mumbai,Office,Study Table,4,13370,0.15,45458.0,29323.61,16134.39,Credit Card
ORD106522,2025-11-21,CUST-00196,Consumer,North,Jaipur,Home & Kitchen,Air Fryer,4,4950,0.2,15840.0,12101.62,3738.38,Net Banking
ORD106523,2025-11-21,CUST-02685,Consumer,West,Surat,Electronics,Bluetooth Earbuds,1,1260,0.15,1071.0,813.85,257.15,Credit Card
ORD106524,2025-11-21,CUST-02100,Small Business,West,Ahmedabad,Fashion,Wrist Watch,3,2450,0.2,5880.0,2846.9,3033.1,Debit Card
ORD106525,2025-11-21,CUST-00926,Consumer,West,Mumbai,Home & Kitchen,Water Purifier,2,18220,0.2,29152.0,21228.06,7923.94,Credit Card
ORD106526,2025-11-21,CUST-02011,Consumer,North,Chandigarh,Home & Kitchen,Washing Machine,5,19200,0.2,76800.0,58624.93,18175.07,Credit Card
ORD106527,2025-11-21,CUST-00439,Small Business,South,Chennai,Electronics,Laptop,1,31540,0.15,26809.0,27635.47,-826.47,Cash on Delivery
ORD106528,2025-11-21,CUST-02278,Corporate,East,Kolkata,Office,File Organizer,2,1210,0.15,2057.0,957.79,1099.21,Cash on Delivery
ORD106529,2025-11-21,CUST-02859,Corporate,North,Delhi,Fashion,Handbag,4,3050,0.2,9760.0,5807.45,3952.55,UPI
ORD106530,2025-11-21,CUST-01635,Consumer,Central,Indore,Electronics,LED Television,2,30530,0.15,51901.0,46255.89,5645.11,Cash on Delivery
ORD106531,2025-11-21,CUST-03023,Consumer,Central,Bhopal,Fashion,Handbag,4,3070,0.2,9824.0,5713.12,4110.88,Net Banking
ORD106532,2025-11-21,CUST-01368,Small Business,West,Surat,Home & Kitchen,Washing Machine,5,38130,0.2,152520.0,129137.25,23382.75,UPI
ORD106533,2025-11-22,CUST-02726,Consumer,West,Pune,Fashion,Denim Jeans,2,1420,0.2,2272.0,1173.1,1098.9,UPI
ORD106534,2025-11-22,CUST-02477,Consumer,East,Patna,Home & Kitchen,Pressure Cooker,3,3400,0.2,8160.0,5132.72,3027.28,Debit Card
ORD106535,2025-11-22,CUST-00308,Corporate,West,Mumbai,Office,Whiteboard,1,3390,0.15,2881.5,1842.88,1038.62,EMI
ORD106536,2025-11-22,CUST-02888,Consumer,West,Surat,Electronics,Laptop,2,32310,0.15,54927.0,56961.13,-2034.13,Credit Card
ORD106537,2025-11-22,CUST-02879,Small Business,Central,Jabalpur,Electronics,LED Television,1,40400,0.15,34340.0,31561.38,2778.62,Credit Card
ORD106538,2025-11-22,CUST-01081,Consumer,North,Chandigarh,Home & Kitchen,Mixer Grinder,1,4430,0.2,3544.0,2832.02,711.98,Credit Card
ORD106539,2025-11-22,CUST-02529,Small Business,West,Pune,Home & Kitchen,Mixer Grinder,2,2540,0.2,4064.0,2898.04,1165.96,Credit Card
ORD106540,2025-11-22,CUST-00738,Consumer,Central,Raipur,Electronics,LED Television,2,40480,0.15,68816.0,62015.61,6800.39,Cash on Delivery
ORD106541,2025-11-22,CUST-00098,Consumer,South,Kochi,Electronics,LED Television,2,22290,0.15,37893.0,37429.62,463.38,Cash on Delivery
ORD106542,2025-11-22,CUST-00673,Corporate,North,Delhi,Electronics,Tablet,2,28390,0.2,45424.0,42036.45,3387.55,Credit Card
ORD106543,2025-11-22,CUST-01536,Consumer,East,Guwahati,Home & Kitchen,Pressure Cooker,5,1980,0.2,7920.0,5467.96,2452.04,Net Banking
ORD106544,2025-11-22,CUST-00183,Consumer,West,Pune,Home & Kitchen,Mixer Grinder,2,5940,0.2,9504.0,7380.73,2123.27,Credit Card
ORD106545,2025-11-22,CUST-00513,Consumer,South,Kochi,Office,Study Table,1,5840,0.15,4964.0,3072.41,1891.59,Debit Card
ORD106546,2025-11-22,CUST-03016,Consumer,West,Ahmedabad,Fashion,Running Shoes,2,1330,0.2,2128.0,1410.72,717.28,UPI
ORD106547,2025-11-22,CUST-01566,Consumer,South,Hyderabad,Fashion,Wrist Watch,3,1660,0.2,3984.0,2730.58,1253.42,EMI
ORD106548,2025-11-22,CUST-02618,Consumer,South,Chennai,Fashion,Men's T-Shirt,1,2460,0.2,1968.0,769.22,1198.78,UPI
ORD106549,2025-11-22,CUST-00670,Corporate,West,Surat,Electronics,LED Television,2,75180,0.15,127806.0,125262.65,2543.35,Debit Card
ORD106550,2025-11-22,CUST-00309,Consumer,West,Mumbai,Home & Kitchen,Refrigerator,1,28340,0.2,22672.0,20111.61,2560.39,Credit Card
ORD106551,2025-11-22,CUST-02494,Consumer,West,Ahmedabad,Fashion,Men's T-Shirt,3,1160,0.2,2784.0,1446.83,1337.17,Credit Card
ORD106552,2025-11-22,CUST-01072,Consumer,North,Jaipur,Fashion,Handbag,3,1970,0.2,4728.0,2016.18,2711.82,Cash on Delivery
ORD106553,2025-11-22,CUST-01444,Consumer,West,Mumbai,Home & Kitchen,Pressure Cooker,5,1010,0.2,4040.0,2574.04,1465.96,Credit Card
ORD106554,2025-11-22,CUST-03181,Small Business,North,Chandigarh,Home & Kitchen,Air Fryer,1,8590,0.2,6872.0,5540.16,1331.84,Debit Card
ORD106555,2025-11-22,CUST-00977,Consumer,Central,Raipur,Electronics,LED Television,2,21950,0.15,37315.0,35140.59,2174.41,UPI
ORD106556,2025-11-22,CUST-01492,Corporate,North,Dehradun,Office,Stationery Kit,1,970,0.15,824.5,462.25,362.25,Net Banking
ORD106557,2025-11-22,CUST-02034,Small Business,West,Ahmedabad,Office,Whiteboard,2,2150,0.15,3655.0,2024.37,1630.63,UPI
ORD106558,2025-11-22,CUST-00309,Consumer,West,Mumbai,Fashion,Men's T-Shirt,1,390,0.2,312.0,134.96,177.04,UPI
ORD106559,2025-11-22,CUST-02300,Small Business,Central,Bhopal,Home & Kitchen,Pressure Cooker,3,1000,0.15,2550.0,1627.08,922.92,Net Banking
ORD106560,2025-11-22,CUST-01420,Small Business,West,Ahmedabad,Electronics,LED Television,1,29800,0.15,25330.0,22905.3,2424.7,EMI
ORD106561,2025-11-22,CUST-00549,Consumer,West,Ahmedabad,Electronics,Power Bank,1,1810,0.15,1538.5,929.22,609.28,Cash on Delivery
ORD106562,2025-11-22,CUST-01344,Corporate,North,Jaipur,Home & Kitchen,Pressure Cooker,3,2860,0.2,6864.0,4750.29,2113.71,Credit Card
ORD106563,2025-11-22,CUST-01447,Consumer,North,Jaipur,Home & Kitchen,Washing Machine,4,29910,0.2,95712.0,73885.54,21826.46,Net Banking
ORD106564,2025-11-22,CUST-02055,Consumer,South,Hyderabad,Home & Kitchen,Air Fryer,3,4900,0.15,12495.0,8307.95,4187.05,UPI
ORD106565,2025-11-22,CUST-02964,Consumer,North,Dehradun,Home & Kitchen,Washing Machine,2,30610,0.2,48976.0,39801.33,9174.67,Debit Card
ORD106566,2025-11-22,CUST-02451,Consumer,South,Hyderabad,Electronics,Power Bank,1,890,0.15,756.5,489.17,267.33,Debit Card
ORD106567,2025-11-22,CUST-01174,Corporate,East,Patna,Fashion,Handbag,3,920,0.2,2208.0,865.15,1342.85,UPI
ORD106568,2025-11-22,CUST-03082,Consumer,North,Jaipur,Fashion,Running Shoes,5,5110,0.2,20440.0,10668.4,9771.6,Net Banking
ORD106569,2025-11-22,CUST-02523,Small Business,West,Mumbai,Electronics,Tablet,1,13710,0.15,11653.5,11596.81,56.69,Debit Card
ORD106570,2025-11-23,CUST-00096,Consumer,West,Ahmedabad,Electronics,LED Television,2,22500,0.15,38250.0,34846.85,3403.15,EMI
ORD106571,2025-11-23,CUST-00383,Consumer,East,Kolkata,Home & Kitchen,Ceiling Fan,3,2810,0.2,6744.0,5439.64,1304.36,UPI
ORD106572,2025-11-23,CUST-00712,Consumer,South,Kochi,Electronics,Bluetooth Earbuds,2,3990,0.15,6783.0,5499.06,1283.94,Debit Card
ORD106573,2025-11-23,CUST-00291,Consumer,West,Mumbai,Home & Kitchen,Water Purifier,3,10720,0.2,25728.0,19439.23,6288.77,Debit Card
ORD106574,2025-11-23,CUST-01544,Consumer,North,Dehradun,Fashion,Wrist Watch,5,3910,0.2,15640.0,10124.13,5515.87,Debit Card
ORD106575,2025-11-23,CUST-01029,Corporate,West,Surat,Electronics,Tablet,2,10210,0.15,17357.0,15096.62,2260.38,Debit Card
ORD106576,2025-11-23,CUST-03096,Consumer,West,Surat,Fashion,Winter Jacket,3,2290,0.2,5496.0,3278.05,2217.95,Net Banking
ORD106577,2025-11-23,CUST-01490,Small Business,South,Hyderabad,Electronics,Smartwatch,1,5040,0.15,4284.0,2865.0,1419.0,Debit Card
ORD106578,2025-11-23,CUST-00698,Corporate,Central,Indore,Home & Kitchen,Air Fryer,3,5150,0.15,13132.5,10726.59,2405.91,UPI
ORD106579,2025-11-23,CUST-03084,Corporate,South,Bengaluru,Office,Laptop Bag,2,1230,0.15,2091.0,1204.61,886.39,Cash on Delivery
ORD106580,2025-11-23,CUST-01613,Corporate,South,Bengaluru,Fashion,Formal Shirt,4,1360,0.2,4352.0,2067.19,2284.81,Cash on Delivery
ORD106581,2025-11-23,CUST-00247,Consumer,North,Dehradun,Fashion,Denim Jeans,3,2570,0.2,6168.0,3728.38,2439.62,Cash on Delivery
ORD106582,2025-11-23,CUST-00277,Consumer,South,Chennai,Electronics,Smartphone,3,49780,0.15,126939.0,124081.09,2857.91,Debit Card
ORD106583,2025-11-23,CUST-02180,Consumer,South,Coimbatore,Electronics,Power Bank,1,1300,0.15,1105.0,612.94,492.06,Debit Card
ORD106584,2025-11-23,CUST-01572,Small Business,West,Ahmedabad,Electronics,Tablet,2,9860,0.15,16762.0,14501.71,2260.29,Net Banking
ORD106585,2025-11-23,CUST-01987,Consumer,West,Mumbai,Fashion,Women's Kurti,2,1280,0.2,2048.0,1133.76,914.24,UPI
ORD106586,2025-11-23,CUST-02701,Corporate,West,Ahmedabad,Home & Kitchen,Pressure Cooker,3,2730,0.2,6552.0,4649.37,1902.63,Cash on Delivery
ORD106587,2025-11-23,CUST-02192,Small Business,North,Lucknow,Fashion,Winter Jacket,3,4020,0.2,9648.0,5136.42,4511.58,Cash on Delivery
ORD106588,2025-11-23,CUST-02737,Corporate,North,Jaipur,Home & Kitchen,Washing Machine,3,50080,0.2,120192.0,106149.26,14042.74,UPI
ORD106589,2025-11-23,CUST-02389,Consumer,South,Chennai,Office,Study Table,2,4590,0.15,7803.0,4837.37,2965.63,UPI
ORD106590,2025-11-23,CUST-02174,Corporate,South,Hyderabad,Home & Kitchen,Air Fryer,3,4880,0.15,12444.0,8293.66,4150.34,Credit Card
ORD106591,2025-11-23,CUST-00431,Consumer,South,Coimbatore,Office,File Organizer,2,600,0.15,1020.0,461.12,558.88,UPI
ORD106592,2025-11-23,CUST-01533,Consumer,South,Hyderabad,Electronics,Laptop,1,68030,0.15,57825.5,57123.81,701.69,Cash on Delivery
ORD106593,2025-11-23,CUST-01353,Small Business,South,Bengaluru,Electronics,Power Bank,2,1330,0.15,2261.0,1363.71,897.29,EMI
ORD106594,2025-11-23,CUST-01696,Corporate,South,Chennai,Electronics,Bluetooth Earbuds,1,1340,0.15,1139.0,742.71,396.29,Credit Card
ORD106595,2025-11-23,CUST-01204,Corporate,West,Ahmedabad,Office,Printer,4,19510,0.15,66334.0,56437.12,9896.88,Credit Card
ORD106596,2025-11-23,CUST-01976,Consumer,North,Lucknow,Home & Kitchen,Air Fryer,1,3900,0.2,3120.0,2157.51,962.49,Credit Card
ORD106597,2025-11-23,CUST-01208,Consumer,South,Coimbatore,Home & Kitchen,Ceiling Fan,3,4000,0.15,10200.0,7818.83,2381.17,Debit Card
ORD106598,2025-11-23,CUST-01767,Consumer,East,Ranchi,Office,Desk Lamp,1,1290,0.15,1096.5,598.25,498.25,UPI
ORD106599,2025-11-23,CUST-01216,Corporate,West,Surat,Fashion,Denim Jeans,5,3010,0.2,12040.0,6911.79,5128.21,Debit Card
ORD106600,2025-11-23,CUST-02859,Corporate,North,Delhi,Fashion,Handbag,2,1960,0.2,3136.0,1785.05,1350.95,UPI
ORD106601,2025-11-23,CUST-01148,Consumer,Central,Raipur,Home & Kitchen,Refrigerator,3,27340,0.15,69717.0,51230.51,18486.49,EMI
ORD106602,2025-11-24,CUST-02345,Corporate,North,Jaipur,Fashion,Wrist Watch,3,1660,0.2,3984.0,2463.95,1520.05,Cash on Delivery
ORD106603,2025-11-24,CUST-01955,Corporate,East,Ranchi,Electronics,Smartphone,1,33240,0.15,28254.0,26482.25,1771.75,Credit Card
ORD106604,2025-11-24,CUST-01187,Consumer,North,Lucknow,Fashion,Running Shoes,1,3600,0.2,2880.0,1525.41,1354.59,Debit Card
ORD106605,2025-11-24,CUST-02568,Corporate,East,Bhubaneswar,Electronics,Smartwatch,1,6950,0.15,5907.5,3895.06,2012.44,Credit Card
ORD106606,2025-11-24,CUST-02929,Consumer,West,Surat,Fashion,Denim Jeans,3,2940,0.2,7056.0,3922.53,3133.47,EMI
ORD106607,2025-11-24,CUST-02446,Consumer,Central,Indore,Fashion,Handbag,4,2970,0.2,9504.0,3718.41,5785.59,Credit Card
ORD106608,2025-11-24,CUST-03008,Consumer,South,Coimbatore,Home & Kitchen,Microwave Oven,2,7830,0.15,13311.0,10786.01,2524.99,UPI
ORD106609,2025-11-24,CUST-01361,Consumer,West,Ahmedabad,Home & Kitchen,Refrigerator,3,60550,0.2,145320.0,135769.31,9550.69,UPI
ORD106610,2025-11-24,CUST-02894,Consumer,South,Chennai,Electronics,Power Bank,2,1330,0.15,2261.0,1363.6,897.4,UPI
ORD106611,2025-11-24,CUST-02783,Consumer,South,Chennai,Fashion,Women's Kurti,1,910,0.2,728.0,357.86,370.14,EMI
ORD106612,2025-11-24,CUST-02448,Consumer,East,Patna,Office,Printer,1,13820,0.15,11747.0,9657.4,2089.6,Debit Card
ORD106613,2025-11-24,CUST-02659,Consumer,West,Mumbai,Electronics,Smartphone,1,8780,0.15,7463.0,6893.7,569.3,Credit Card
ORD106614,2025-11-24,CUST-02339,Consumer,East,Guwahati,Fashion,Handbag,3,920,0.2,2208.0,973.05,1234.95,Cash on Delivery
ORD106615,2025-11-24,CUST-01607,Consumer,North,Chandigarh,Fashion,Denim Jeans,3,3040,0.2,7296.0,3694.02,3601.98,Net Banking
ORD106616,2025-11-24,CUST-01748,Consumer,West,Ahmedabad,Electronics,Power Bank,3,1300,0.15,3315.0,2190.15,1124.85,Cash on Delivery
ORD106617,2025-11-24,CUST-01300,Consumer,East,Patna,Electronics,Power Bank,3,1760,0.15,4488.0,2533.63,1954.37,Credit Card
ORD106618,2025-11-24,CUST-02132,Consumer,South,Kochi,Electronics,Bluetooth Speaker,1,1310,0.15,1113.5,836.33,277.17,EMI
ORD106619,2025-11-24,CUST-00990,Consumer,South,Coimbatore,Office,Laptop Bag,2,2960,0.15,5032.0,3216.19,1815.81,Credit Card
ORD106620,2025-11-24,CUST-02378,Consumer,East,Bhubaneswar,Fashion,Running Shoes,5,3530,0.2,14120.0,7281.85,6838.15,UPI
ORD106621,2025-11-24,CUST-01602,Consumer,West,Pune,Electronics,Smartphone,1,44160,0.15,37536.0,37974.75,-438.75,UPI
ORD106622,2025-11-24,CUST-01086,Small Business,West,Pune,Electronics,LED Television,1,75990,0.15,64591.5,64427.44,164.06,EMI
ORD106623,2025-11-24,CUST-00474,Consumer,West,Mumbai,Electronics,LED Television,2,40450,0.15,68765.0,67661.7,1103.3,Credit Card
ORD106624,2025-11-24,CUST-00835,Consumer,West,Ahmedabad,Home & Kitchen,Mixer Grinder,3,2480,0.2,5952.0,4299.07,1652.93,Net Banking
ORD106625,2025-11-24,CUST-02053,Consumer,South,Coimbatore,Fashion,Denim Jeans,4,2540,0.2,8128.0,4412.63,3715.37,Debit Card
ORD106626,2025-11-24,CUST-01142,Corporate,South,Hyderabad,Office,Whiteboard,4,1520,0.15,5168.0,2760.65,2407.35,Credit Card
ORD106627,2025-11-24,CUST-00103,Consumer,North,Dehradun,Electronics,Bluetooth Speaker,1,1320,0.2,1056.0,699.41,356.59,UPI
ORD106628,2025-11-24,CUST-01006,Consumer,West,Ahmedabad,Electronics,Power Bank,1,2240,0.15,1904.0,1257.5,646.5,Debit Card
ORD106629,2025-11-25,CUST-01128,Small Business,South,Chennai,Office,Stationery Kit,3,680,0.15,1734.0,975.84,758.16,Credit Card
ORD106630,2025-11-25,CUST-00767,Corporate,West,Nagpur,Office,Whiteboard,2,3230,0.15,5491.0,3455.82,2035.18,UPI
ORD106631,2025-11-25,CUST-00950,Consumer,West,Pune,Fashion,Women's Kurti,5,1800,0.2,7200.0,3236.75,3963.25,UPI
ORD106632,2025-11-25,CUST-02267,Small Business,North,Dehradun,Home & Kitchen,Microwave Oven,4,16410,0.2,52512.0,41343.03,11168.97,EMI
ORD106633,2025-11-25,CUST-02390,Small Business,Central,Bhopal,Office,Office Chair,1,7850,0.15,6672.5,4619.25,2053.25,UPI
ORD106634,2025-11-25,CUST-03043,Consumer,Central,Jabalpur,Home & Kitchen,Microwave Oven,4,8150,0.15,27710.0,20801.8,6908.2,Credit Card
ORD106635,2025-11-25,CUST-00384,Consumer,South,Kochi,Electronics,Bluetooth Earbuds,2,5840,0.15,9928.0,6682.56,3245.44,Net Banking
ORD106636,2025-11-25,CUST-00966,Consumer,South,Coimbatore,Fashion,Wrist Watch,2,2470,0.2,3952.0,2704.2,1247.8,Credit Card
ORD106637,2025-11-25,CUST-00260,Consumer,North,Delhi,Home & Kitchen,Microwave Oven,4,6150,0.2,19680.0,18007.71,1672.29,Credit Card
ORD106638,2025-11-25,CUST-01953,Consumer,West,Nagpur,Fashion,Handbag,1,3980,0.2,3184.0,1262.85,1921.15,UPI
ORD106639,2025-11-25,CUST-00047,Corporate,East,Kolkata,Electronics,LED Television,1,21830,0.15,18555.5,17497.74,1057.76,Net Banking
ORD106640,2025-11-25,CUST-00670,Corporate,West,Surat,Home & Kitchen,Ceiling Fan,4,3930,0.2,12576.0,8751.49,3824.51,UPI
ORD106641,2025-11-25,CUST-01862,Consumer,West,Nagpur,Fashion,Wrist Watch,5,1660,0.2,6640.0,3340.89,3299.11,UPI
ORD106642,2025-11-25,CUST-01105,Consumer,North,Chandigarh,Fashion,Winter Jacket,4,2240,0.2,7168.0,4144.38,3023.62,Debit Card
ORD106643,2025-11-25,CUST-01712,Corporate,South,Hyderabad,Office,Laptop Bag,4,780,0.15,2652.0,1406.38,1245.62,EMI
ORD106644,2025-11-25,CUST-02053,Consumer,South,Coimbatore,Fashion,Men's T-Shirt,3,800,0.2,1920.0,1030.95,889.05,UPI
ORD106645,2025-11-25,CUST-02662,Consumer,South,Coimbatore,Fashion,Wrist Watch,3,3900,0.2,9360.0,6074.56,3285.44,UPI
ORD106646,2025-11-25,CUST-01210,Consumer,North,Chandigarh,Fashion,Denim Jeans,1,2560,0.2,2048.0,1099.82,948.18,Debit Card
ORD106647,2025-11-25,CUST-00928,Small Business,South,Bengaluru,Office,File Organizer,1,600,0.15,510.0,279.02,230.98,Cash on Delivery
ORD106648,2025-11-25,CUST-01691,Consumer,East,Guwahati,Fashion,Wrist Watch,2,6050,0.2,9680.0,6614.87,3065.13,UPI
ORD106649,2025-11-25,CUST-00237,Consumer,Central,Jabalpur,Office,Printer,2,10050,0.15,17085.0,15675.59,1409.41,Cash on Delivery
ORD106650,2025-11-25,CUST-00127,Not Specified,South,Hyderabad,Office,Office Chair,2,8100,0.15,13770.0,8941.57,4828.43,UPI
ORD106651,2025-11-25,CUST-01420,Small Business,West,Ahmedabad,Office,Desk Lamp,2,1770,0.15,3009.0,1883.54,1125.46,Credit Card
ORD106652,2025-11-25,CUST-00713,Consumer,West,Ahmedabad,Office,Printer,2,5120,0.15,8704.0,7322.69,1381.31,Credit Card
ORD106653,2025-11-25,CUST-00029,Small Business,West,Pune,Home & Kitchen,Air Fryer,2,5040,0.2,8064.0,6306.14,1757.86,Debit Card
ORD106654,2025-11-25,CUST-02191,Consumer,West,Nagpur,Fashion,Handbag,5,1410,0.2,5640.0,2295.7,3344.3,Debit Card
ORD106655,2025-11-25,CUST-02602,Corporate,East,Patna,Electronics,LED Television,1,22470,0.15,19099.5,17307.07,1792.43,Credit Card
ORD106656,2025-11-25,CUST-00474,Consumer,West,Mumbai,Electronics,Bluetooth Earbuds,3,3070,0.15,7828.5,6265.09,1563.41,Credit Card
ORD106657,2025-11-25,CUST-01784,Small Business,West,Mumbai,Electronics,LED Television,2,39360,0.15,66912.0,62445.56,4466.44,UPI
ORD106658,2025-11-25,CUST-03141,Consumer,North,Chandigarh,Electronics,Power Bank,1,1290,0.2,1032.0,729.39,302.61,UPI
ORD106659,2025-11-25,CUST-00893,Consumer,South,Hyderabad,Home & Kitchen,Water Purifier,1,17540,0.15,14909.0,11651.11,3257.89,Credit Card
ORD106660,2025-11-26,CUST-02344,Consumer,North,Jaipur,Fashion,Men's T-Shirt,4,800,0.2,2560.0,1281.77,1278.23,UPI
ORD106661,2025-11-26,CUST-00517,Consumer,South,Chennai,Electronics,LED Television,1,56200,0.15,47770.0,46436.3,1333.7,UPI
ORD106662,2025-11-26,CUST-02945,Small Business,South,Kochi,Electronics,Tablet,1,14300,0.15,12155.0,10437.91,1717.09,Credit Card
ORD106663,2025-11-26,CUST-00002,Consumer,North,Jaipur,Fashion,Winter Jacket,2,2300,0.2,3680.0,2310.02,1369.98,Debit Card
ORD106664,2025-11-26,CUST-00950,Consumer,West,Pune,Fashion,Women's Kurti,4,1790,0.2,5728.0,2364.43,3363.57,UPI
ORD106665,2025-11-26,CUST-03117,Consumer,North,Delhi,Fashion,Handbag,5,1940,0.2,7760.0,4179.09,3580.91,Credit Card
ORD106666,2025-11-26,CUST-02157,Small Business,North,Jaipur,Home & Kitchen,Microwave Oven,5,6030,0.2,24120.0,19914.07,4205.93,UPI
ORD106667,2025-11-26,CUST-00698,Corporate,Central,Indore,Fashion,Formal Shirt,2,720,0.2,1152.0,633.85,518.15,UPI
ORD106668,2025-11-26,CUST-02526,Corporate,West,Nagpur,Fashion,Women's Kurti,2,910,0.2,1456.0,663.6,792.4,UPI
ORD106669,2025-11-26,CUST-02855,Consumer,North,Jaipur,Fashion,Denim Jeans,2,2450,0.2,3920.0,2314.53,1605.47,EMI
ORD106670,2025-11-26,CUST-01544,Consumer,North,Dehradun,Home & Kitchen,Pressure Cooker,5,1030,0.2,4120.0,2739.07,1380.93,Net Banking
ORD106671,2025-11-26,CUST-00496,Consumer,West,Pune,Electronics,Smartwatch,1,3550,0.15,3017.5,2037.95,979.55,Credit Card
ORD106672,2025-11-26,CUST-00848,Consumer,West,Pune,Fashion,Women's Kurti,3,2280,0.2,5472.0,2635.23,2836.77,Credit Card
ORD106673,2025-11-26,CUST-02990,Consumer,South,Coimbatore,Fashion,Running Shoes,5,5060,0.2,20240.0,13321.08,6918.92,Credit Card
ORD106674,2025-11-26,CUST-00516,Consumer,South,Chennai,Home & Kitchen,Washing Machine,2,57510,0.15,97767.0,79301.24,18465.76,Debit Card
ORD106675,2025-11-26,CUST-00967,Consumer,West,Pune,Fashion,Formal Shirt,4,690,0.2,2208.0,1309.61,898.39,Net Banking
ORD106676,2025-11-26,CUST-00469,Consumer,South,Hyderabad,Electronics,Bluetooth Earbuds,1,1320,0.15,1122.0,822.35,299.65,Debit Card
ORD106677,2025-11-26,CUST-00352,Consumer,North,Lucknow,Office,Office Chair,1,20260,0.15,17221.0,13030.3,4190.7,Credit Card
ORD106678,2025-11-26,CUST-01636,Consumer,West,Ahmedabad,Electronics,Bluetooth Speaker,2,1290,0.15,2193.0,1412.48,780.52,Credit Card
ORD106679,2025-11-26,CUST-01224,Consumer,West,Surat,Fashion,Running Shoes,2,2490,0.2,3984.0,2444.09,1539.91,Credit Card
ORD106680,2025-11-26,CUST-00145,Consumer,Central,Gwalior,Home & Kitchen,Pressure Cooker,2,1490,0.15,2533.0,1814.69,718.31,Debit Card
ORD106681,2025-11-26,CUST-00468,Consumer,East,Ranchi,Electronics,LED Television,1,40030,0.15,34025.5,33827.56,197.94,Debit Card
ORD106682,2025-11-26,CUST-00115,Consumer,South,Chennai,Fashion,Wrist Watch,1,980,0.2,784.0,404.91,379.09,UPI
ORD106683,2025-11-26,CUST-00077,Consumer,Central,Gwalior,Electronics,Tablet,3,28660,0.15,73083.0,63883.0,9200.0,Credit Card
ORD106684,2025-11-26,CUST-00557,Consumer,Central,Jabalpur,Home & Kitchen,Refrigerator,3,35560,0.15,90678.0,71073.55,19604.45,Cash on Delivery
ORD106685,2025-11-26,CUST-02390,Small Business,Central,Bhopal,Electronics,Tablet,2,10000,0.15,17000.0,15233.42,1766.58,Credit Card
ORD106686,2025-11-26,CUST-00044,Small Business,West,Ahmedabad,Home & Kitchen,Washing Machine,5,24150,0.2,96600.0,86374.66,10225.34,UPI
ORD106687,2025-11-26,CUST-00950,Consumer,West,Pune,Fashion,Denim Jeans,3,1010,0.2,2424.0,1213.22,1210.78,UPI
ORD106688,2025-11-26,CUST-01785,Consumer,South,Kochi,Office,Study Table,3,4560,0.15,11628.0,7376.35,4251.65,Credit Card
ORD106689,2025-11-26,CUST-02390,Small Business,Central,Bhopal,Fashion,Wrist Watch,4,6130,0.2,19616.0,10507.68,9108.32,Credit Card
ORD106690,2025-11-26,CUST-02187,Consumer,East,Kolkata,Fashion,Winter Jacket,2,1650,0.2,2640.0,1429.0,1211.0,UPI
ORD106691,2025-11-26,CUST-03161,Small Business,South,Kochi,Electronics,Bluetooth Speaker,3,3890,0.15,9919.5,7046.4,2873.1,Net Banking
ORD106692,2025-11-26,CUST-00925,Consumer,Central,Gwalior,Home & Kitchen,Washing Machine,3,30250,0.15,77137.5,60120.19,17017.31,Cash on Delivery
ORD106693,2025-11-26,CUST-00001,Small Business,East,Guwahati,Home & Kitchen,Mixer Grinder,3,4550,0.2,10920.0,8821.06,2098.94,Cash on Delivery
ORD106694,2025-11-26,CUST-00115,Consumer,South,Chennai,Home & Kitchen,Refrigerator,5,34410,0.15,146242.5,116509.87,29732.63,Debit Card
ORD106695,2025-11-26,CUST-00335,Small Business,North,Lucknow,Home & Kitchen,Air Fryer,2,11200,0.2,17920.0,13708.67,4211.33,Net Banking
ORD106696,2025-11-26,CUST-03108,Corporate,Central,Jabalpur,Electronics,Power Bank,2,2310,0.15,3927.0,2177.84,1749.16,Cash on Delivery
ORD106697,2025-11-26,CUST-01808,Consumer,East,Bhubaneswar,Electronics,Smartwatch,1,3570,0.15,3034.5,2332.26,702.24,Cash on Delivery
ORD106698,2025-11-26,CUST-02542,Consumer,South,Coimbatore,Office,Printer,2,7130,0.15,12121.0,11256.9,864.1,Debit Card
ORD106699,2025-11-26,CUST-03145,Consumer,North,Dehradun,Office,Office Chair,2,11090,0.15,18853.0,14183.93,4669.07,UPI
ORD106700,2025-11-26,CUST-02681,Small Business,West,Pune,Fashion,Men's T-Shirt,3,2470,0.2,5928.0,2701.03,3226.97,UPI
ORD106701,2025-11-26,CUST-01261,Consumer,West,Mumbai,Home & Kitchen,Ceiling Fan,4,3910,0.2,12512.0,9192.84,3319.16,UPI
ORD106702,2025-11-26,CUST-02780,Small Business,North,Chandigarh,Fashion,Women's Kurti,3,1270,0.2,3048.0,1152.31,1895.69,Cash on Delivery
ORD106703,2025-11-27,CUST-01354,Consumer,North,Dehradun,Home & Kitchen,Air Fryer,3,5100,0.2,12240.0,8733.65,3506.35,EMI
ORD106704,2025-11-27,CUST-00366,Small Business,Central,Gwalior,Electronics,Bluetooth Speaker,1,2910,0.15,2473.5,1663.38,810.12,UPI
ORD106705,2025-11-27,CUST-01733,Consumer,West,Surat,Fashion,Winter Jacket,5,1670,0.2,6680.0,3663.04,3016.96,UPI
ORD106706,2025-11-27,CUST-02902,Consumer,North,Jaipur,Electronics,Tablet,2,28960,0.2,46336.0,47963.49,-1627.49,Cash on Delivery
ORD106707,2025-11-27,CUST-02501,Consumer,East,Kolkata,Office,Office Chair,1,5980,0.15,5083.0,3784.0,1299.0,UPI
ORD106708,2025-11-27,CUST-01242,Corporate,East,Kolkata,Fashion,Women's Kurti,3,2240,0.2,5376.0,3164.63,2211.37,Debit Card
ORD106709,2025-11-27,CUST-02718,Corporate,North,Lucknow,Office,File Organizer,3,1220,0.15,3111.0,1626.65,1484.35,UPI
ORD106710,2025-11-27,CUST-01460,Small Business,West,Pune,Fashion,Handbag,2,3930,0.2,6288.0,3083.64,3204.36,Credit Card
ORD106711,2025-11-27,CUST-02197,Consumer,South,Coimbatore,Home & Kitchen,Mixer Grinder,5,1760,0.15,7480.0,4860.79,2619.21,Net Banking
ORD106712,2025-11-27,CUST-01022,Consumer,Central,Raipur,Electronics,Tablet,1,13870,0.15,11789.5,11156.12,633.38,UPI
ORD106713,2025-11-27,CUST-00622,Consumer,South,Hyderabad,Home & Kitchen,Mixer Grinder,3,2430,0.15,6196.5,4357.64,1838.86,UPI
ORD106714,2025-11-27,CUST-00970,Small Business,West,Mumbai,Home & Kitchen,Washing Machine,2,19410,0.2,31056.0,26300.98,4755.02,EMI
ORD106715,2025-11-27,CUST-02778,Consumer,North,Jaipur,Fashion,Wrist Watch,2,2440,0.2,3904.0,2418.09,1485.91,Credit Card
ORD106716,2025-11-27,CUST-03165,Consumer,Central,Bhopal,Office,Study Table,1,13010,0.15,11058.5,6964.45,4094.05,UPI
ORD106717,2025-11-27,CUST-00869,Consumer,South,Hyderabad,Electronics,Smartwatch,2,9780,0.15,16626.0,13351.98,3274.02,EMI
ORD106718,2025-11-27,CUST-00531,Consumer,East,Ranchi,Electronics,Laptop,1,58680,0.15,49878.0,51464.68,-1586.68,Debit Card
ORD106719,2025-11-27,CUST-00241,Small Business,South,Coimbatore,Home & Kitchen,Pressure Cooker,2,980,0.15,1666.0,1183.38,482.62,EMI
ORD106720,2025-11-27,CUST-02424,Small Business,East,Kolkata,Fashion,Running Shoes,2,1800,0.2,2880.0,1773.88,1106.12,UPI
ORD106721,2025-11-27,CUST-01655,Small Business,West,Mumbai,Office,Laptop Bag,4,3070,0.15,10438.0,6733.18,3704.82,UPI
ORD106722,2025-11-27,CUST-01765,Corporate,South,Kochi,Electronics,Power Bank,1,2290,0.15,1946.5,1081.64,864.86,UPI
ORD106723,2025-11-27,CUST-00142,Consumer,North,Delhi,Home & Kitchen,Microwave Oven,2,7930,0.2,12688.0,10970.38,1717.62,Net Banking
ORD106724,2025-11-27,CUST-00277,Consumer,South,Chennai,Fashion,Denim Jeans,5,1020,0.2,4080.0,2171.83,1908.17,Debit Card
ORD106725,2025-11-27,CUST-02898,Consumer,East,Patna,Fashion,Handbag,1,3050,0.2,2440.0,1130.84,1309.16,EMI
ORD106726,2025-11-27,CUST-01832,Consumer,South,Coimbatore,Office,Printer,2,6870,0.15,11679.0,10603.77,1075.23,UPI
ORD106727,2025-11-27,CUST-00720,Corporate,North,Jaipur,Fashion,Wrist Watch,2,970,0.2,1552.0,845.96,706.04,UPI
ORD106728,2025-11-27,CUST-00671,Consumer,Central,Bhopal,Electronics,LED Television,2,39390,0.15,66963.0,64670.6,2292.4,Net Banking
ORD106729,2025-11-27,CUST-00785,Consumer,North,Jaipur,Fashion,Running Shoes,3,3460,0.2,8304.0,5506.2,2797.8,UPI
ORD106730,2025-11-27,CUST-00205,Consumer,West,Nagpur,Electronics,Laptop,1,31230,0.15,26545.5,28101.73,-1556.23,Debit Card
ORD106731,2025-11-28,CUST-00147,Corporate,South,Coimbatore,Electronics,Tablet,2,17840,0.15,30328.0,28444.69,1883.31,Credit Card
ORD106732,2025-11-28,CUST-02307,Consumer,South,Coimbatore,Fashion,Formal Shirt,5,720,0.2,2880.0,1498.16,1381.84,UPI
ORD106733,2025-11-28,CUST-00867,Consumer,West,Nagpur,Fashion,Running Shoes,4,2520,0.2,8064.0,4376.16,3687.84,Debit Card
ORD106734,2025-11-28,CUST-01181,Consumer,West,Mumbai,Home & Kitchen,Air Fryer,3,3890,0.2,9336.0,7184.2,2151.8,UPI
ORD106735,2025-11-28,CUST-01688,Corporate,Central,Jabalpur,Home & Kitchen,Air Fryer,3,4940,0.15,12597.0,8767.16,3829.84,UPI
ORD106736,2025-11-28,CUST-00986,Consumer,North,Chandigarh,Electronics,Smartwatch,1,13630,0.2,10904.0,9096.14,1807.86,Credit Card
ORD106737,2025-11-28,CUST-01516,Corporate,South,Coimbatore,Home & Kitchen,Refrigerator,3,21500,0.15,54825.0,42916.86,11908.14,Debit Card
ORD106738,2025-11-28,CUST-02747,Consumer,South,Chennai,Electronics,Smartwatch,1,4890,0.15,4156.5,3026.77,1129.73,UPI
ORD106739,2025-11-28,CUST-00790,Consumer,South,Coimbatore,Electronics,Smartwatch,2,7090,0.15,12053.0,9206.03,2846.97,Net Banking
ORD106740,2025-11-28,CUST-02525,Small Business,West,Pune,Fashion,Running Shoes,3,1820,0.2,4368.0,2658.77,1709.23,UPI
ORD106741,2025-11-28,CUST-00869,Consumer,South,Hyderabad,Fashion,Running Shoes,4,1780,0.2,5696.0,3817.24,1878.76,UPI
ORD106742,2025-11-28,CUST-00593,Consumer,South,Coimbatore,Electronics,Bluetooth Earbuds,2,5100,0.15,8670.0,5761.48,2908.52,Credit Card
ORD106743,2025-11-28,CUST-00247,Consumer,North,Dehradun,Fashion,Men's T-Shirt,3,410,0.2,984.0,422.28,561.72,UPI
ORD106744,2025-11-28,CUST-02197,Consumer,South,Coimbatore,Home & Kitchen,Refrigerator,2,45040,0.15,76568.0,65803.38,10764.62,UPI
ORD106745,2025-11-28,CUST-01275,Small Business,West,Nagpur,Office,Desk Lamp,2,1330,0.15,2261.0,1290.53,970.47,Cash on Delivery
ORD106746,2025-11-28,CUST-02467,Consumer,North,Chandigarh,Office,Desk Lamp,1,910,0.15,773.5,437.04,336.46,UPI
ORD106747,2025-11-28,CUST-00419,Corporate,South,Coimbatore,Electronics,LED Television,1,30000,0.15,25500.0,24157.47,1342.53,Not Specified
ORD106748,2025-11-28,CUST-01915,Corporate,East,Kolkata,Electronics,Smartwatch,1,10130,0.15,8610.5,6913.49,1697.01,Cash on Delivery
ORD106749,2025-11-28,CUST-00035,Consumer,West,Surat,Home & Kitchen,Water Purifier,3,6050,0.2,14520.0,10656.44,3863.56,Cash on Delivery
ORD106750,2025-11-28,CUST-00767,Corporate,West,Nagpur,Home & Kitchen,Refrigerator,4,45220,0.2,144704.0,128265.7,16438.3,UPI
ORD106751,2025-11-28,CUST-01942,Consumer,West,Surat,Fashion,Handbag,5,2030,0.2,8120.0,3394.81,4725.19,Credit Card
ORD106752,2025-11-28,CUST-00180,Consumer,West,Nagpur,Fashion,Denim Jeans,2,3080,0.2,4928.0,2401.02,2526.98,UPI
ORD106753,2025-11-28,CUST-01161,Consumer,South,Hyderabad,Electronics,Smartphone,1,33200,0.15,28220.0,28592.18,-372.18,UPI
ORD106754,2025-11-28,CUST-01773,Small Business,South,Coimbatore,Electronics,Bluetooth Speaker,2,3990,0.15,6783.0,4202.83,2580.17,Debit Card
ORD106755,2025-11-28,CUST-02331,Consumer,West,Ahmedabad,Electronics,Bluetooth Earbuds,2,3070,0.15,5219.0,3575.75,1643.25,Net Banking
ORD106756,2025-11-28,CUST-02271,Consumer,Central,Raipur,Home & Kitchen,Ceiling Fan,5,2770,0.15,11772.5,9034.75,2737.75,UPI
ORD106757,2025-11-28,CUST-00474,Consumer,West,Mumbai,Home & Kitchen,Washing Machine,4,38840,0.2,124288.0,112249.39,12038.61,Cash on Delivery
ORD106758,2025-11-28,CUST-00254,Consumer,South,Coimbatore,Office,Whiteboard,4,1480,0.15,5032.0,2964.98,2067.02,UPI
ORD106759,2025-11-28,CUST-01155,Small Business,West,Ahmedabad,Office,Study Table,4,5980,0.15,20332.0,14861.62,5470.38,Debit Card
ORD106760,2025-11-29,CUST-00785,Consumer,North,Jaipur,Fashion,Women's Kurti,3,2340,0.2,5616.0,2795.33,2820.67,UPI
ORD106761,2025-11-29,CUST-00952,Corporate,West,Nagpur,Fashion,Wrist Watch,3,1740,0.2,4176.0,2581.47,1594.53,Net Banking
ORD106762,2025-11-29,CUST-01040,Small Business,Central,Bhopal,Electronics,Bluetooth Speaker,2,3040,0.15,5168.0,3507.14,1660.86,UPI
ORD106763,2025-11-29,CUST-01224,Consumer,West,Surat,Office,Desk Lamp,1,900,0.15,765.0,424.7,340.3,EMI
ORD106764,2025-11-29,CUST-01622,Small Business,South,Kochi,Electronics,Bluetooth Speaker,1,3950,0.15,3357.5,2221.73,1135.77,Credit Card
ORD106765,2025-11-29,CUST-00035,Consumer,West,Surat,Office,Laptop Bag,3,3070,0.15,7828.5,4801.76,3026.74,Credit Card
ORD106766,2025-11-29,CUST-00950,Consumer,West,Pune,Electronics,Smartphone,2,17830,0.15,30311.0,28364.53,1946.47,UPI
ORD106767,2025-11-29,CUST-00872,Small Business,West,Ahmedabad,Fashion,Men's T-Shirt,2,790,0.2,1264.0,587.93,676.07,UPI
ORD106768,2025-11-29,CUST-00776,Consumer,West,Ahmedabad,Electronics,Power Bank,1,2350,0.15,1997.5,1220.56,776.94,UPI
ORD106769,2025-11-29,CUST-02517,Small Business,North,Dehradun,Fashion,Running Shoes,1,1790,0.2,1432.0,820.6,611.4,UPI
ORD106770,2025-11-29,CUST-00819,Consumer,West,Pune,Office,File Organizer,1,590,0.15,501.5,219.45,282.05,UPI
ORD106771,2025-11-29,CUST-00478,Small Business,Central,Indore,Fashion,Wrist Watch,4,6160,0.2,19712.0,11866.58,7845.42,Cash on Delivery
ORD106772,2025-11-29,CUST-02706,Consumer,North,Jaipur,Fashion,Winter Jacket,1,1710,0.2,1368.0,671.57,696.43,Credit Card
ORD106773,2025-11-29,CUST-01175,Consumer,South,Kochi,Electronics,Tablet,1,14050,0.15,11942.5,11426.81,515.69,Credit Card
ORD106774,2025-11-29,CUST-00584,Consumer,Central,Indore,Electronics,Bluetooth Speaker,1,2930,0.15,2490.5,1786.91,703.59,Debit Card
ORD106775,2025-11-29,CUST-02411,Consumer,East,Guwahati,Fashion,Men's T-Shirt,2,610,0.2,976.0,523.45,452.55,Cash on Delivery
ORD106776,2025-11-29,CUST-02105,Consumer,North,Lucknow,Electronics,Bluetooth Speaker,2,1300,0.2,2080.0,1431.08,648.92,Debit Card
ORD106777,2025-11-29,CUST-02996,Consumer,West,Pune,Office,Printer,2,6800,0.15,11560.0,9313.51,2246.49,UPI
ORD106778,2025-11-29,CUST-02792,Corporate,East,Ranchi,Electronics,Laptop,2,31140,0.15,52938.0,50108.34,2829.66,Cash on Delivery
ORD106779,2025-11-29,CUST-02232,Corporate,East,Ranchi,Fashion,Running Shoes,5,1820,0.2,7280.0,4170.22,3109.78,Credit Card
ORD106780,2025-11-29,CUST-00516,Consumer,South,Chennai,Home & Kitchen,Ceiling Fan,1,1700,0.15,1445.0,1108.46,336.54,UPI
ORD106781,2025-11-29,CUST-01535,Consumer,South,Kochi,Electronics,Smartphone,2,8780,0.15,14926.0,15368.49,-442.49,Debit Card
ORD106782,2025-11-29,CUST-00384,Consumer,South,Kochi,Home & Kitchen,Air Fryer,3,4010,0.15,10225.5,7206.88,3018.62,Net Banking
ORD106783,2025-11-29,CUST-01735,Consumer,West,Pune,Electronics,Smartphone,2,50150,0.15,85255.0,87367.05,-2112.05,Not Specified
ORD106784,2025-11-29,CUST-02902,Consumer,North,Jaipur,Fashion,Denim Jeans,2,3000,0.2,4800.0,2474.07,2325.93,Credit Card
ORD106785,2025-11-29,CUST-00019,Consumer,East,Ranchi,Electronics,Bluetooth Earbuds,2,6110,0.15,10387.0,7536.84,2850.16,UPI
ORD106786,2025-11-29,CUST-02781,Consumer,North,Chandigarh,Electronics,Bluetooth Speaker,2,2960,0.2,4736.0,3431.13,1304.87,Debit Card
ORD106787,2025-11-29,CUST-01692,Consumer,North,Chandigarh,Electronics,Bluetooth Earbuds,2,5860,0.2,9376.0,7438.87,1937.13,Debit Card
ORD106788,2025-11-29,CUST-00478,Small Business,Central,Indore,Electronics,Laptop,1,86470,0.15,73499.5,72131.3,1368.2,Cash on Delivery
ORD106789,2025-11-29,CUST-02718,Corporate,North,Lucknow,Fashion,Winter Jacket,2,2320,0.2,3712.0,2460.22,1251.78,Cash on Delivery
ORD106790,2025-11-29,CUST-01685,Consumer,North,Lucknow,Electronics,Smartwatch,1,1990,0.2,1592.0,1382.6,209.4,UPI
ORD106791,2025-11-30,CUST-01405,Small Business,Central,Jabalpur,Electronics,Bluetooth Speaker,2,2950,0.15,5015.0,3136.81,1878.19,Net Banking
ORD106792,2025-11-30,CUST-01584,Consumer,West,Nagpur,Electronics,Laptop,1,71790,0.15,61021.5,61360.24,-338.74,Debit Card
ORD106793,2025-11-30,CUST-00474,Consumer,West,Mumbai,Fashion,Women's Kurti,5,1270,0.2,5080.0,3041.92,2038.08,Debit Card
ORD106794,2025-11-30,CUST-00366,Small Business,Central,Gwalior,Electronics,Bluetooth Earbuds,2,4040,0.15,6868.0,5458.4,1409.6,UPI
ORD106795,2025-11-30,CUST-02123,Consumer,North,Delhi,Electronics,Smartphone,2,33540,0.2,53664.0,56609.22,-2945.22,Debit Card
ORD106796,2025-11-30,CUST-02801,Consumer,North,Delhi,Fashion,Running Shoes,1,2490,0.2,1992.0,1099.77,892.23,Cash on Delivery
ORD106797,2025-11-30,CUST-02233,Consumer,North,Jaipur,Fashion,Running Shoes,4,1310,0.2,4192.0,2190.74,2001.26,UPI
ORD106798,2025-11-30,CUST-02667,Consumer,North,Chandigarh,Electronics,Smartwatch,2,4910,0.2,7856.0,6635.0,1221.0,Credit Card
ORD106799,2025-11-30,CUST-02681,Small Business,West,Pune,Fashion,Running Shoes,2,2490,0.2,3984.0,2115.47,1868.53,UPI
ORD106800,2025-11-30,CUST-00099,Consumer,East,Guwahati,Office,File Organizer,1,810,0.15,688.5,285.28,403.22,Debit Card
ORD106801,2025-11-30,CUST-02469,Consumer,Central,Indore,Electronics,Tablet,1,13600,0.15,11560.0,11285.28,274.72,Debit Card
ORD106802,2025-11-30,CUST-02472,Consumer,South,Kochi,Home & Kitchen,Water Purifier,3,13700,0.15,34935.0,23294.84,11640.16,Not Specified
ORD106803,2025-11-30,CUST-01076,Consumer,West,Pune,Fashion,Denim Jeans,1,1420,0.2,1136.0,625.96,510.04,Debit Card
ORD106804,2025-11-30,CUST-01273,Consumer,Central,Jabalpur,Office,File Organizer,1,600,0.15,510.0,222.63,287.37,Cash on Delivery
ORD106805,2025-11-30,CUST-02390,Small Business,Central,Bhopal,Fashion,Running Shoes,3,3450,0.2,8280.0,5389.99,2890.01,Credit Card
ORD106806,2025-11-30,CUST-03151,Corporate,West,Mumbai,Electronics,LED Television,2,21940,0.15,37298.0,33412.87,3885.13,UPI
ORD106807,2025-11-30,CUST-03159,Consumer,North,Jaipur,Electronics,Bluetooth Earbuds,1,6050,0.2,4840.0,3817.49,1022.51,Credit Card
ORD106808,2025-11-30,CUST-01494,Consumer,North,Dehradun,Office,Laptop Bag,2,810,0.15,1377.0,774.55,602.45,UPI
ORD106809,2025-11-30,CUST-02520,Small Business,West,Nagpur,Fashion,Denim Jeans,3,1370,0.2,3288.0,1584.37,1703.63,Credit Card
ORD106810,2025-11-30,CUST-01465,Small Business,West,Nagpur,Fashion,Denim Jeans,1,980,0.2,784.0,446.47,337.53,Net Banking
ORD106811,2025-11-30,CUST-02750,Consumer,South,Hyderabad,Fashion,Denim Jeans,1,2950,0.2,2360.0,1354.69,1005.31,UPI
ORD106812,2025-11-30,CUST-02086,Consumer,Central,Indore,Home & Kitchen,Washing Machine,2,38040,0.15,64668.0,46559.12,18108.88,Net Banking
ORD106813,2025-11-30,CUST-02961,Consumer,South,Chennai,Electronics,Bluetooth Earbuds,1,2930,0.15,2490.5,1931.36,559.14,EMI
ORD106814,2025-11-30,CUST-03195,Small Business,West,Nagpur,Fashion,Handbag,3,1400,0.2,3360.0,1493.3,1866.7,EMI
ORD106815,2025-11-30,CUST-01008,Consumer,North,Delhi,Office,Laptop Bag,2,780,0.15,1326.0,710.9,615.1,UPI
ORD106816,2025-11-30,CUST-03129,Consumer,North,Chandigarh,Home & Kitchen,Water Purifier,4,7960,0.2,25472.0,21829.49,3642.51,UPI
ORD106817,2025-11-30,CUST-02224,Consumer,North,Lucknow,Home & Kitchen,Microwave Oven,5,10270,0.2,41080.0,36803.43,4276.57,UPI
ORD106818,2025-11-30,CUST-00782,Small Business,Central,Bhopal,Home & Kitchen,Refrigerator,5,34560,0.15,146880.0,121480.95,25399.05,Cash on Delivery
ORD106819,2025-11-30,CUST-00016,Corporate,West,Mumbai,Electronics,Bluetooth Speaker,2,2010,0.15,3417.0,2191.75,1225.25,Cash on Delivery
ORD106820,2025-11-30,CUST-02197,Consumer,South,Coimbatore,Home & Kitchen,Ceiling Fan,3,2260,0.15,5763.0,4140.92,1622.08,UPI
ORD106821,2025-11-30,CUST-00727,Consumer,North,Delhi,Home & Kitchen,Water Purifier,3,6030,0.2,14472.0,10077.61,4394.39,Cash on Delivery
ORD106822,2025-12-01,CUST-00757,Consumer,West,Mumbai,Home & Kitchen,Pressure Cooker,3,2850,0.1,7695.0,4800.19,2894.81,Net Banking
ORD106823,2025-12-01,CUST-01747,Consumer,West,Pune,Home & Kitchen,Washing Machine,3,58490,0.1,157923.0,122715.82,35207.18,UPI
ORD106824,2025-12-01,CUST-00098,Consumer,South,Kochi,Electronics,LED Television,1,30090,0.05,28585.5,24620.24,3965.26,Not Specified
ORD106825,2025-12-01,CUST-01293,Consumer,South,Chennai,Electronics,Bluetooth Earbuds,1,3080,0.05,2926.0,2135.22,790.78,Credit Card
ORD106826,2025-12-01,CUST-02542,Consumer,South,Coimbatore,Home & Kitchen,Refrigerator,3,28510,0.05,81253.5,56718.39,24535.11,UPI
ORD106827,2025-12-01,CUST-00092,Consumer,North,Delhi,Electronics,Bluetooth Speaker,1,5940,0.1,5346.0,3414.5,1931.5,Credit Card
ORD106828,2025-12-01,CUST-01986,Consumer,West,Mumbai,Office,Printer,2,19920,0.05,37848.0,29760.71,8087.29,Net Banking
ORD106829,2025-12-01,CUST-00507,Small Business,East,Ranchi,Home & Kitchen,Water Purifier,4,10780,0.1,38808.0,28863.77,9944.23,UPI
ORD106830,2025-12-01,CUST-02740,Small Business,West,Pune,Home & Kitchen,Air Fryer,2,11050,0.1,19890.0,14842.71,5047.29,Debit Card
ORD106831,2025-12-01,CUST-01202,Consumer,North,Jaipur,Electronics,Bluetooth Speaker,1,4100,0.1,3690.0,2478.83,1211.17,Credit Card
ORD106832,2025-12-01,CUST-02587,Corporate,East,Patna,Electronics,Power Bank,2,910,0.05,1729.0,916.33,812.67,Not Specified
ORD106833,2025-12-01,CUST-02324,Corporate,West,Surat,Fashion,Women's Kurti,3,880,0.1,2376.0,1027.62,1348.38,Debit Card
ORD106834,2025-12-01,CUST-02792,Corporate,East,Ranchi,Electronics,Smartphone,1,33170,0.05,31511.5,27070.57,4440.93,Cash on Delivery
ORD106835,2025-12-01,CUST-01618,Consumer,Central,Jabalpur,Fashion,Wrist Watch,1,970,0.1,873.0,516.23,356.77,UPI
ORD106836,2025-12-01,CUST-01544,Consumer,North,Dehradun,Home & Kitchen,Washing Machine,2,60190,0.1,108342.0,76430.36,31911.64,UPI
ORD106837,2025-12-01,CUST-00115,Consumer,South,Chennai,Fashion,Formal Shirt,3,1900,0.1,5130.0,2388.42,2741.58,Net Banking
ORD106838,2025-12-01,CUST-01671,Small Business,North,Lucknow,Electronics,Tablet,2,14200,0.1,25560.0,23545.76,2014.24,EMI
ORD106839,2025-12-01,CUST-01636,Consumer,West,Ahmedabad,Home & Kitchen,Microwave Oven,5,16420,0.1,73890.0,57893.23,15996.77,Debit Card
ORD106840,2025-12-01,CUST-01929,Corporate,North,Jaipur,Fashion,Denim Jeans,3,3030,0.1,8181.0,3469.91,4711.09,Credit Card
ORD106841,2025-12-02,CUST-00411,Consumer,South,Chennai,Electronics,Bluetooth Speaker,3,2040,0.05,5814.0,3760.09,2053.91,Credit Card
ORD106842,2025-12-02,CUST-01694,Consumer,East,Kolkata,Electronics,Bluetooth Earbuds,1,5960,0.05,5662.0,4041.5,1620.5,UPI
ORD106843,2025-12-02,CUST-01426,Small Business,West,Ahmedabad,Electronics,Laptop,1,48880,0.05,46436.0,43430.37,3005.63,EMI
ORD106844,2025-12-02,CUST-01888,Consumer,South,Chennai,Electronics,Smartphone,2,12970,0.05,24643.0,22367.72,2275.28,UPI
ORD106845,2025-12-02,CUST-02118,Corporate,North,Jaipur,Electronics,Smartwatch,1,9750,0.1,8775.0,5457.21,3317.79,Credit Card
ORD106846,2025-12-02,CUST-01113,Corporate,West,Surat,Office,Laptop Bag,1,2940,0.05,2793.0,1445.91,1347.09,UPI
ORD106847,2025-12-02,CUST-01602,Consumer,West,Pune,Fashion,Women's Kurti,4,920,0.1,3312.0,1227.73,2084.27,UPI
ORD106848,2025-12-02,CUST-01217,Corporate,South,Chennai,Electronics,Laptop,2,57550,0.05,109345.0,95594.32,13750.68,UPI
ORD106849,2025-12-02,CUST-02451,Consumer,South,Hyderabad,Office,Printer,4,10050,0.05,38190.0,31601.8,6588.2,UPI
ORD106850,2025-12-02,CUST-02533,Consumer,South,Bengaluru,Office,Office Chair,2,14760,0.05,28044.0,17024.95,11019.05,Credit Card
ORD106851,2025-12-02,CUST-00950,Consumer,West,Pune,Office,File Organizer,2,1230,0.05,2337.0,1166.69,1170.31,Credit Card
ORD106852,2025-12-02,CUST-00852,Consumer,West,Pune,Home & Kitchen,Refrigerator,2,21000,0.1,37800.0,27112.4,10687.6,Credit Card
ORD106853,2025-12-02,CUST-02188,Consumer,South,Kochi,Electronics,Smartphone,3,25560,0.05,72846.0,59843.41,13002.59,UPI
ORD106854,2025-12-02,CUST-02479,Consumer,South,Hyderabad,Office,Desk Lamp,2,620,0.05,1178.0,599.12,578.88,UPI
ORD106855,2025-12-02,CUST-00035,Consumer,West,Surat,Fashion,Denim Jeans,4,2470,0.1,8892.0,4799.83,4092.17,Credit Card
ORD106856,2025-12-03,CUST-01330,Consumer,East,Bhubaneswar,Office,Whiteboard,4,3290,0.05,12502.0,7398.24,5103.76,EMI
ORD106857,2025-12-03,CUST-00955,Consumer,East,Kolkata,Electronics,Power Bank,2,1820,0.05,3458.0,2020.4,1437.6,Cash on Delivery
ORD106858,2025-12-03,CUST-02451,Consumer,South,Hyderabad,Electronics,Bluetooth Speaker,2,3970,0.05,7543.0,4250.75,3292.25,UPI
ORD106859,2025-12-03,CUST-00463,Consumer,West,Ahmedabad,Home & Kitchen,Pressure Cooker,2,1480,0.1,2664.0,1492.74,1171.26,UPI
ORD106860,2025-12-03,CUST-02494,Consumer,West,Ahmedabad,Home & Kitchen,Air Fryer,5,6320,0.1,28440.0,19111.51,9328.49,UPI
ORD106861,2025-12-03,CUST-02122,Consumer,South,Kochi,Electronics,Bluetooth Earbuds,1,3020,0.05,2869.0,2008.77,860.23,UPI
ORD106862,2025-12-03,CUST-02675,Small Business,South,Bengaluru,Fashion,Denim Jeans,3,3080,0.1,8316.0,3787.34,4528.66,EMI
ORD106863,2025-12-03,CUST-03168,Consumer,Central,Gwalior,Electronics,LED Television,1,40060,0.05,38057.0,31033.07,7023.93,Cash on Delivery
ORD106864,2025-12-03,CUST-01504,Consumer,Central,Indore,Fashion,Running Shoes,2,4950,0.1,8910.0,5303.63,3606.37,Credit Card
ORD106865,2025-12-03,CUST-02247,Small Business,West,Mumbai,Home & Kitchen,Washing Machine,2,18550,0.1,33390.0,25785.73,7604.27,UPI
ORD106866,2025-12-03,CUST-02282,Consumer,North,Delhi,Office,Study Table,4,5920,0.05,22496.0,13180.39,9315.61,UPI
ORD106867,2025-12-03,CUST-02681,Small Business,West,Pune,Electronics,Power Bank,2,880,0.05,1672.0,975.85,696.15,EMI
ORD106868,2025-12-03,CUST-01621,Consumer,Central,Bhopal,Electronics,Bluetooth Speaker,1,1980,0.05,1881.0,1182.36,698.64,EMI
ORD106869,2025-12-03,CUST-00358,Corporate,West,Nagpur,Office,Stationery Kit,1,290,0.05,275.5,112.35,163.15,Debit Card
ORD106870,2025-12-03,CUST-03129,Consumer,North,Chandigarh,Electronics,Bluetooth Speaker,2,5990,0.1,10782.0,7403.54,3378.46,Credit Card
ORD106871,2025-12-04,CUST-00181,Corporate,West,Pune,Office,Office Chair,3,15050,0.05,42892.5,23399.14,19493.36,Credit Card
ORD106872,2025-12-04,CUST-03065,Corporate,South,Bengaluru,Home & Kitchen,Ceiling Fan,3,4070,0.05,11599.5,7841.68,3757.82,Credit Card
ORD106873,2025-12-04,CUST-00834,Corporate,West,Pune,Fashion,Winter Jacket,3,2270,0.1,6129.0,2750.65,3378.35,UPI
ORD106874,2025-12-04,CUST-01560,Consumer,West,Pune,Home & Kitchen,Microwave Oven,3,5960,0.1,16092.0,12686.31,3405.69,UPI
ORD106875,2025-12-04,CUST-03017,Corporate,Central,Jabalpur,Fashion,Women's Kurti,4,1300,0.1,4680.0,1839.44,2840.56,Debit Card
ORD106876,2025-12-04,CUST-02185,Consumer,North,Chandigarh,Office,Study Table,2,7920,0.05,15048.0,9391.93,5656.07,EMI
ORD106877,2025-12-04,CUST-01858,Consumer,West,Mumbai,Electronics,Power Bank,3,3030,0.05,8635.5,4927.43,3708.07,Net Banking
ORD106878,2025-12-04,CUST-00995,Small Business,South,Coimbatore,Electronics,Tablet,1,13680,0.05,12996.0,10761.8,2234.2,Cash on Delivery
ORD106879,2025-12-04,CUST-00950,Consumer,West,Pune,Fashion,Formal Shirt,4,1890,0.1,6804.0,3384.3,3419.7,UPI
ORD106880,2025-12-04,CUST-00102,Consumer,West,Nagpur,Electronics,Laptop,1,41190,0.05,39130.5,35635.37,3495.13,UPI
ORD106881,2025-12-04,CUST-01858,Consumer,West,Mumbai,Fashion,Denim Jeans,5,3010,0.1,13545.0,5396.66,8148.34,Cash on Delivery
ORD106882,2025-12-04,CUST-01342,Consumer,South,Bengaluru,Electronics,Laptop,1,57770,0.05,54881.5,51838.34,3043.16,UPI
ORD106883,2025-12-04,CUST-00736,Corporate,East,Kolkata,Office,Desk Lamp,4,1830,0.05,6954.0,3780.42,3173.58,Debit Card
ORD106884,2025-12-04,CUST-01180,Small Business,Central,Indore,Electronics,Tablet,1,13840,0.05,13148.0,10792.39,2355.61,UPI
ORD106885,2025-12-04,CUST-02983,Small Business,South,Hyderabad,Fashion,Women's Kurti,3,870,0.1,2349.0,844.64,1504.36,Debit Card
ORD106886,2025-12-04,CUST-02696,Consumer,East,Kolkata,Office,File Organizer,2,820,0.05,1558.0,742.37,815.63,Debit Card
ORD106887,2025-12-04,CUST-01343,Consumer,South,Hyderabad,Fashion,Winter Jacket,2,4900,0.1,8820.0,4221.28,4598.72,UPI
ORD106888,2025-12-04,CUST-03132,Consumer,East,Guwahati,Electronics,Tablet,3,10150,0.05,28927.5,24227.16,4700.34,Credit Card
ORD106889,2025-12-04,CUST-01454,Consumer,South,Coimbatore,Fashion,Running Shoes,2,3510,0.1,6318.0,2944.02,3373.98,EMI
ORD106890,2025-12-04,CUST-01075,Corporate,North,Lucknow,Home & Kitchen,Microwave Oven,4,12880,0.1,46368.0,34400.88,11967.12,Cash on Delivery
ORD106891,2025-12-04,CUST-01194,Consumer,North,Lucknow,Electronics,Power Bank,3,920,0.1,2484.0,1326.01,1157.99,UPI
ORD106892,2025-12-05,CUST-02777,Consumer,North,Dehradun,Office,File Organizer,3,790,0.05,2251.5,1179.31,1072.19,EMI
ORD106893,2025-12-05,CUST-00889,Consumer,South,Kochi,Fashion,Denim Jeans,3,1400,0.1,3780.0,1650.51,2129.49,UPI
ORD106894,2025-12-05,CUST-00726,Small Business,West,Ahmedabad,Electronics,Power Bank,1,910,0.05,864.5,489.41,375.09,Net Banking
ORD106895,2025-12-05,CUST-03055,Small Business,West,Surat,Electronics,Bluetooth Earbuds,1,5920,0.05,5624.0,3800.94,1823.06,UPI
ORD106896,2025-12-05,CUST-02358,Consumer,East,Bhubaneswar,Fashion,Wrist Watch,3,2520,0.1,6804.0,4126.59,2677.41,Credit Card
ORD106897,2025-12-05,CUST-02448,Consumer,East,Patna,Fashion,Men's T-Shirt,4,1740,0.1,6264.0,2802.38,3461.62,Debit Card
ORD106898,2025-12-05,CUST-02381,Consumer,South,Chennai,Home & Kitchen,Microwave Oven,2,13030,0.05,24757.0,17770.79,6986.21,Net Banking
ORD106899,2025-12-05,CUST-02194,Small Business,South,Bengaluru,Fashion,Denim Jeans,1,1900,0.1,1710.0,846.46,863.54,Debit Card
ORD106900,2025-12-05,CUST-00318,Consumer,West,Ahmedabad,Home & Kitchen,Ceiling Fan,2,1670,0.1,3006.0,1853.32,1152.68,UPI
ORD106901,2025-12-05,CUST-02423,Consumer,West,Nagpur,Office,File Organizer,2,400,0.05,760.0,294.97,465.03,UPI
ORD106902,2025-12-05,CUST-00808,Consumer,North,Lucknow,Fashion,Winter Jacket,2,2260,0.1,4068.0,2148.31,1919.69,UPI
ORD106903,2025-12-05,CUST-00418,Consumer,North,Chandigarh,Office,Whiteboard,3,2150,0.05,6127.5,3099.76,3027.74,UPI
ORD106904,2025-12-05,CUST-03139,Consumer,West,Mumbai,Home & Kitchen,Air Fryer,1,8630,0.1,7767.0,5137.75,2629.25,Not Specified
ORD106905,2025-12-05,CUST-00096,Consumer,West,Ahmedabad,Home & Kitchen,Pressure Cooker,2,990,0.1,1782.0,1039.98,742.02,Net Banking
ORD106906,2025-12-05,CUST-00098,Consumer,South,Kochi,Home & Kitchen,Water Purifier,1,7960,0.05,7562.0,5203.19,2358.81,Credit Card
ORD106907,2025-12-05,CUST-00959,Consumer,Central,Gwalior,Home & Kitchen,Ceiling Fan,3,2140,0.05,6099.0,4017.8,2081.2,UPI
ORD106908,2025-12-05,CUST-02681,Small Business,West,Pune,Home & Kitchen,Washing Machine,1,47680,0.1,42912.0,34203.6,8708.4,Debit Card
ORD106909,2025-12-05,CUST-03122,Consumer,South,Coimbatore,Fashion,Running Shoes,2,1780,0.1,3204.0,1426.69,1777.31,EMI
ORD106910,2025-12-05,CUST-00384,Consumer,South,Kochi,Home & Kitchen,Ceiling Fan,3,2260,0.05,6441.0,4496.38,1944.62,Cash on Delivery
ORD106911,2025-12-06,CUST-01218,Corporate,South,Coimbatore,Electronics,Bluetooth Earbuds,3,5070,0.05,14449.5,9151.53,5297.97,Credit Card
ORD106912,2025-12-06,CUST-02358,Consumer,East,Bhubaneswar,Electronics,Smartwatch,2,9880,0.05,18772.0,12399.74,6372.26,Credit Card
ORD106913,2025-12-06,CUST-02073,Consumer,North,Jaipur,Electronics,Bluetooth Earbuds,1,4050,0.1,3645.0,2493.25,1151.75,Debit Card
ORD106914,2025-12-06,CUST-00765,Small Business,West,Ahmedabad,Fashion,Running Shoes,2,1840,0.1,3312.0,1637.9,1674.1,Credit Card
ORD106915,2025-12-06,CUST-01004,Corporate,South,Coimbatore,Electronics,Bluetooth Earbuds,1,2050,0.05,1947.5,1156.99,790.51,Debit Card
ORD106916,2025-12-06,CUST-01886,Consumer,Central,Indore,Electronics,Laptop,3,32450,0.05,92482.5,81322.09,11160.41,UPI
ORD106917,2025-12-06,CUST-00111,Consumer,South,Coimbatore,Fashion,Handbag,5,2030,0.1,9135.0,4684.88,4450.12,UPI
ORD106918,2025-12-06,CUST-02439,Consumer,South,Hyderabad,Fashion,Handbag,1,3070,0.1,2763.0,947.98,1815.02,Credit Card
ORD106919,2025-12-06,CUST-00924,Small Business,North,Jaipur,Office,Stationery Kit,3,310,0.05,883.5,429.78,453.72,UPI
ORD106920,2025-12-06,CUST-02633,Corporate,East,Ranchi,Electronics,Bluetooth Earbuds,2,2930,0.05,5567.0,3538.01,2028.99,UPI
ORD106921,2025-12-06,CUST-02197,Consumer,South,Coimbatore,Electronics,Tablet,3,18290,0.05,52126.5,41798.17,10328.33,Net Banking
ORD106922,2025-12-06,CUST-02073,Consumer,North,Jaipur,Office,Desk Lamp,2,1790,0.05,3401.0,1855.19,1545.81,UPI
ORD106923,2025-12-06,CUST-02456,Consumer,West,Nagpur,Electronics,Laptop,1,31510,0.05,29934.5,26199.74,3734.76,Credit Card
ORD106924,2025-12-06,CUST-00254,Consumer,South,Coimbatore,Electronics,Laptop,1,60640,0.05,57608.0,52823.45,4784.55,UPI
ORD106925,2025-12-06,CUST-00853,Small Business,West,Pune,Home & Kitchen,Refrigerator,2,35810,0.1,64458.0,44624.76,19833.24,UPI
ORD106926,2025-12-06,CUST-01635,Consumer,Central,Indore,Home & Kitchen,Ceiling Fan,4,2790,0.05,10602.0,7040.35,3561.65,EMI
ORD106927,2025-12-06,CUST-02490,Consumer,West,Pune,Home & Kitchen,Washing Machine,2,24600,0.1,44280.0,34790.16,9489.84,Debit Card
ORD106928,2025-12-06,CUST-02699,Consumer,West,Pune,Electronics,Smartwatch,2,3490,0.05,6631.0,4207.14,2423.86,Debit Card
ORD106929,2025-12-07,CUST-01174,Corporate,East,Patna,Electronics,LED Television,2,21570,0.05,40983.0,36479.55,4503.45,Net Banking
ORD106930,2025-12-07,CUST-02530,Consumer,West,Pune,Home & Kitchen,Air Fryer,3,4940,0.1,13338.0,10005.56,3332.44,Debit Card
ORD106931,2025-12-07,CUST-00721,Consumer,North,Delhi,Fashion,Wrist Watch,3,4050,0.1,10935.0,6168.71,4766.29,Credit Card
ORD106932,2025-12-07,CUST-00286,Corporate,Central,Jabalpur,Home & Kitchen,Mixer Grinder,2,4590,0.05,8721.0,5540.83,3180.17,Net Banking
ORD106933,2025-12-07,CUST-00797,Consumer,West,Surat,Home & Kitchen,Water Purifier,3,5900,0.1,15930.0,11789.03,4140.97,UPI
ORD106934,2025-12-07,CUST-02859,Corporate,North,Delhi,Electronics,Bluetooth Earbuds,1,3050,0.1,2745.0,1960.35,784.65,Cash on Delivery
ORD106935,2025-12-07,CUST-01710,Consumer,East,Bhubaneswar,Home & Kitchen,Air Fryer,4,8310,0.1,29916.0,18585.0,11331.0,UPI
ORD106936,2025-12-07,CUST-01528,Small Business,North,Jaipur,Office,Printer,4,13900,0.05,52820.0,42180.74,10639.26,Net Banking
ORD106937,2025-12-07,CUST-02390,Small Business,Central,Bhopal,Electronics,Bluetooth Speaker,2,3000,0.05,5700.0,3076.26,2623.74,UPI
ORD106938,2025-12-07,CUST-00035,Consumer,West,Surat,Fashion,Men's T-Shirt,3,1180,0.1,3186.0,1271.41,1914.59,UPI
ORD106939,2025-12-07,CUST-00384,Consumer,South,Kochi,Office,Printer,3,13790,0.05,39301.5,32323.67,6977.83,Debit Card
ORD106940,2025-12-07,CUST-00340,Small Business,West,Pune,Electronics,Bluetooth Earbuds,1,4880,0.05,4636.0,3236.23,1399.77,Cash on Delivery
ORD106941,2025-12-07,CUST-00389,Consumer,West,Nagpur,Electronics,Smartwatch,2,10200,0.05,19380.0,13868.77,5511.23,UPI
ORD106942,2025-12-07,CUST-01426,Small Business,West,Ahmedabad,Electronics,Bluetooth Earbuds,1,1940,0.05,1843.0,1086.33,756.67,Cash on Delivery
ORD106943,2025-12-07,CUST-00936,Consumer,North,Dehradun,Fashion,Winter Jacket,1,2980,0.1,2682.0,1501.27,1180.73,UPI
ORD106944,2025-12-07,CUST-02507,Small Business,East,Kolkata,Office,Laptop Bag,3,820,0.05,2337.0,1255.64,1081.36,Credit Card
ORD106945,2025-12-07,CUST-02662,Consumer,South,Coimbatore,Home & Kitchen,Refrigerator,3,57920,0.05,165072.0,108846.84,56225.16,Credit Card
ORD106946,2025-12-07,CUST-02919,Consumer,Central,Jabalpur,Fashion,Women's Kurti,3,2260,0.1,6102.0,2448.89,3653.11,Net Banking
ORD106947,2025-12-07,CUST-00627,Consumer,South,Kochi,Electronics,Bluetooth Earbuds,2,3020,0.05,5738.0,3794.62,1943.38,Credit Card
ORD106948,2025-12-07,CUST-01597,Consumer,Central,Raipur,Fashion,Winter Jacket,4,4980,0.1,17928.0,9446.76,8481.24,Debit Card
ORD106949,2025-12-07,CUST-00147,Corporate,South,Coimbatore,Home & Kitchen,Water Purifier,5,7830,0.05,37192.5,24945.72,12246.78,UPI
ORD106950,2025-12-07,CUST-00784,Consumer,East,Bhubaneswar,Electronics,LED Television,3,77220,0.05,220077.0,183143.09,36933.91,Net Banking
ORD106951,2025-12-07,CUST-01963,Consumer,North,Lucknow,Office,File Organizer,4,820,0.05,3116.0,1401.04,1714.96,UPI
ORD106952,2025-12-07,CUST-01314,Consumer,West,Mumbai,Electronics,LED Television,2,15850,0.05,30115.0,25917.22,4197.78,Cash on Delivery
ORD106953,2025-12-07,CUST-02216,Consumer,South,Chennai,Home & Kitchen,Refrigerator,1,57940,0.05,55043.0,43217.34,11825.66,EMI
ORD106954,2025-12-07,CUST-02662,Consumer,South,Coimbatore,Office,Office Chair,1,19570,0.05,18591.5,10408.68,8182.82,UPI
ORD106955,2025-12-07,CUST-00188,Consumer,West,Surat,Fashion,Wrist Watch,4,2490,0.1,8964.0,3934.61,5029.39,Cash on Delivery
ORD106956,2025-12-08,CUST-02971,Consumer,West,Surat,Electronics,Bluetooth Speaker,1,4060,0.05,3857.0,2301.33,1555.67,UPI
ORD106957,2025-12-08,CUST-00129,Consumer,Central,Gwalior,Home & Kitchen,Refrigerator,4,58300,0.05,221540.0,165247.59,56292.41,Credit Card
ORD106958,2025-12-08,CUST-03138,Consumer,North,Lucknow,Fashion,Winter Jacket,3,4080,0.1,11016.0,6112.09,4903.91,UPI
ORD106959,2025-12-08,CUST-02041,Consumer,North,Dehradun,Fashion,Formal Shirt,1,1400,0.1,1260.0,531.33,728.67,Cash on Delivery
ORD106960,2025-12-08,CUST-00133,Corporate,North,Delhi,Electronics,LED Television,2,73700,0.1,132660.0,115374.39,17285.61,Cash on Delivery
ORD106961,2025-12-08,CUST-01213,Consumer,East,Patna,Fashion,Denim Jeans,2,2940,0.1,5292.0,2717.0,2575.0,Cash on Delivery
ORD106962,2025-12-08,CUST-00845,Consumer,South,Coimbatore,Home & Kitchen,Microwave Oven,1,10250,0.05,9737.5,6649.96,3087.54,UPI
ORD106963,2025-12-08,CUST-02539,Corporate,North,Dehradun,Home & Kitchen,Pressure Cooker,4,2830,0.1,10188.0,5827.03,4360.97,Credit Card
ORD106964,2025-12-08,CUST-00741,Consumer,West,Pune,Electronics,Tablet,1,28310,0.05,26894.5,21700.15,5194.35,Debit Card
ORD106965,2025-12-08,CUST-02627,Consumer,North,Chandigarh,Home & Kitchen,Microwave Oven,4,10130,0.1,36468.0,27777.92,8690.08,UPI
ORD106966,2025-12-08,CUST-00967,Consumer,West,Pune,Electronics,Power Bank,2,2290,0.05,4351.0,2597.07,1753.93,UPI
ORD106967,2025-12-08,CUST-03163,Small Business,West,Pune,Electronics,Tablet,1,9890,0.05,9395.5,7253.41,2142.09,Credit Card
ORD106968,2025-12-08,CUST-00903,Corporate,South,Bengaluru,Fashion,Winter Jacket,2,2280,0.1,4104.0,2479.12,1624.88,Debit Card
ORD106969,2025-12-08,CUST-02200,Consumer,West,Nagpur,Electronics,Smartphone,2,25240,0.05,47956.0,42051.37,5904.63,Debit Card
ORD106970,2025-12-08,CUST-02542,Consumer,South,Coimbatore,Office,Whiteboard,2,3210,0.05,6099.0,3271.06,2827.94,UPI
ORD106971,2025-12-08,CUST-00708,Small Business,West,Nagpur,Office,Stationery Kit,4,300,0.05,1140.0,469.09,670.91,UPI
ORD106972,2025-12-08,CUST-00257,Consumer,North,Lucknow,Electronics,Tablet,1,22700,0.1,20430.0,19240.12,1189.88,UPI
ORD106973,2025-12-08,CUST-01742,Small Business,West,Mumbai,Office,File Organizer,2,800,0.05,1520.0,607.33,912.67,UPI
ORD106974,2025-12-08,CUST-02185,Consumer,North,Chandigarh,Home & Kitchen,Air Fryer,4,8630,0.1,31068.0,22858.5,8209.5,Debit Card
ORD106975,2025-12-08,CUST-02606,Consumer,North,Delhi,Fashion,Women's Kurti,2,600,0.1,1080.0,556.52,523.48,Net Banking
ORD106976,2025-12-08,CUST-00912,Corporate,East,Bhubaneswar,Office,Whiteboard,3,1010,0.05,2878.5,1499.05,1379.45,UPI
ORD106977,2025-12-08,CUST-02769,Consumer,North,Delhi,Home & Kitchen,Mixer Grinder,4,2510,0.1,9036.0,6435.06,2600.94,Credit Card
ORD106978,2025-12-08,CUST-02902,Consumer,North,Jaipur,Fashion,Wrist Watch,5,970,0.1,4365.0,2644.47,1720.53,Cash on Delivery
ORD106979,2025-12-08,CUST-02494,Consumer,West,Ahmedabad,Office,Laptop Bag,2,2330,0.05,4427.0,2518.62,1908.38,UPI
ORD106980,2025-12-09,CUST-00029,Small Business,West,Pune,Fashion,Men's T-Shirt,5,820,0.1,3690.0,1843.89,1846.11,UPI
ORD106981,2025-12-09,CUST-00300,Small Business,East,Patna,Fashion,Denim Jeans,3,1380,0.1,3726.0,2050.32,1675.68,Debit Card
ORD106982,2025-12-09,CUST-03197,Consumer,North,Dehradun,Home & Kitchen,Ceiling Fan,5,1320,0.1,5940.0,4318.04,1621.96,Debit Card
ORD106983,2025-12-09,CUST-02358,Consumer,East,Bhubaneswar,Home & Kitchen,Microwave Oven,3,5830,0.1,15741.0,12824.71,2916.29,UPI
ORD106984,2025-12-09,CUST-02000,Consumer,South,Bengaluru,Fashion,Formal Shirt,5,1930,0.1,8685.0,3480.51,5204.49,Cash on Delivery
ORD106985,2025-12-09,CUST-02859,Corporate,North,Delhi,Fashion,Denim Jeans,3,1370,0.1,3699.0,1709.26,1989.74,Credit Card
ORD106986,2025-12-09,CUST-00118,Small Business,West,Mumbai,Electronics,Bluetooth Speaker,2,3060,0.05,5814.0,3285.77,2528.23,Cash on Delivery
ORD106987,2025-12-09,CUST-02434,Consumer,West,Mumbai,Home & Kitchen,Mixer Grinder,3,3330,0.1,8991.0,5604.45,3386.55,Net Banking
ORD106988,2025-12-09,CUST-02100,Small Business,West,Ahmedabad,Office,Whiteboard,2,1530,0.05,2907.0,1391.35,1515.65,UPI
ORD106989,2025-12-09,CUST-02695,Consumer,Central,Bhopal,Electronics,LED Television,3,56510,0.05,161053.5,127853.58,33199.92,Credit Card
ORD106990,2025-12-09,CUST-02494,Consumer,West,Ahmedabad,Office,Desk Lamp,2,1320,0.05,2508.0,1096.7,1411.3,UPI
ORD106991,2025-12-09,CUST-01540,Consumer,West,Surat,Home & Kitchen,Washing Machine,5,24400,0.1,109800.0,80691.81,29108.19,Credit Card
ORD106992,2025-12-09,CUST-00241,Small Business,South,Coimbatore,Office,Desk Lamp,2,1300,0.05,2470.0,1309.02,1160.98,UPI
ORD106993,2025-12-09,CUST-02876,Corporate,West,Pune,Fashion,Running Shoes,4,2530,0.1,9108.0,4074.88,5033.12,Credit Card
ORD106994,2025-12-10,CUST-02448,Consumer,East,Patna,Fashion,Handbag,2,1370,0.1,2466.0,987.29,1478.71,Debit Card
ORD106995,2025-12-10,CUST-01091,Consumer,North,Dehradun,Home & Kitchen,Pressure Cooker,5,3520,0.1,15840.0,10534.19,5305.81,Cash on Delivery
ORD106996,2025-12-10,CUST-03141,Consumer,North,Chandigarh,Fashion,Denim Jeans,3,990,0.1,2673.0,1182.85,1490.15,UPI
ORD106997,2025-12-10,CUST-00964,Small Business,South,Hyderabad,Electronics,Tablet,1,28380,0.05,26961.0,23820.24,3140.76,UPI
ORD106998,2025-12-10,CUST-01145,Consumer,South,Kochi,Electronics,LED Television,1,76380,0.05,72561.0,63985.61,8575.39,Credit Card
ORD106999,2025-12-10,CUST-03104,Consumer,South,Bengaluru,Electronics,Bluetooth Speaker,2,1980,0.05,3762.0,2048.36,1713.64,Net Banking
ORD107000,2025-12-10,CUST-02148,Consumer,East,Bhubaneswar,Electronics,Bluetooth Earbuds,3,2020,0.05,5757.0,3393.26,2363.74,Debit Card
ORD107001,2025-12-10,CUST-02797,Small Business,West,Mumbai,Fashion,Women's Kurti,5,1260,0.1,5670.0,2286.19,3383.81,Cash on Delivery
ORD107002,2025-12-10,CUST-02824,Consumer,North,Dehradun,Electronics,Laptop,2,86720,0.1,156096.0,148444.51,7651.49,UPI
ORD107003,2025-12-10,CUST-01682,Corporate,North,Dehradun,Office,Study Table,4,4460,0.05,16948.0,11491.13,5456.87,UPI
ORD107004,2025-12-10,CUST-00885,Small Business,Central,Jabalpur,Home & Kitchen,Ceiling Fan,5,1650,0.05,7837.5,5010.59,2826.91,UPI
ORD107005,2025-12-10,CUST-02690,Consumer,West,Pune,Fashion,Running Shoes,5,1320,0.1,5940.0,2971.0,2969.0,Credit Card
ORD107006,2025-12-10,CUST-01591,Consumer,West,Nagpur,Office,Stationery Kit,4,700,0.05,2660.0,1374.14,1285.86,Credit Card
ORD107007,2025-12-10,CUST-01784,Small Business,West,Mumbai,Fashion,Running Shoes,5,5050,0.1,22725.0,13393.78,9331.22,UPI
ORD107008,2025-12-10,CUST-01698,Corporate,South,Coimbatore,Office,Stationery Kit,3,1010,0.05,2878.5,1260.26,1618.24,Credit Card
ORD107009,2025-12-10,CUST-00035,Consumer,West,Surat,Home & Kitchen,Microwave Oven,4,8100,0.1,29160.0,23952.45,5207.55,Credit Card
ORD107010,2025-12-10,CUST-00143,Corporate,South,Kochi,Fashion,Wrist Watch,3,2540,0.1,6858.0,4122.2,2735.8,EMI
ORD107011,2025-12-10,CUST-01969,Consumer,South,Kochi,Fashion,Handbag,1,900,0.1,810.0,375.06,434.94,UPI
ORD107012,2025-12-11,CUST-02532,Consumer,South,Coimbatore,Electronics,Bluetooth Earbuds,2,5970,0.05,11343.0,7145.14,4197.86,EMI
ORD107013,2025-12-11,CUST-01437,Small Business,East,Kolkata,Home & Kitchen,Microwave Oven,4,16090,0.1,57924.0,44452.92,13471.08,Net Banking
ORD107014,2025-12-11,CUST-00608,Consumer,West,Mumbai,Electronics,Tablet,1,18490,0.05,17565.5,15551.57,2013.93,Net Banking
ORD107015,2025-12-11,CUST-01258,Small Business,West,Mumbai,Home & Kitchen,Microwave Oven,5,8130,0.1,36585.0,25682.18,10902.82,Debit Card
ORD107016,2025-12-11,CUST-02463,Consumer,West,Ahmedabad,Electronics,Tablet,2,10110,0.05,19209.0,14596.2,4612.8,Net Banking
ORD107017,2025-12-11,CUST-00361,Consumer,South,Hyderabad,Fashion,Winter Jacket,4,1710,0.1,6156.0,3282.37,2873.63,Credit Card
ORD107018,2025-12-11,CUST-01773,Small Business,South,Coimbatore,Fashion,Women's Kurti,3,1310,0.1,3537.0,1524.19,2012.81,Debit Card
ORD107019,2025-12-11,CUST-02254,Consumer,West,Mumbai,Electronics,Smartwatch,1,9810,0.05,9319.5,6680.66,2638.84,Cash on Delivery
ORD107020,2025-12-11,CUST-01292,Consumer,North,Chandigarh,Electronics,Bluetooth Earbuds,2,4970,0.1,8946.0,6078.7,2867.3,Credit Card
ORD107021,2025-12-11,CUST-01907,Consumer,West,Ahmedabad,Home & Kitchen,Pressure Cooker,2,1940,0.1,3492.0,2173.99,1318.01,UPI
ORD107022,2025-12-11,CUST-02811,Consumer,South,Chennai,Office,Laptop Bag,4,1160,0.05,4408.0,2079.83,2328.17,Debit Card
ORD107023,2025-12-11,CUST-00698,Corporate,Central,Indore,Home & Kitchen,Air Fryer,3,8440,0.05,24054.0,17184.43,6869.57,UPI
ORD107024,2025-12-11,CUST-00432,Consumer,North,Jaipur,Fashion,Men's T-Shirt,3,2390,0.1,6453.0,2915.99,3537.01,Credit Card
ORD107025,2025-12-11,CUST-00193,Consumer,South,Coimbatore,Home & Kitchen,Microwave Oven,5,10210,0.05,48497.5,32946.41,15551.09,Net Banking
ORD107026,2025-12-11,CUST-02331,Consumer,West,Ahmedabad,Electronics,Tablet,1,9940,0.05,9443.0,7560.4,1882.6,Cash on Delivery
ORD107027,2025-12-11,CUST-02859,Corporate,North,Delhi,Fashion,Denim Jeans,1,1900,0.1,1710.0,845.59,864.41,UPI
ORD107028,2025-12-11,CUST-02216,Consumer,South,Chennai,Office,Printer,4,5030,0.05,19114.0,15638.61,3475.39,Debit Card
ORD107029,2025-12-11,CUST-03117,Consumer,North,Delhi,Electronics,Power Bank,1,3000,0.1,2700.0,1775.27,924.73,UPI
ORD107030,2025-12-11,CUST-02280,Consumer,East,Kolkata,Office,Desk Lamp,2,1850,0.05,3515.0,1538.15,1976.85,Credit Card
ORD107031,2025-12-11,CUST-00950,Consumer,West,Pune,Fashion,Women's Kurti,5,610,0.1,2745.0,1090.77,1654.23,Cash on Delivery
ORD107032,2025-12-11,CUST-00835,Consumer,West,Ahmedabad,Office,Desk Lamp,1,900,0.05,855.0,478.39,376.61,EMI
ORD107033,2025-12-11,CUST-02142,Small Business,North,Chandigarh,Home & Kitchen,Microwave Oven,3,16310,0.1,44037.0,30849.86,13187.14,Cash on Delivery
ORD107034,2025-12-11,CUST-02181,Corporate,West,Mumbai,Electronics,Smartwatch,2,5050,0.05,9595.0,6146.73,3448.27,UPI
ORD107035,2025-12-12,CUST-01640,Small Business,North,Jaipur,Electronics,Smartphone,1,42120,0.1,37908.0,36017.99,1890.01,Credit Card
ORD107036,2025-12-12,CUST-01650,Small Business,South,Kochi,Electronics,Bluetooth Earbuds,1,2030,0.05,1928.5,1249.81,678.69,Debit Card
ORD107037,2025-12-12,CUST-01294,Consumer,West,Mumbai,Office,Study Table,1,9830,0.05,9338.5,5242.5,4096.0,Cash on Delivery
ORD107038,2025-12-12,CUST-01075,Corporate,North,Lucknow,Fashion,Formal Shirt,2,1890,0.1,3402.0,1798.52,1603.48,UPI
ORD107039,2025-12-12,CUST-02032,Corporate,South,Hyderabad,Fashion,Formal Shirt,5,980,0.1,4410.0,1655.0,2755.0,Not Specified
ORD107040,2025-12-12,CUST-02394,Corporate,South,Hyderabad,Office,File Organizer,3,1210,0.05,3448.5,1367.45,2081.05,Debit Card
ORD107041,2025-12-12,CUST-02592,Consumer,West,Surat,Home & Kitchen,Microwave Oven,1,6040,0.1,5436.0,4165.98,1270.02,Net Banking
ORD107042,2025-12-12,CUST-00955,Consumer,East,Kolkata,Office,Printer,3,6840,0.05,19494.0,15777.4,3716.6,Credit Card
ORD107043,2025-12-12,CUST-02726,Consumer,West,Pune,Fashion,Winter Jacket,4,4900,0.1,17640.0,7452.34,10187.66,Credit Card
ORD107044,2025-12-12,CUST-00950,Consumer,West,Pune,Electronics,Laptop,1,83490,0.05,79315.5,72728.77,6586.73,UPI
ORD107045,2025-12-12,CUST-00950,Consumer,West,Pune,Electronics,Tablet,1,10020,0.05,9519.0,7379.01,2139.99,EMI
ORD107046,2025-12-12,CUST-02562,Consumer,South,Chennai,Home & Kitchen,Air Fryer,2,4880,0.05,9272.0,6567.99,2704.01,Cash on Delivery
ORD107047,2025-12-12,CUST-03080,Consumer,West,Pune,Fashion,Men's T-Shirt,3,2390,0.1,6453.0,3009.81,3443.19,Cash on Delivery
ORD107048,2025-12-12,CUST-02946,Consumer,East,Guwahati,Fashion,Wrist Watch,3,5910,0.1,15957.0,9224.21,6732.79,Credit Card
ORD107049,2025-12-13,CUST-00365,Small Business,East,Patna,Electronics,Laptop,1,31590,0.05,30010.5,25835.44,4175.06,EMI
ORD107050,2025-12-13,CUST-00950,Consumer,West,Pune,Home & Kitchen,Microwave Oven,3,10180,0.1,27486.0,19050.12,8435.88,Credit Card
ORD107051,2025-12-13,CUST-02446,Consumer,Central,Indore,Fashion,Running Shoes,1,2520,0.1,2268.0,1123.22,1144.78,UPI
ORD107052,2025-12-13,CUST-02563,Consumer,North,Chandigarh,Home & Kitchen,Water Purifier,2,14410,0.1,25938.0,15917.89,10020.11,UPI
ORD107053,2025-12-13,CUST-01602,Consumer,West,Pune,Fashion,Winter Jacket,3,4090,0.1,11043.0,6361.75,4681.25,Credit Card
ORD107054,2025-12-13,CUST-00047,Corporate,East,Kolkata,Office,Printer,1,7060,0.05,6707.0,5231.62,1475.38,UPI
ORD107055,2025-12-13,CUST-01591,Consumer,West,Nagpur,Electronics,Tablet,1,13900,0.05,13205.0,11220.71,1984.29,UPI
ORD107056,2025-12-13,CUST-00098,Consumer,South,Kochi,Office,Study Table,4,7980,0.05,30324.0,16502.93,13821.07,Credit Card
ORD107057,2025-12-13,CUST-00941,Consumer,West,Ahmedabad,Fashion,Running Shoes,5,2540,0.1,11430.0,5117.95,6312.05,Credit Card
ORD107058,2025-12-13,CUST-02103,Consumer,East,Ranchi,Office,File Organizer,2,1230,0.05,2337.0,963.27,1373.73,Debit Card
ORD107059,2025-12-13,CUST-00431,Consumer,South,Coimbatore,Home & Kitchen,Water Purifier,4,14320,0.05,54416.0,36068.34,18347.66,UPI
ORD107060,2025-12-13,CUST-02290,Small Business,East,Kolkata,Fashion,Handbag,2,4010,0.1,7218.0,3033.92,4184.08,Net Banking
ORD107061,2025-12-13,CUST-01980,Corporate,North,Jaipur,Office,Study Table,2,6110,0.05,11609.0,6610.07,4998.93,Credit Card
ORD107062,2025-12-13,CUST-01341,Consumer,West,Ahmedabad,Electronics,Smartphone,1,33830,0.05,32138.5,28394.69,3743.81,Credit Card
ORD107063,2025-12-13,CUST-01148,Consumer,Central,Raipur,Office,Desk Lamp,4,910,0.05,3458.0,1814.36,1643.64,Net Banking
ORD107064,2025-12-14,CUST-02899,Consumer,Central,Bhopal,Fashion,Winter Jacket,4,3080,0.1,11088.0,5886.73,5201.27,UPI
ORD107065,2025-12-14,CUST-01749,Consumer,South,Coimbatore,Fashion,Denim Jeans,2,1870,0.1,3366.0,1850.32,1515.68,Cash on Delivery
ORD107066,2025-12-14,CUST-02830,Corporate,South,Chennai,Office,Printer,1,7060,0.05,6707.0,5177.43,1529.57,UPI
ORD107067,2025-12-14,CUST-01278,Corporate,North,Delhi,Home & Kitchen,Mixer Grinder,2,1780,0.1,3204.0,2152.97,1051.03,UPI
ORD107068,2025-12-14,CUST-01886,Consumer,Central,Indore,Office,Stationery Kit,3,300,0.05,855.0,366.52,488.48,UPI
ORD107069,2025-12-14,CUST-03028,Small Business,Central,Bhopal,Office,Office Chair,4,6130,0.05,23294.0,13018.66,10275.34,Debit Card
ORD107070,2025-12-14,CUST-00394,Consumer,South,Coimbatore,Office,Desk Lamp,4,870,0.05,3306.0,1857.63,1448.37,UPI
ORD107071,2025-12-14,CUST-00863,Consumer,East,Patna,Electronics,Smartwatch,2,3440,0.05,6536.0,4185.21,2350.79,Credit Card
ORD107072,2025-12-14,CUST-02902,Consumer,North,Jaipur,Home & Kitchen,Ceiling Fan,5,1310,0.1,5895.0,4039.14,1855.86,Debit Card
ORD107073,2025-12-14,CUST-01312,Consumer,South,Hyderabad,Home & Kitchen,Air Fryer,3,3950,0.05,11257.5,8032.98,3224.52,Debit Card
ORD107074,2025-12-14,CUST-00908,Small Business,North,Chandigarh,Fashion,Winter Jacket,1,2950,0.1,2655.0,1260.49,1394.51,Debit Card
ORD107075,2025-12-14,CUST-03195,Small Business,West,Nagpur,Office,Desk Lamp,2,1750,0.05,3325.0,1908.29,1416.71,Debit Card
ORD107076,2025-12-14,CUST-00340,Small Business,West,Pune,Electronics,Power Bank,1,1780,0.05,1691.0,930.22,760.78,Cash on Delivery
ORD107077,2025-12-14,CUST-01948,Corporate,South,Chennai,Electronics,Smartwatch,2,7090,0.05,13471.0,9883.86,3587.14,UPI
ORD107078,2025-12-14,CUST-02516,Small Business,South,Hyderabad,Electronics,LED Television,2,77030,0.05,146357.0,121509.97,24847.03,EMI
ORD107079,2025-12-14,CUST-02511,Corporate,North,Chandigarh,Home & Kitchen,Water Purifier,2,18350,0.1,33030.0,22836.86,10193.14,UPI
ORD107080,2025-12-14,CUST-01381,Consumer,North,Dehradun,Home & Kitchen,Pressure Cooker,3,3570,0.1,9639.0,5787.22,3851.78,Net Banking
ORD107081,2025-12-14,CUST-00136,Small Business,West,Mumbai,Home & Kitchen,Washing Machine,5,38110,0.1,171495.0,123210.89,48284.11,Credit Card
ORD107082,2025-12-14,CUST-02667,Consumer,North,Chandigarh,Electronics,Smartphone,2,32990,0.1,59382.0,55901.04,3480.96,UPI
ORD107083,2025-12-14,CUST-02550,Consumer,North,Delhi,Office,Stationery Kit,1,290,0.05,275.5,106.92,168.58,Credit Card
ORD107084,2025-12-14,CUST-00782,Small Business,Central,Bhopal,Office,Laptop Bag,2,3000,0.05,5700.0,2435.37,3264.63,Credit Card
ORD107085,2025-12-14,CUST-01029,Corporate,West,Surat,Electronics,Smartwatch,1,7140,0.05,6783.0,4700.69,2082.31,Cash on Delivery
ORD107086,2025-12-14,CUST-01609,Consumer,West,Nagpur,Fashion,Running Shoes,2,2510,0.1,4518.0,2083.31,2434.69,UPI
ORD107087,2025-12-15,CUST-00369,Consumer,West,Nagpur,Home & Kitchen,Microwave Oven,3,10050,0.1,27135.0,22170.82,4964.18,Cash on Delivery
ORD107088,2025-12-15,CUST-02614,Consumer,West,Nagpur,Fashion,Wrist Watch,1,4000,0.1,3600.0,2050.4,1549.6,UPI
ORD107089,2025-12-15,CUST-02913,Consumer,North,Delhi,Electronics,LED Television,2,74120,0.1,133416.0,115593.34,17822.66,UPI
ORD107090,2025-12-15,CUST-00955,Consumer,East,Kolkata,Office,Office Chair,2,20280,0.05,38532.0,20458.04,18073.96,EMI
ORD107091,2025-12-15,CUST-02917,Small Business,South,Chennai,Electronics,LED Television,2,22060,0.05,41914.0,34330.47,7583.53,Credit Card
ORD107092,2025-12-15,CUST-02544,Consumer,South,Chennai,Fashion,Formal Shirt,2,1420,0.1,2556.0,1304.6,1251.4,Debit Card
ORD107093,2025-12-15,CUST-02331,Consumer,West,Ahmedabad,Home & Kitchen,Refrigerator,2,21240,0.1,38232.0,29718.8,8513.2,UPI
ORD107094,2025-12-15,CUST-03080,Consumer,West,Pune,Electronics,Tablet,2,18290,0.05,34751.0,30464.06,4286.94,Cash on Delivery
ORD107095,2025-12-15,CUST-00989,Corporate,South,Coimbatore,Home & Kitchen,Mixer Grinder,1,6000,0.05,5700.0,4066.29,1633.71,UPI
ORD107096,2025-12-15,CUST-02902,Consumer,North,Jaipur,Electronics,Laptop,3,58170,0.1,157059.0,156041.59,1017.41,Credit Card
ORD107097,2025-12-15,CUST-00339,Corporate,East,Guwahati,Home & Kitchen,Ceiling Fan,4,2220,0.1,7992.0,4921.27,3070.73,Net Banking
ORD107098,2025-12-15,CUST-01512,Small Business,North,Chandigarh,Home & Kitchen,Air Fryer,5,4100,0.1,18450.0,13647.29,4802.71,Debit Card
ORD107099,2025-12-15,CUST-01747,Consumer,West,Pune,Home & Kitchen,Air Fryer,1,6550,0.1,5895.0,3914.78,1980.22,Credit Card
ORD107100,2025-12-15,CUST-00394,Consumer,South,Coimbatore,Electronics,Bluetooth Earbuds,1,4050,0.05,3847.5,2322.33,1525.17,EMI
ORD107101,2025-12-15,CUST-02369,Corporate,South,Kochi,Electronics,Laptop,1,60350,0.05,57332.5,50805.57,6526.93,UPI
ORD107102,2025-12-15,CUST-01499,Small Business,North,Lucknow,Electronics,Laptop,3,70990,0.1,191673.0,183352.32,8320.68,UPI
ORD107103,2025-12-15,CUST-01431,Consumer,South,Bengaluru,Electronics,Bluetooth Earbuds,2,3080,0.05,5852.0,4100.57,1751.43,Net Banking
ORD107104,2025-12-15,CUST-01843,Consumer,South,Coimbatore,Home & Kitchen,Microwave Oven,2,6020,0.05,11438.0,8659.44,2778.56,Debit Card
ORD107105,2025-12-15,CUST-00431,Consumer,South,Coimbatore,Fashion,Handbag,3,1420,0.1,3834.0,1657.91,2176.09,Credit Card
ORD107106,2025-12-15,CUST-00646,Small Business,South,Kochi,Electronics,Bluetooth Speaker,2,3040,0.05,5776.0,3726.39,2049.61,EMI
ORD107107,2025-12-15,CUST-00567,Consumer,East,Patna,Electronics,Bluetooth Earbuds,2,2970,0.05,5643.0,3483.09,2159.91,Credit Card
ORD107108,2025-12-15,CUST-03023,Consumer,Central,Bhopal,Fashion,Formal Shirt,5,1410,0.1,6345.0,2271.34,4073.66,Cash on Delivery
ORD107109,2025-12-15,CUST-02475,Consumer,North,Delhi,Office,Laptop Bag,1,1740,0.05,1653.0,934.17,718.83,UPI
ORD107110,2025-12-16,CUST-01658,Consumer,South,Hyderabad,Fashion,Denim Jeans,3,1000,0.1,2700.0,1123.44,1576.56,Credit Card
ORD107111,2025-12-16,CUST-02114,Consumer,South,Chennai,Electronics,Bluetooth Earbuds,1,4090,0.05,3885.5,2666.48,1219.02,Net Banking
ORD107112,2025-12-16,CUST-02087,Consumer,South,Chennai,Electronics,Smartwatch,2,6910,0.05,13129.0,8863.17,4265.83,Credit Card
ORD107113,2025-12-16,CUST-00863,Consumer,East,Patna,Fashion,Formal Shirt,3,1370,0.1,3699.0,1329.43,2369.57,UPI
ORD107114,2025-12-16,CUST-00296,Consumer,South,Chennai,Office,Office Chair,1,19570,0.05,18591.5,10762.53,7828.97,Debit Card
ORD107115,2025-12-16,CUST-01758,Consumer,North,Chandigarh,Fashion,Running Shoes,5,1760,0.1,7920.0,4063.32,3856.68,UPI
ORD107116,2025-12-16,CUST-00864,Consumer,South,Bengaluru,Fashion,Men's T-Shirt,2,580,0.1,1044.0,449.37,594.63,Debit Card
ORD107117,2025-12-16,CUST-02774,Corporate,North,Chandigarh,Fashion,Winter Jacket,2,1750,0.1,3150.0,1531.8,1618.2,Net Banking
ORD107118,2025-12-16,CUST-00775,Consumer,West,Nagpur,Office,File Organizer,2,790,0.05,1501.0,564.88,936.12,UPI
ORD107119,2025-12-16,CUST-01817,Small Business,West,Mumbai,Home & Kitchen,Mixer Grinder,5,2540,0.1,11430.0,7493.45,3936.55,UPI
ORD107120,2025-12-16,CUST-01308,Consumer,Central,Bhopal,Electronics,Power Bank,2,2950,0.05,5605.0,3535.31,2069.69,EMI
ORD107121,2025-12-16,CUST-02390,Small Business,Central,Bhopal,Electronics,LED Television,3,54370,0.05,154954.5,135911.6,19042.9,UPI
ORD107122,2025-12-16,CUST-03017,Corporate,Central,Jabalpur,Electronics,Tablet,1,28920,0.05,27474.0,22152.72,5321.28,Credit Card
ORD107123,2025-12-16,CUST-01274,Consumer,West,Pune,Fashion,Winter Jacket,4,4860,0.1,17496.0,9483.19,8012.81,UPI
ORD107124,2025-12-16,CUST-00137,Small Business,West,Nagpur,Electronics,Bluetooth Speaker,1,1260,0.05,1197.0,752.24,444.76,Credit Card
ORD107125,2025-12-16,CUST-02122,Consumer,South,Kochi,Electronics,Bluetooth Earbuds,1,4080,0.05,3876.0,2755.81,1120.19,Debit Card
ORD107126,2025-12-16,CUST-00405,Consumer,North,Chandigarh,Fashion,Women's Kurti,4,900,0.1,3240.0,1360.28,1879.72,Cash on Delivery
ORD107127,2025-12-16,CUST-00348,Consumer,West,Nagpur,Home & Kitchen,Water Purifier,2,6150,0.1,11070.0,8402.49,2667.51,Credit Card
ORD107128,2025-12-16,CUST-02123,Consumer,North,Delhi,Home & Kitchen,Water Purifier,2,18090,0.1,32562.0,20332.22,12229.78,Cash on Delivery
ORD107129,2025-12-16,CUST-00343,Small Business,South,Coimbatore,Home & Kitchen,Microwave Oven,2,9770,0.05,18563.0,13970.87,4592.13,UPI
ORD107130,2025-12-16,CUST-00404,Consumer,North,Dehradun,Electronics,LED Television,2,21480,0.1,38664.0,34493.12,4170.88,Credit Card
ORD107131,2025-12-16,CUST-01373,Small Business,North,Delhi,Fashion,Women's Kurti,4,870,0.1,3132.0,1600.89,1531.11,EMI
ORD107132,2025-12-16,CUST-01421,Consumer,East,Guwahati,Office,Office Chair,2,6140,0.05,11666.0,7031.69,4634.31,EMI
ORD107133,2025-12-16,CUST-02894,Consumer,South,Chennai,Electronics,Tablet,2,28500,0.05,54150.0,42935.17,11214.83,Cash on Delivery
ORD107134,2025-12-17,CUST-00926,Consumer,West,Mumbai,Home & Kitchen,Mixer Grinder,3,4460,0.1,12042.0,8151.69,3890.31,UPI
ORD107135,2025-12-17,CUST-01239,Consumer,West,Pune,Electronics,Bluetooth Speaker,1,6100,0.05,5795.0,3354.99,2440.01,UPI
ORD107136,2025-12-17,CUST-02277,Consumer,North,Delhi,Fashion,Formal Shirt,3,1000,0.1,2700.0,1415.08,1284.92,Cash on Delivery
ORD107137,2025-12-17,CUST-02630,Consumer,North,Jaipur,Home & Kitchen,Microwave Oven,5,9920,0.1,44640.0,32034.51,12605.49,Cash on Delivery
ORD107138,2025-12-17,CUST-01074,Consumer,North,Dehradun,Home & Kitchen,Water Purifier,3,7870,0.1,21249.0,14516.64,6732.36,Cash on Delivery
ORD107139,2025-12-17,CUST-02015,Consumer,West,Pune,Fashion,Running Shoes,3,3430,0.1,9261.0,5190.87,4070.13,Debit Card
ORD107140,2025-12-17,CUST-01987,Consumer,West,Mumbai,Electronics,Power Bank,2,1280,0.05,2432.0,1160.16,1271.84,Debit Card
ORD107141,2025-12-17,CUST-00950,Consumer,West,Pune,Electronics,LED Television,3,56060,0.05,159771.0,135543.61,24227.39,UPI
ORD107142,2025-12-17,CUST-00384,Consumer,South,Kochi,Electronics,Tablet,1,9930,0.05,9433.5,7961.07,1472.43,Cash on Delivery
ORD107143,2025-12-17,CUST-02192,Small Business,North,Lucknow,Electronics,Laptop,3,69600,0.1,187920.0,167631.7,20288.3,UPI
ORD107144,2025-12-17,CUST-00891,Consumer,West,Ahmedabad,Electronics,Smartphone,3,32540,0.05,92739.0,83261.44,9477.56,Credit Card
ORD107145,2025-12-17,CUST-00984,Consumer,West,Surat,Electronics,Smartwatch,3,6880,0.05,19608.0,13596.72,6011.28,Debit Card
ORD107146,2025-12-17,CUST-01815,Small Business,West,Mumbai,Home & Kitchen,Water Purifier,4,11280,0.1,40608.0,28447.41,12160.59,Debit Card
ORD107147,2025-12-17,CUST-00515,Consumer,Central,Jabalpur,Office,Office Chair,2,4540,0.05,8626.0,5850.33,2775.67,Credit Card
ORD107148,2025-12-17,CUST-00786,Corporate,West,Ahmedabad,Fashion,Formal Shirt,2,1380,0.1,2484.0,1187.02,1296.98,Credit Card
ORD107149,2025-12-17,CUST-01398,Consumer,North,Delhi,Office,Laptop Bag,2,810,0.05,1539.0,687.35,851.65,EMI
ORD107150,2025-12-18,CUST-02795,Consumer,North,Delhi,Office,Office Chair,4,14740,0.05,56012.0,30354.62,25657.38,UPI
ORD107151,2025-12-18,CUST-02473,Small Business,West,Nagpur,Fashion,Denim Jeans,2,2570,0.1,4626.0,2375.6,2250.4,Debit Card
ORD107152,2025-12-18,CUST-00982,Corporate,East,Guwahati,Home & Kitchen,Air Fryer,3,5150,0.1,13905.0,8982.49,4922.51,Debit Card
ORD107153,2025-12-18,CUST-00950,Consumer,West,Pune,Fashion,Denim Jeans,3,1870,0.1,5049.0,2455.82,2593.18,UPI
ORD107154,2025-12-18,CUST-03157,Consumer,South,Hyderabad,Home & Kitchen,Mixer Grinder,3,4540,0.05,12939.0,9239.26,3699.74,UPI
ORD107155,2025-12-18,CUST-02100,Small Business,West,Ahmedabad,Fashion,Denim Jeans,3,3020,0.1,8154.0,4152.08,4001.92,EMI
ORD107156,2025-12-18,CUST-02204,Consumer,East,Kolkata,Fashion,Running Shoes,2,3500,0.1,6300.0,3254.18,3045.82,Credit Card
ORD107157,2025-12-18,CUST-00176,Corporate,North,Delhi,Office,File Organizer,3,400,0.05,1140.0,513.51,626.49,UPI
ORD107158,2025-12-18,CUST-00350,Corporate,South,Bengaluru,Fashion,Winter Jacket,3,1720,0.1,4644.0,1988.51,2655.49,Credit Card
ORD107159,2025-12-18,CUST-00950,Consumer,West,Pune,Office,Desk Lamp,1,1780,0.05,1691.0,743.74,947.26,Credit Card
ORD107160,2025-12-18,CUST-02669,Consumer,South,Chennai,Fashion,Women's Kurti,1,920,0.1,828.0,294.13,533.87,Net Banking
ORD107161,2025-12-18,CUST-02880,Corporate,North,Delhi,Electronics,Smartwatch,2,4980,0.1,8964.0,5804.28,3159.72,UPI
ORD107162,2025-12-18,CUST-00608,Consumer,West,Mumbai,Office,Stationery Kit,2,310,0.05,589.0,284.63,304.37,Debit Card
ORD107163,2025-12-18,CUST-02297,Corporate,North,Delhi,Office,Stationery Kit,1,690,0.05,655.5,332.86,322.64,UPI
ORD107164,2025-12-18,CUST-02776,Consumer,West,Nagpur,Home & Kitchen,Washing Machine,3,60740,0.1,163998.0,111246.54,52751.46,Debit Card
ORD107165,2025-12-18,CUST-02796,Consumer,West,Ahmedabad,Home & Kitchen,Water Purifier,2,8080,0.1,14544.0,11095.26,3448.74,Debit Card
ORD107166,2025-12-18,CUST-01441,Consumer,South,Chennai,Fashion,Denim Jeans,4,2470,0.1,8892.0,4208.99,4683.01,Debit Card
ORD107167,2025-12-18,CUST-00849,Consumer,West,Nagpur,Fashion,Handbag,2,870,0.1,1566.0,716.73,849.27,EMI
ORD107168,2025-12-19,CUST-03036,Consumer,North,Delhi,Fashion,Winter Jacket,1,4050,0.1,3645.0,2158.81,1486.19,Cash on Delivery
ORD107169,2025-12-19,CUST-00926,Consumer,West,Mumbai,Office,Stationery Kit,2,680,0.05,1292.0,557.71,734.29,Credit Card
ORD107170,2025-12-19,CUST-00821,Consumer,Central,Bhopal,Electronics,Power Bank,1,3070,0.05,2916.5,1648.66,1267.84,Credit Card
ORD107171,2025-12-19,CUST-00670,Corporate,West,Surat,Office,File Organizer,2,780,0.05,1482.0,770.86,711.14,Cash on Delivery
ORD107172,2025-12-19,CUST-01666,Corporate,South,Not Specified,Fashion,Formal Shirt,2,1410,0.1,2538.0,1149.46,1388.54,Credit Card
ORD107173,2025-12-19,CUST-00356,Corporate,West,Pune,Home & Kitchen,Microwave Oven,5,7780,0.1,35010.0,27390.56,7619.44,UPI
ORD107174,2025-12-19,CUST-01811,Corporate,North,Delhi,Electronics,Smartphone,1,33420,0.1,30078.0,27874.25,2203.75,Net Banking
ORD107175,2025-12-19,CUST-02992,Small Business,South,Hyderabad,Fashion,Wrist Watch,2,2490,0.1,4482.0,1914.9,2567.1,Credit Card
ORD107176,2025-12-19,CUST-01602,Consumer,West,Pune,Fashion,Women's Kurti,2,900,0.1,1620.0,680.86,939.14,UPI
ORD107177,2025-12-19,CUST-03071,Small Business,South,Chennai,Office,Stationery Kit,3,290,0.05,826.5,366.71,459.79,Credit Card
ORD107178,2025-12-19,CUST-02866,Small Business,East,Bhubaneswar,Office,File Organizer,3,810,0.05,2308.5,919.84,1388.66,Cash on Delivery
ORD107179,2025-12-19,CUST-02528,Consumer,South,Hyderabad,Fashion,Women's Kurti,1,600,0.1,540.0,246.76,293.24,UPI
ORD107180,2025-12-19,CUST-01939,Corporate,South,Hyderabad,Fashion,Formal Shirt,5,1000,0.1,4500.0,1967.34,2532.66,Net Banking
ORD107181,2025-12-19,CUST-02802,Small Business,South,Coimbatore,Electronics,Bluetooth Speaker,2,2000,0.05,3800.0,2219.96,1580.04,Debit Card
ORD107182,2025-12-19,CUST-01758,Consumer,North,Chandigarh,Fashion,Handbag,2,4070,0.1,7326.0,3075.0,4251.0,UPI
ORD107183,2025-12-19,CUST-00671,Consumer,Central,Bhopal,Electronics,Laptop,1,85310,0.05,81044.5,74725.69,6318.81,EMI
ORD107184,2025-12-19,CUST-02921,Small Business,South,Kochi,Fashion,Running Shoes,3,1310,0.1,3537.0,1878.25,1658.75,Credit Card
ORD107185,2025-12-19,CUST-01593,Consumer,West,Ahmedabad,Electronics,Laptop,1,69340,0.05,65873.0,56682.86,9190.14,Debit Card
ORD107186,2025-12-19,CUST-02873,Corporate,West,Nagpur,Fashion,Men's T-Shirt,2,1710,0.1,3078.0,1190.8,1887.2,Cash on Delivery
ORD107187,2025-12-19,CUST-01212,Consumer,North,Lucknow,Fashion,Women's Kurti,1,910,0.1,819.0,329.06,489.94,Credit Card
ORD107188,2025-12-20,CUST-01026,Consumer,South,Kochi,Electronics,Smartwatch,1,2010,0.1,1809.0,1227.75,581.25,Cash on Delivery
ORD107189,2025-12-20,CUST-02451,Consumer,South,Hyderabad,Electronics,Smartwatch,2,3570,0.1,6426.0,4414.26,2011.74,Net Banking
ORD107190,2025-12-20,CUST-02034,Small Business,West,Ahmedabad,Fashion,Men's T-Shirt,1,820,0.15,697.0,302.44,394.56,Debit Card
ORD107191,2025-12-20,CUST-01375,Consumer,North,Dehradun,Home & Kitchen,Air Fryer,3,11120,0.15,28356.0,21819.53,6536.47,Credit Card
ORD107192,2025-12-20,CUST-02795,Consumer,North,Delhi,Fashion,Formal Shirt,2,710,0.15,1207.0,520.48,686.52,UPI
ORD107193,2025-12-20,CUST-01616,Small Business,South,Chennai,Office,Whiteboard,2,2220,0.1,3996.0,2269.9,1726.1,Debit Card
ORD107194,2025-12-20,CUST-00035,Consumer,West,Surat,Fashion,Winter Jacket,3,4000,0.15,10200.0,5704.17,4495.83,Cash on Delivery
ORD107195,2025-12-20,CUST-02228,Small Business,West,Surat,Home & Kitchen,Air Fryer,1,4960,0.15,4216.0,2842.61,1373.39,Cash on Delivery
ORD107196,2025-12-20,CUST-00202,Consumer,South,Coimbatore,Electronics,LED Television,2,55380,0.1,99684.0,90483.2,9200.8,UPI
ORD107197,2025-12-20,CUST-01527,Consumer,South,Coimbatore,Fashion,Wrist Watch,2,2460,0.15,4182.0,1844.28,2337.72,Cash on Delivery
ORD107198,2025-12-20,CUST-00612,Consumer,West,Pune,Electronics,Laptop,1,31500,0.1,28350.0,25594.78,2755.22,Debit Card
ORD107199,2025-12-20,CUST-00786,Corporate,West,Ahmedabad,Home & Kitchen,Mixer Grinder,3,4600,0.15,11730.0,7686.78,4043.22,Debit Card
ORD107200,2025-12-20,CUST-03131,Consumer,West,Nagpur,Home & Kitchen,Mixer Grinder,2,4450,0.15,7565.0,5287.03,2277.97,Credit Card
ORD107201,2025-12-20,CUST-00366,Small Business,Central,Gwalior,Home & Kitchen,Air Fryer,2,5110,0.1,9198.0,7144.61,2053.39,Credit Card
ORD107202,2025-12-20,CUST-02437,Consumer,West,Mumbai,Office,File Organizer,2,580,0.1,1044.0,464.53,579.47,UPI
ORD107203,2025-12-20,CUST-02041,Consumer,North,Dehradun,Electronics,Bluetooth Speaker,2,3930,0.15,6681.0,4794.52,1886.48,Cash on Delivery
ORD107204,2025-12-20,CUST-00622,Consumer,South,Hyderabad,Office,File Organizer,3,1180,0.1,3186.0,1708.06,1477.94,UPI
ORD107205,2025-12-20,CUST-02958,Small Business,North,Delhi,Office,Stationery Kit,3,720,0.1,1944.0,856.71,1087.29,UPI
ORD107206,2025-12-20,CUST-00652,Consumer,West,Pune,Office,Printer,2,7170,0.1,12906.0,10368.06,2537.94,Debit Card
ORD107207,2025-12-20,CUST-01614,Consumer,North,Lucknow,Office,Study Table,2,6030,0.1,10854.0,6620.39,4233.61,UPI
ORD107208,2025-12-20,CUST-02521,Consumer,West,Nagpur,Home & Kitchen,Air Fryer,4,8680,0.15,29512.0,19401.23,10110.77,Debit Card
ORD107209,2025-12-20,CUST-02448,Consumer,East,Patna,Fashion,Women's Kurti,3,2260,0.15,5763.0,3041.58,2721.42,Credit Card
ORD107210,2025-12-20,CUST-00985,Consumer,East,Bhubaneswar,Home & Kitchen,Microwave Oven,3,5840,0.15,14892.0,11832.47,3059.53,Credit Card
ORD107211,2025-12-20,CUST-02662,Consumer,South,Coimbatore,Electronics,Bluetooth Earbuds,1,6000,0.1,5400.0,3557.76,1842.24,UPI
ORD107212,2025-12-20,CUST-03063,Corporate,East,Patna,Fashion,Winter Jacket,3,1650,0.15,4207.5,1933.75,2273.75,Net Banking
ORD107213,2025-12-20,CUST-01495,Corporate,Central,Indore,Home & Kitchen,Air Fryer,1,3960,0.1,3564.0,2230.25,1333.75,Cash on Delivery
ORD107214,2025-12-20,CUST-02097,Consumer,West,Nagpur,Fashion,Handbag,3,1420,0.15,3621.0,1437.41,2183.59,Net Banking
ORD107215,2025-12-20,CUST-01122,Consumer,North,Jaipur,Fashion,Women's Kurti,2,880,0.15,1496.0,778.75,717.25,UPI
ORD107216,2025-12-20,CUST-01087,Small Business,West,Pune,Fashion,Wrist Watch,5,990,0.15,4207.5,1742.58,2464.92,Debit Card
ORD107217,2025-12-20,CUST-01484,Corporate,South,Chennai,Fashion,Men's T-Shirt,2,780,0.15,1326.0,648.92,677.08,Credit Card
ORD107218,2025-12-20,CUST-00633,Consumer,East,Kolkata,Home & Kitchen,Refrigerator,2,28140,0.15,47838.0,36900.43,10937.57,Credit Card
ORD107219,2025-12-20,CUST-02212,Small Business,Central,Indore,Electronics,Smartwatch,1,3490,0.1,3141.0,2080.67,1060.33,Net Banking
ORD107220,2025-12-20,CUST-00531,Consumer,East,Ranchi,Electronics,Tablet,2,9740,0.1,17532.0,16203.96,1328.04,Cash on Delivery
ORD107221,2025-12-20,CUST-00022,Corporate,North,Delhi,Office,Desk Lamp,4,1850,0.1,6660.0,3402.04,3257.96,Debit Card
ORD107222,2025-12-21,CUST-01375,Consumer,North,Dehradun,Electronics,Bluetooth Earbuds,2,5870,0.15,9979.0,7031.78,2947.22,Debit Card
ORD107223,2025-12-21,CUST-00258,Corporate,West,Nagpur,Home & Kitchen,Ceiling Fan,3,4110,0.15,10480.5,7277.2,3203.3,Debit Card
ORD107224,2025-12-21,CUST-01778,Consumer,Central,Indore,Office,Printer,1,10020,0.1,9018.0,7748.75,1269.25,Credit Card
ORD107225,2025-12-21,CUST-01631,Consumer,South,Hyderabad,Electronics,Smartwatch,1,13940,0.1,12546.0,8264.91,4281.09,EMI
ORD107226,2025-12-21,CUST-00440,Consumer,East,Patna,Home & Kitchen,Ceiling Fan,4,4050,0.15,13770.0,9145.89,4624.11,Debit Card
ORD107227,2025-12-21,CUST-00793,Small Business,East,Guwahati,Electronics,Power Bank,1,2920,0.1,2628.0,1587.2,1040.8,Debit Card
ORD107228,2025-12-21,CUST-00077,Consumer,Central,Gwalior,Electronics,Bluetooth Earbuds,2,6150,0.1,11070.0,7920.1,3149.9,Debit Card
ORD107229,2025-12-21,CUST-01884,Consumer,West,Mumbai,Fashion,Wrist Watch,3,5870,0.15,14968.5,9529.55,5438.95,Debit Card
ORD107230,2025-12-21,CUST-00950,Consumer,West,Pune,Fashion,Formal Shirt,4,700,0.15,2380.0,1253.53,1126.47,Net Banking
ORD107231,2025-12-21,CUST-02291,Consumer,East,Guwahati,Home & Kitchen,Washing Machine,3,50160,0.15,127908.0,94402.13,33505.87,Credit Card
ORD107232,2025-12-21,CUST-02011,Consumer,North,Chandigarh,Home & Kitchen,Refrigerator,2,68430,0.15,116331.0,85904.88,30426.12,EMI
ORD107233,2025-12-21,CUST-01148,Consumer,Central,Raipur,Electronics,Bluetooth Earbuds,1,3070,0.1,2763.0,2117.44,645.56,Credit Card
ORD107234,2025-12-21,CUST-00061,Consumer,East,Kolkata,Electronics,Power Bank,3,1760,0.1,4752.0,2755.86,1996.14,Cash on Delivery
ORD107235,2025-12-21,CUST-00986,Consumer,North,Chandigarh,Electronics,Laptop,2,84150,0.15,143055.0,135581.2,7473.8,UPI
ORD107236,2025-12-21,CUST-00990,Consumer,South,Coimbatore,Electronics,Smartphone,2,12850,0.1,23130.0,21084.13,2045.87,UPI
ORD107237,2025-12-21,CUST-01021,Corporate,North,Lucknow,Electronics,Laptop,2,49810,0.15,84677.0,83515.63,1161.37,EMI
ORD107238,2025-12-21,CUST-03026,Consumer,South,Chennai,Electronics,Tablet,3,22920,0.1,61884.0,52084.54,9799.46,Not Specified
ORD107239,2025-12-21,CUST-00526,Consumer,West,Nagpur,Home & Kitchen,Mixer Grinder,1,2560,0.15,2176.0,1492.68,683.32,Credit Card
ORD107240,2025-12-21,CUST-00901,Consumer,South,Coimbatore,Fashion,Formal Shirt,3,1860,0.15,4743.0,2376.39,2366.61,UPI
ORD107241,2025-12-21,CUST-02651,Consumer,Central,Gwalior,Fashion,Running Shoes,1,1840,0.15,1564.0,961.48,602.52,UPI
ORD107242,2025-12-21,CUST-02921,Small Business,South,Kochi,Home & Kitchen,Ceiling Fan,4,1330,0.1,4788.0,3174.19,1613.81,Cash on Delivery
ORD107243,2025-12-21,CUST-01475,Small Business,West,Ahmedabad,Electronics,Smartphone,3,18180,0.1,49086.0,45130.57,3955.43,UPI
ORD107244,2025-12-21,CUST-01694,Consumer,East,Kolkata,Home & Kitchen,Washing Machine,3,37820,0.15,96441.0,78102.99,18338.01,Credit Card
ORD107245,2025-12-21,CUST-00161,Corporate,South,Hyderabad,Home & Kitchen,Air Fryer,3,4110,0.1,11097.0,7806.21,3290.79,UPI
ORD107246,2025-12-21,CUST-02571,Consumer,West,Pune,Office,Laptop Bag,1,3090,0.1,2781.0,1395.1,1385.9,UPI
ORD107247,2025-12-21,CUST-01886,Consumer,Central,Indore,Office,Printer,3,6910,0.1,18657.0,14560.73,4096.27,Cash on Delivery
ORD107248,2025-12-21,CUST-01517,Consumer,West,Surat,Fashion,Men's T-Shirt,2,1170,0.15,1989.0,838.08,1150.92,UPI
ORD107249,2025-12-21,CUST-00950,Consumer,West,Pune,Electronics,Laptop,1,39300,0.1,35370.0,35150.81,219.19,Debit Card
ORD107250,2025-12-22,CUST-01391,Small Business,South,Coimbatore,Electronics,Tablet,2,13960,0.1,25128.0,22597.09,2530.91,Net Banking
ORD107251,2025-12-22,CUST-02363,Corporate,East,Bhubaneswar,Fashion,Formal Shirt,2,690,0.15,1173.0,449.79,723.21,UPI
ORD107252,2025-12-22,CUST-00276,Consumer,North,Jaipur,Fashion,Handbag,1,890,0.15,756.5,404.95,351.55,UPI
ORD107253,2025-12-22,CUST-01604,Consumer,West,Ahmedabad,Home & Kitchen,Refrigerator,5,28650,0.15,121762.5,104136.57,17625.93,Debit Card
ORD107254,2025-12-22,CUST-00108,Consumer,West,Pune,Electronics,Smartphone,1,17900,0.1,16110.0,14657.75,1452.25,UPI
ORD107255,2025-12-22,CUST-02473,Small Business,West,Nagpur,Electronics,LED Television,1,76670,0.1,69003.0,62909.77,6093.23,UPI
ORD107256,2025-12-22,CUST-00697,Consumer,West,Surat,Office,Printer,4,14280,0.1,51408.0,43106.07,8301.93,Cash on Delivery
ORD107257,2025-12-22,CUST-02859,Corporate,North,Delhi,Fashion,Wrist Watch,4,1670,0.15,5678.0,3596.84,2081.16,Net Banking
ORD107258,2025-12-22,CUST-01502,Consumer,North,Jaipur,Electronics,Laptop,3,57310,0.15,146140.5,150633.36,-4492.86,Credit Card
ORD107259,2025-12-22,CUST-01438,Consumer,West,Pune,Home & Kitchen,Pressure Cooker,4,2050,0.15,6970.0,5044.98,1925.02,UPI
ORD107260,2025-12-22,CUST-01109,Small Business,West,Pune,Fashion,Formal Shirt,5,690,0.15,2932.5,1369.64,1562.86,Cash on Delivery
ORD107261,2025-12-22,CUST-01615,Small Business,South,Kochi,Home & Kitchen,Refrigerator,3,58110,0.1,156897.0,113677.9,43219.1,UPI
ORD107262,2025-12-22,CUST-01026,Consumer,South,Kochi,Electronics,Smartwatch,3,10260,0.1,27702.0,21255.43,6446.57,UPI
ORD107263,2025-12-22,CUST-01107,Corporate,Central,Raipur,Fashion,Wrist Watch,2,970,0.15,1649.0,770.69,878.31,Debit Card
ORD107264,2025-12-22,CUST-00625,Small Business,Central,Raipur,Fashion,Formal Shirt,3,1860,0.15,4743.0,2310.39,2432.61,Net Banking
ORD107265,2025-12-22,CUST-01056,Consumer,East,Bhubaneswar,Fashion,Handbag,1,2980,0.15,2533.0,1007.41,1525.59,UPI
ORD107266,2025-12-22,CUST-02586,Consumer,West,Surat,Electronics,Tablet,2,23580,0.1,42444.0,36336.47,6107.53,UPI
ORD107267,2025-12-22,CUST-00792,Consumer,North,Jaipur,Electronics,Laptop,1,32570,0.15,27684.5,26951.73,732.77,UPI
ORD107268,2025-12-22,CUST-02614,Consumer,West,Nagpur,Office,Stationery Kit,1,690,0.1,621.0,344.07,276.93,EMI
ORD107269,2025-12-22,CUST-02734,Consumer,Central,Jabalpur,Home & Kitchen,Refrigerator,1,45600,0.1,41040.0,30956.64,10083.36,UPI
ORD107270,2025-12-22,CUST-02140,Consumer,North,Chandigarh,Electronics,LED Television,2,15630,0.15,26571.0,25745.09,825.91,EMI
ORD107271,2025-12-22,CUST-00098,Consumer,South,Kochi,Office,Stationery Kit,3,970,0.1,2619.0,1215.94,1403.06,UPI
ORD107272,2025-12-22,CUST-01773,Small Business,South,Coimbatore,Home & Kitchen,Refrigerator,2,21200,0.1,38160.0,29882.31,8277.69,Net Banking
ORD107273,2025-12-22,CUST-02653,Small Business,North,Chandigarh,Electronics,Bluetooth Earbuds,3,2950,0.15,7522.5,4996.91,2525.59,Debit Card
ORD107274,2025-12-22,CUST-01127,Consumer,North,Jaipur,Fashion,Running Shoes,3,5000,0.15,12750.0,7036.97,5713.03,Cash on Delivery
ORD107275,2025-12-22,CUST-00944,Consumer,Central,Raipur,Electronics,Bluetooth Earbuds,1,5110,0.1,4599.0,3470.99,1128.01,Cash on Delivery
ORD107276,2025-12-22,CUST-00987,Consumer,North,Dehradun,Electronics,Laptop,2,68980,0.15,117266.0,112040.59,5225.41,Credit Card
ORD107277,2025-12-23,CUST-01319,Consumer,Central,Indore,Office,Stationery Kit,1,490,0.1,441.0,218.48,222.52,Net Banking
ORD107278,2025-12-23,CUST-00237,Consumer,Central,Jabalpur,Fashion,Wrist Watch,5,4110,0.15,17467.5,9012.7,8454.8,Debit Card
ORD107279,2025-12-23,CUST-00782,Small Business,Central,Bhopal,Fashion,Handbag,1,1370,0.15,1164.5,518.91,645.59,UPI
ORD107280,2025-12-23,CUST-02078,Small Business,North,Chandigarh,Electronics,Laptop,2,50030,0.15,85051.0,89073.8,-4022.8,UPI
ORD107281,2025-12-23,CUST-01490,Small Business,South,Hyderabad,Fashion,Men's T-Shirt,5,580,0.15,2465.0,1124.47,1340.53,Net Banking
ORD107282,2025-12-23,CUST-00800,Consumer,East,Patna,Fashion,Women's Kurti,3,600,0.15,1530.0,671.18,858.82,UPI
ORD107283,2025-12-23,CUST-02941,Small Business,West,Surat,Home & Kitchen,Washing Machine,4,48140,0.15,163676.0,134056.88,29619.12,Net Banking
ORD107284,2025-12-23,CUST-00950,Consumer,West,Pune,Fashion,Handbag,4,3930,0.15,13362.0,5149.27,8212.73,Cash on Delivery
ORD107285,2025-12-23,CUST-00406,Consumer,Central,Raipur,Home & Kitchen,Washing Machine,1,29800,0.1,26820.0,19249.4,7570.6,Cash on Delivery
ORD107286,2025-12-23,CUST-00643,Consumer,West,Pune,Fashion,Formal Shirt,4,680,0.15,2312.0,936.12,1375.88,Not Specified
ORD107287,2025-12-23,CUST-00950,Consumer,West,Pune,Office,Stationery Kit,2,300,0.1,540.0,227.89,312.11,UPI
ORD107288,2025-12-23,CUST-01636,Consumer,West,Ahmedabad,Electronics,LED Television,2,39210,0.1,70578.0,64320.5,6257.5,EMI
ORD107289,2025-12-23,CUST-00220,Consumer,North,Lucknow,Home & Kitchen,Ceiling Fan,3,1680,0.15,4284.0,3399.48,884.52,UPI
ORD107290,2025-12-23,CUST-02718,Corporate,North,Lucknow,Electronics,LED Television,1,41170,0.15,34994.5,34952.89,41.61,Credit Card
ORD107291,2025-12-23,CUST-02790,Consumer,Central,Indore,Home & Kitchen,Refrigerator,3,69240,0.1,186948.0,153577.13,33370.87,UPI
ORD107292,2025-12-23,CUST-00984,Consumer,West,Surat,Home & Kitchen,Ceiling Fan,2,2230,0.15,3791.0,2679.76,1111.24,UPI
ORD107293,2025-12-23,CUST-02483,Consumer,North,Lucknow,Home & Kitchen,Water Purifier,1,17760,0.15,15096.0,11299.57,3796.43,UPI
ORD107294,2025-12-23,CUST-01900,Consumer,East,Bhubaneswar,Office,Study Table,1,5940,0.1,5346.0,3073.25,2272.75,Debit Card
ORD107295,2025-12-24,CUST-02683,Consumer,South,Hyderabad,Electronics,Tablet,2,9940,0.1,17892.0,16287.76,1604.24,UPI
ORD107296,2025-12-24,CUST-00926,Consumer,West,Mumbai,Office,File Organizer,2,600,0.1,1080.0,443.21,636.79,UPI
ORD107297,2025-12-24,CUST-01942,Consumer,West,Surat,Electronics,Laptop,2,70960,0.1,127728.0,114984.87,12743.13,UPI
ORD107298,2025-12-24,CUST-00247,Consumer,North,Dehradun,Electronics,Bluetooth Earbuds,3,2950,0.15,7522.5,5425.94,2096.56,Debit Card
ORD107299,2025-12-24,CUST-00035,Consumer,West,Surat,Electronics,Laptop,2,49280,0.1,88704.0,86339.29,2364.71,UPI
ORD107300,2025-12-24,CUST-02777,Consumer,North,Dehradun,Fashion,Wrist Watch,3,6040,0.15,15402.0,8930.54,6471.46,Net Banking
ORD107301,2025-12-24,CUST-00950,Consumer,West,Pune,Office,Study Table,2,10050,0.1,18090.0,10970.22,7119.78,Credit Card
ORD107302,2025-12-24,CUST-01397,Small Business,North,Dehradun,Electronics,Smartwatch,1,10120,0.15,8602.0,6599.42,2002.58,UPI
ORD107303,2025-12-24,CUST-00758,Consumer,West,Surat,Electronics,Tablet,2,23050,0.1,41490.0,38304.99,3185.01,Debit Card
ORD107304,2025-12-24,CUST-02785,Consumer,South,Chennai,Fashion,Men's T-Shirt,5,1200,0.15,5100.0,2478.14,2621.86,Not Specified
ORD107305,2025-12-24,CUST-01181,Consumer,West,Mumbai,Office,File Organizer,1,610,0.1,549.0,216.73,332.27,Cash on Delivery
ORD107306,2025-12-24,CUST-00561,Small Business,South,Coimbatore,Fashion,Handbag,2,3040,0.15,5168.0,2074.91,3093.09,Net Banking
ORD107307,2025-12-24,CUST-01939,Corporate,South,Hyderabad,Fashion,Formal Shirt,2,1410,0.15,2397.0,1214.26,1182.74,UPI
ORD107308,2025-12-24,CUST-00670,Corporate,West,Surat,Fashion,Men's T-Shirt,2,1690,0.15,2873.0,1328.49,1544.51,UPI
ORD107309,2025-12-24,CUST-00855,Corporate,South,Coimbatore,Office,Printer,1,20230,0.1,18207.0,15398.75,2808.25,Debit Card
ORD107310,2025-12-24,CUST-02164,Small Business,West,Pune,Office,File Organizer,2,820,0.1,1476.0,810.95,665.05,UPI
ORD107311,2025-12-24,CUST-03046,Consumer,South,Kochi,Office,Stationery Kit,2,720,0.1,1296.0,579.75,716.25,Debit Card
ORD107312,2025-12-25,CUST-02426,Consumer,South,Hyderabad,Fashion,Formal Shirt,5,1920,0.15,8160.0,3731.95,4428.05,Debit Card
ORD107313,2025-12-25,CUST-00395,Consumer,Central,Jabalpur,Office,Whiteboard,2,3280,0.1,5904.0,3350.59,2553.41,Net Banking
ORD107314,2025-12-25,CUST-00968,Small Business,West,Pune,Office,Office Chair,1,5910,0.1,5319.0,3122.18,2196.82,UPI
ORD107315,2025-12-25,CUST-02533,Consumer,South,Bengaluru,Home & Kitchen,Washing Machine,2,48780,0.1,87804.0,71201.95,16602.05,Cash on Delivery
ORD107316,2025-12-25,CUST-00922,Consumer,South,Kochi,Fashion,Women's Kurti,3,600,0.15,1530.0,832.17,697.83,UPI
ORD107317,2025-12-25,CUST-02380,Corporate,South,Bengaluru,Office,Whiteboard,1,3360,0.1,3024.0,1920.95,1103.05,UPI
ORD107318,2025-12-25,CUST-01488,Consumer,Central,Jabalpur,Electronics,Smartwatch,2,6940,0.1,12492.0,8473.42,4018.58,Cash on Delivery
ORD107319,2025-12-25,CUST-02814,Consumer,West,Pune,Electronics,Bluetooth Speaker,3,6080,0.1,16416.0,9158.16,7257.84,UPI
ORD107320,2025-12-25,CUST-01106,Consumer,South,Coimbatore,Electronics,Smartphone,1,33660,0.1,30294.0,28201.07,2092.93,Debit Card
ORD107321,2025-12-25,CUST-02954,Consumer,West,Pune,Office,Desk Lamp,2,1830,0.1,3294.0,1517.34,1776.66,UPI
ORD107322,2025-12-25,CUST-01261,Consumer,West,Mumbai,Electronics,Bluetooth Speaker,2,6090,0.1,10962.0,6711.03,4250.97,UPI
ORD107323,2025-12-25,CUST-02331,Consumer,West,Ahmedabad,Electronics,Bluetooth Speaker,1,3080,0.1,2772.0,1559.41,1212.59,Cash on Delivery
ORD107324,2025-12-25,CUST-00623,Consumer,East,Kolkata,Electronics,Tablet,1,9800,0.1,8820.0,7922.27,897.73,EMI
ORD107325,2025-12-25,CUST-01659,Corporate,West,Mumbai,Office,Office Chair,1,15040,0.1,13536.0,8500.81,5035.19,UPI
ORD107326,2025-12-25,CUST-00959,Consumer,Central,Gwalior,Fashion,Formal Shirt,2,690,0.15,1173.0,606.89,566.11,Net Banking
ORD107327,2025-12-25,CUST-00035,Consumer,West,Surat,Fashion,Winter Jacket,2,2280,0.15,3876.0,1838.73,2037.27,EMI
ORD107328,2025-12-25,CUST-01365,Consumer,North,Dehradun,Home & Kitchen,Refrigerator,4,45350,0.15,154190.0,118368.92,35821.08,Cash on Delivery
ORD107329,2025-12-25,CUST-00543,Consumer,West,Nagpur,Electronics,Bluetooth Speaker,1,1330,0.1,1197.0,682.28,514.72,Debit Card
ORD107330,2025-12-25,CUST-03041,Consumer,Central,Bhopal,Fashion,Running Shoes,3,2570,0.15,6553.5,3052.18,3501.32,UPI
ORD107331,2025-12-25,CUST-02571,Consumer,West,Pune,Office,Printer,4,13820,0.1,49752.0,41212.38,8539.62,Debit Card
ORD107332,2025-12-25,CUST-02377,Consumer,North,Chandigarh,Office,Whiteboard,1,2250,0.1,2025.0,1156.86,868.14,Net Banking
ORD107333,2025-12-25,CUST-01426,Small Business,West,Ahmedabad,Electronics,Laptop,1,50310,0.1,45279.0,44173.45,1105.55,UPI
ORD107334,2025-12-25,CUST-00849,Consumer,West,Nagpur,Fashion,Running Shoes,2,2440,0.15,4148.0,2004.29,2143.71,Not Specified
ORD107335,2025-12-25,CUST-00989,Corporate,South,Coimbatore,Fashion,Running Shoes,2,1300,0.15,2210.0,1027.85,1182.15,Cash on Delivery
ORD107336,2025-12-25,CUST-00665,Corporate,West,Surat,Home & Kitchen,Water Purifier,4,11150,0.15,37910.0,27252.92,10657.08,UPI
ORD107337,2025-12-25,CUST-01747,Consumer,West,Pune,Electronics,Bluetooth Earbuds,1,2930,0.1,2637.0,1899.08,737.92,UPI
ORD107338,2025-12-25,CUST-02584,Corporate,South,Hyderabad,Electronics,Bluetooth Earbuds,2,1980,0.1,3564.0,2304.54,1259.46,EMI
ORD107339,2025-12-25,CUST-00597,Corporate,West,Nagpur,Electronics,Laptop,2,32540,0.1,58572.0,58451.48,120.52,Credit Card
ORD107340,2025-12-25,CUST-00022,Corporate,North,Delhi,Fashion,Handbag,5,2010,0.15,8542.5,3611.37,4931.13,Cash on Delivery
ORD107341,2025-12-25,CUST-00396,Corporate,South,Chennai,Fashion,Formal Shirt,2,720,0.15,1224.0,591.25,632.75,Not Specified
ORD107342,2025-12-25,CUST-01447,Consumer,North,Jaipur,Fashion,Winter Jacket,3,2260,0.15,5763.0,3690.58,2072.42,EMI
ORD107343,2025-12-26,CUST-00049,Consumer,North,Delhi,Home & Kitchen,Water Purifier,4,7890,0.15,26826.0,19134.62,7691.38,UPI
ORD107344,2025-12-26,CUST-01245,Corporate,South,Kochi,Fashion,Formal Shirt,2,1920,0.15,3264.0,1416.72,1847.28,Credit Card
ORD107345,2025-12-26,CUST-00365,Small Business,East,Patna,Fashion,Formal Shirt,5,1010,0.15,4292.5,1826.61,2465.89,Credit Card
ORD107346,2025-12-26,CUST-00358,Corporate,West,Nagpur,Electronics,Smartphone,2,8970,0.1,16146.0,14014.4,2131.6,Credit Card
ORD107347,2025-12-26,CUST-02290,Small Business,East,Kolkata,Electronics,Smartwatch,1,3460,0.1,3114.0,2213.34,900.66,Net Banking
ORD107348,2025-12-26,CUST-03199,Consumer,South,Chennai,Fashion,Winter Jacket,3,5020,0.15,12801.0,6881.12,5919.88,Cash on Delivery
ORD107349,2025-12-26,CUST-00622,Consumer,South,Hyderabad,Fashion,Handbag,4,2000,0.15,6800.0,3648.91,3151.09,Net Banking
ORD107350,2025-12-26,CUST-00754,Consumer,North,Chandigarh,Office,File Organizer,1,400,0.1,360.0,163.38,196.62,UPI
ORD107351,2025-12-26,CUST-00950,Consumer,West,Pune,Home & Kitchen,Pressure Cooker,2,2810,0.15,4777.0,3145.16,1631.84,Credit Card
ORD107352,2025-12-26,CUST-02503,Consumer,Central,Gwalior,Office,Printer,4,20110,0.1,72396.0,56483.94,15912.06,UPI
ORD107353,2025-12-26,CUST-01602,Consumer,West,Pune,Fashion,Women's Kurti,2,600,0.15,1020.0,435.43,584.57,UPI
ORD107354,2025-12-26,CUST-01811,Corporate,North,Delhi,Home & Kitchen,Pressure Cooker,5,3480,0.15,14790.0,8802.79,5987.21,UPI
ORD107355,2025-12-26,CUST-01724,Corporate,Central,Raipur,Home & Kitchen,Mixer Grinder,3,1830,0.1,4941.0,3408.14,1532.86,UPI
ORD107356,2025-12-26,CUST-02964,Consumer,North,Dehradun,Office,Office Chair,2,20340,0.1,36612.0,25684.26,10927.74,Credit Card
ORD107357,2025-12-26,CUST-00108,Consumer,West,Pune,Office,Whiteboard,3,1000,0.1,2700.0,1510.1,1189.9,Debit Card
ORD107358,2025-12-26,CUST-00504,Small Business,South,Kochi,Electronics,Laptop,3,69660,0.1,188082.0,177009.92,11072.08,Cash on Delivery
ORD107359,2025-12-26,CUST-01174,Corporate,East,Patna,Office,Laptop Bag,4,1710,0.1,6156.0,3565.22,2590.78,UPI
ORD107360,2025-12-26,CUST-01544,Consumer,North,Dehradun,Fashion,Formal Shirt,2,980,0.15,1666.0,630.05,1035.95,Cash on Delivery
ORD107361,2025-12-26,CUST-00366,Small Business,Central,Gwalior,Office,File Organizer,1,590,0.1,531.0,276.43,254.57,Net Banking
ORD107362,2025-12-26,CUST-02842,Consumer,West,Pune,Home & Kitchen,Washing Machine,2,49850,0.15,84745.0,60334.53,24410.47,EMI
ORD107363,2025-12-26,CUST-02187,Consumer,East,Kolkata,Home & Kitchen,Water Purifier,3,7950,0.15,20272.5,16652.49,3620.01,UPI
ORD107364,2025-12-26,CUST-02946,Consumer,East,Guwahati,Home & Kitchen,Mixer Grinder,1,1810,0.15,1538.5,1020.8,517.7,Not Specified
ORD107365,2025-12-26,CUST-02983,Small Business,South,Hyderabad,Fashion,Formal Shirt,2,980,0.15,1666.0,779.76,886.24,Debit Card
ORD107366,2025-12-27,CUST-01608,Corporate,West,Pune,Home & Kitchen,Air Fryer,3,5040,0.15,12852.0,9911.53,2940.47,EMI
ORD107367,2025-12-27,CUST-02713,Consumer,South,Bengaluru,Office,Stationery Kit,4,1010,0.1,3636.0,1584.51,2051.49,UPI
ORD107368,2025-12-27,CUST-02368,Consumer,East,Guwahati,Home & Kitchen,Water Purifier,5,11040,0.15,46920.0,35565.27,11354.73,UPI
ORD107369,2025-12-27,CUST-01110,Corporate,West,Surat,Office,File Organizer,4,780,0.1,2808.0,1370.82,1437.18,Cash on Delivery
ORD107370,2025-12-27,CUST-02105,Consumer,North,Lucknow,Home & Kitchen,Water Purifier,2,11270,0.15,19159.0,14619.5,4539.5,Credit Card
ORD107371,2025-12-27,CUST-03024,Small Business,East,Patna,Home & Kitchen,Water Purifier,5,10780,0.15,45815.0,35279.11,10535.89,Debit Card
ORD107372,2025-12-27,CUST-02450,Consumer,South,Chennai,Electronics,Bluetooth Earbuds,3,6130,0.1,16551.0,12133.59,4417.41,UPI
ORD107373,2025-12-27,CUST-02280,Consumer,East,Kolkata,Electronics,Laptop,1,32360,0.1,29124.0,28824.95,299.05,Debit Card
ORD107374,2025-12-27,CUST-00725,Corporate,West,Pune,Electronics,Bluetooth Earbuds,1,1960,0.1,1764.0,1240.69,523.31,EMI
ORD107375,2025-12-27,CUST-02648,Consumer,West,Ahmedabad,Office,Study Table,1,5890,0.1,5301.0,3547.01,1753.99,Debit Card
ORD107376,2025-12-27,CUST-01198,Consumer,North,Dehradun,Electronics,LED Television,3,75390,0.15,192244.5,188237.36,4007.14,Credit Card
ORD107377,2025-12-27,CUST-01987,Consumer,West,Mumbai,Home & Kitchen,Pressure Cooker,5,3590,0.15,15257.5,9060.69,6196.81,UPI
ORD107378,2025-12-27,CUST-02187,Consumer,East,Kolkata,Home & Kitchen,Air Fryer,3,4040,0.15,10302.0,6829.47,3472.53,UPI
ORD107379,2025-12-27,CUST-01614,Consumer,North,Lucknow,Fashion,Wrist Watch,5,6010,0.15,25542.5,16378.43,9164.07,Not Specified
ORD107380,2025-12-27,CUST-00531,Consumer,East,Ranchi,Fashion,Running Shoes,2,1810,0.15,3077.0,1522.5,1554.5,Credit Card
ORD107381,2025-12-27,CUST-02239,Consumer,North,Chandigarh,Fashion,Running Shoes,5,1330,0.15,5652.5,3352.66,2299.84,UPI
ORD107382,2025-12-27,CUST-00800,Consumer,East,Patna,Fashion,Running Shoes,3,1300,0.15,3315.0,1745.57,1569.43,UPI
ORD107383,2025-12-27,CUST-00879,Consumer,East,Kolkata,Office,File Organizer,1,400,0.1,360.0,181.25,178.75,Debit Card
ORD107384,2025-12-27,CUST-00397,Corporate,North,Delhi,Electronics,Bluetooth Speaker,3,6040,0.15,15402.0,10986.9,4415.1,UPI
ORD107385,2025-12-27,CUST-01975,Corporate,West,Surat,Fashion,Handbag,4,1990,0.15,6766.0,3435.97,3330.03,Credit Card
ORD107386,2025-12-27,CUST-00384,Consumer,South,Kochi,Home & Kitchen,Ceiling Fan,4,4080,0.1,14688.0,10046.08,4641.92,Cash on Delivery
ORD107387,2025-12-28,CUST-01056,Consumer,East,Bhubaneswar,Fashion,Handbag,5,920,0.15,3910.0,1602.61,2307.39,Credit Card
ORD107388,2025-12-28,CUST-02833,Corporate,East,Patna,Office,Laptop Bag,1,1170,0.1,1053.0,620.07,432.93,Credit Card
ORD107389,2025-12-28,CUST-01426,Small Business,West,Ahmedabad,Electronics,Smartphone,1,18100,0.1,16290.0,14876.09,1413.91,UPI
ORD107390,2025-12-28,CUST-02846,Small Business,South,Hyderabad,Fashion,Women's Kurti,1,1790,0.15,1521.5,763.23,758.27,Debit Card
ORD107391,2025-12-28,CUST-01561,Corporate,West,Surat,Electronics,LED Television,1,16390,0.1,14751.0,12552.54,2198.46,Cash on Delivery
ORD107392,2025-12-28,CUST-00559,Small Business,West,Surat,Fashion,Winter Jacket,2,3950,0.15,6715.0,3242.52,3472.48,Net Banking
ORD107393,2025-12-28,CUST-02442,Consumer,East,Kolkata,Electronics,Tablet,1,28140,0.1,25326.0,23418.52,1907.48,Cash on Delivery
ORD107394,2025-12-28,CUST-01086,Small Business,West,Pune,Fashion,Women's Kurti,5,610,0.15,2592.5,996.84,1595.66,UPI
ORD107395,2025-12-28,CUST-03074,Consumer,East,Guwahati,Electronics,Laptop,3,32240,0.1,87048.0,80675.51,6372.49,Net Banking
ORD107396,2025-12-28,CUST-00862,Not Specified,East,Kolkata,Home & Kitchen,Mixer Grinder,1,2450,0.15,2082.5,1461.03,621.47,UPI
ORD107397,2025-12-28,CUST-02614,Consumer,West,Nagpur,Fashion,Women's Kurti,2,910,0.15,1547.0,654.03,892.97,Debit Card
ORD107398,2025-12-28,CUST-01566,Consumer,South,Hyderabad,Home & Kitchen,Pressure Cooker,3,2790,0.1,7533.0,4443.33,3089.67,UPI
ORD107399,2025-12-28,CUST-02670,Corporate,South,Chennai,Electronics,Smartwatch,1,7070,0.1,6363.0,4727.37,1635.63,Credit Card
ORD107400,2025-12-28,CUST-00581,Small Business,East,Ranchi,Office,Office Chair,4,8070,0.1,29052.0,16867.29,12184.71,Credit Card
ORD107401,2025-12-28,CUST-02031,Consumer,West,Pune,Office,Stationery Kit,1,700,0.1,630.0,279.9,350.1,Net Banking
ORD107402,2025-12-28,CUST-00366,Small Business,Central,Gwalior,Electronics,Laptop,2,48310,0.1,86958.0,81231.02,5726.98,UPI
ORD107403,2025-12-28,CUST-02561,Consumer,West,Pune,Fashion,Running Shoes,2,3590,0.15,6103.0,3274.52,2828.48,UPI
ORD107404,2025-12-28,CUST-00773,Corporate,North,Lucknow,Electronics,Bluetooth Earbuds,1,4880,0.15,4148.0,3378.5,769.5,UPI
ORD107405,2025-12-28,CUST-01331,Small Business,East,Ranchi,Office,Laptop Bag,2,790,0.1,1422.0,827.64,594.36,Credit Card
ORD107406,2025-12-28,CUST-02103,Consumer,East,Ranchi,Electronics,Power Bank,1,2340,0.1,2106.0,1303.78,802.22,UPI
ORD107407,2025-12-28,CUST-01513,Small Business,West,Ahmedabad,Electronics,Smartwatch,1,2060,0.1,1854.0,1187.21,666.79,Cash on Delivery
ORD107408,2025-12-29,CUST-02494,Consumer,West,Ahmedabad,Electronics,Bluetooth Earbuds,2,3040,0.1,5472.0,3526.09,1945.91,UPI
ORD107409,2025-12-29,CUST-02207,Consumer,Central,Jabalpur,Fashion,Women's Kurti,2,880,0.15,1496.0,612.67,883.33,Cash on Delivery
ORD107410,2025-12-29,CUST-00409,Small Business,Central,Jabalpur,Fashion,Winter Jacket,2,4930,0.15,8381.0,4460.35,3920.65,UPI
ORD107411,2025-12-29,CUST-02476,Consumer,North,Chandigarh,Fashion,Running Shoes,2,5040,0.15,8568.0,4073.7,4494.3,Cash on Delivery
ORD107412,2025-12-29,CUST-01320,Consumer,South,Kochi,Office,Printer,4,9950,0.1,35820.0,28037.83,7782.17,Debit Card
ORD107413,2025-12-29,CUST-01894,Small Business,West,Nagpur,Electronics,Tablet,3,22970,0.1,62019.0,54148.53,7870.47,Net Banking
ORD107414,2025-12-29,CUST-00708,Small Business,West,Nagpur,Home & Kitchen,Washing Machine,1,24160,0.15,20536.0,15993.1,4542.9,UPI
ORD107415,2025-12-29,CUST-01319,Consumer,Central,Indore,Office,Desk Lamp,4,1760,0.1,6336.0,3042.93,3293.07,UPI
ORD107416,2025-12-29,CUST-02606,Consumer,North,Delhi,Office,Study Table,4,12920,0.1,46512.0,26000.02,20511.98,Credit Card
ORD107417,2025-12-29,CUST-02924,Consumer,West,Mumbai,Electronics,Bluetooth Speaker,3,5890,0.1,15903.0,11311.26,4591.74,Net Banking
ORD107418,2025-12-29,CUST-02972,Small Business,North,Dehradun,Office,Printer,1,10010,0.1,9009.0,6956.72,2052.28,Debit Card
ORD107419,2025-12-29,CUST-02251,Corporate,North,Lucknow,Electronics,Laptop,1,57660,0.15,49011.0,49526.54,-515.54,UPI
ORD107420,2025-12-29,CUST-00270,Consumer,North,Jaipur,Electronics,Smartphone,3,12720,0.15,32436.0,29904.24,2531.76,Debit Card
ORD107421,2025-12-29,CUST-01385,Consumer,South,Hyderabad,Home & Kitchen,Ceiling Fan,2,1700,0.1,3060.0,1947.81,1112.19,UPI
ORD107422,2025-12-29,CUST-00618,Consumer,West,Pune,Home & Kitchen,Refrigerator,1,46250,0.15,39312.5,29978.12,9334.38,Net Banking
ORD107423,2025-12-29,CUST-02239,Consumer,North,Chandigarh,Fashion,Winter Jacket,2,2310,0.15,3927.0,2151.65,1775.35,Cash on Delivery
ORD107424,2025-12-29,CUST-00516,Consumer,South,Chennai,Office,Printer,2,10200,0.1,18360.0,15643.9,2716.1,Debit Card
ORD107425,2025-12-29,CUST-03121,Consumer,West,Surat,Fashion,Winter Jacket,3,3910,0.15,9970.5,4868.36,5102.14,Credit Card
ORD107426,2025-12-29,CUST-00622,Consumer,South,Hyderabad,Office,Desk Lamp,1,880,0.1,792.0,396.79,395.21,EMI
ORD107427,2025-12-29,CUST-00161,Corporate,South,Hyderabad,Fashion,Formal Shirt,3,720,0.15,1836.0,999.14,836.86,Cash on Delivery
ORD107428,2025-12-29,CUST-02677,Small Business,South,Kochi,Home & Kitchen,Mixer Grinder,4,2540,0.1,9144.0,6067.43,3076.57,Credit Card
ORD107429,2025-12-29,CUST-00657,Consumer,North,Dehradun,Office,Stationery Kit,1,310,0.1,279.0,141.52,137.48,UPI
ORD107430,2025-12-29,CUST-00075,Consumer,North,Jaipur,Fashion,Formal Shirt,2,990,0.15,1683.0,690.94,992.06,Credit Card
ORD107431,2025-12-29,CUST-01732,Small Business,East,Kolkata,Electronics,Smartphone,1,44100,0.1,39690.0,36894.34,2795.66,Cash on Delivery
ORD107432,2025-12-29,CUST-03080,Consumer,West,Pune,Home & Kitchen,Mixer Grinder,5,2550,0.15,10837.5,7884.88,2952.62,UPI
ORD107433,2025-12-29,CUST-00887,Small Business,West,Nagpur,Electronics,LED Television,1,53630,0.1,48267.0,45001.31,3265.69,Net Banking
ORD107434,2025-12-29,CUST-01265,Consumer,Central,Bhopal,Electronics,Bluetooth Speaker,1,2000,0.1,1800.0,1166.44,633.56,UPI
ORD107435,2025-12-29,CUST-00782,Small Business,Central,Bhopal,Fashion,Running Shoes,5,1300,0.15,5525.0,3437.21,2087.79,Credit Card
ORD107436,2025-12-29,CUST-01767,Consumer,East,Ranchi,Fashion,Winter Jacket,2,3040,0.15,5168.0,2340.96,2827.04,Credit Card
ORD107437,2025-12-29,CUST-00988,Consumer,North,Dehradun,Home & Kitchen,Microwave Oven,2,6020,0.15,10234.0,7548.63,2685.37,Not Specified
ORD107438,2025-12-30,CUST-01876,Corporate,East,Patna,Fashion,Running Shoes,1,2530,0.15,2150.5,987.67,1162.83,Credit Card
ORD107439,2025-12-30,CUST-01512,Small Business,North,Chandigarh,Fashion,Winter Jacket,5,2330,0.15,9902.5,6318.15,3584.35,Credit Card
ORD107440,2025-12-30,CUST-02934,Consumer,North,Dehradun,Home & Kitchen,Air Fryer,2,10690,0.15,18173.0,13286.16,4886.84,EMI
ORD107441,2025-12-30,CUST-02155,Consumer,East,Guwahati,Electronics,Bluetooth Speaker,1,3900,0.1,3510.0,1982.76,1527.24,UPI
ORD107442,2025-12-30,CUST-02193,Consumer,West,Mumbai,Fashion,Formal Shirt,2,680,0.15,1156.0,571.56,584.44,UPI
ORD107443,2025-12-30,CUST-01544,Consumer,North,Dehradun,Fashion,Formal Shirt,3,990,0.15,2524.5,1039.98,1484.52,Debit Card
ORD107444,2025-12-30,CUST-00950,Consumer,West,Pune,Home & Kitchen,Ceiling Fan,1,1700,0.15,1445.0,1107.79,337.21,Debit Card
ORD107445,2025-12-30,CUST-00970,Small Business,West,Mumbai,Fashion,Men's T-Shirt,3,410,0.15,1045.5,472.67,572.83,Credit Card
ORD107446,2025-12-30,CUST-01602,Consumer,West,Pune,Fashion,Women's Kurti,2,610,0.15,1037.0,452.74,584.26,Cash on Delivery
ORD107447,2025-12-30,CUST-00611,Consumer,West,Surat,Fashion,Denim Jeans,2,1420,0.15,2414.0,1405.95,1008.05,Cash on Delivery
ORD107448,2025-12-30,CUST-00418,Consumer,North,Chandigarh,Fashion,Formal Shirt,3,1900,0.15,4845.0,2330.66,2514.34,UPI
ORD107449,2025-12-30,CUST-01148,Consumer,Central,Raipur,Electronics,Smartwatch,2,6840,0.1,12312.0,8365.83,3946.17,Cash on Delivery
ORD107450,2025-12-30,CUST-00409,Small Business,Central,Jabalpur,Office,Printer,3,5130,0.1,13851.0,10746.03,3104.97,Net Banking
ORD107451,2025-12-30,CUST-00754,Consumer,North,Chandigarh,Electronics,Smartwatch,2,10120,0.15,17204.0,13067.41,4136.59,Cash on Delivery
ORD107452,2025-12-30,CUST-01677,Consumer,West,Ahmedabad,Office,Study Table,2,8010,0.1,14418.0,9484.2,4933.8,Credit Card
ORD107453,2025-12-30,CUST-02520,Small Business,West,Nagpur,Electronics,Smartwatch,1,5020,0.1,4518.0,3363.5,1154.5,UPI
ORD107454,2025-12-30,CUST-00739,Corporate,North,Delhi,Fashion,Winter Jacket,2,4970,0.15,8449.0,5212.83,3236.17,UPI
ORD107455,2025-12-30,CUST-02527,Corporate,South,Bengaluru,Home & Kitchen,Refrigerator,3,46190,0.1,124713.0,99853.57,24859.43,Net Banking
ORD107456,2025-12-30,CUST-00047,Corporate,East,Kolkata,Home & Kitchen,Water Purifier,2,5880,0.15,9996.0,7578.43,2417.57,Debit Card
ORD107457,2025-12-30,CUST-03195,Small Business,West,Nagpur,Electronics,Smartphone,3,17840,0.1,48168.0,42918.6,5249.4,Net Banking
ORD107458,2025-12-30,CUST-01618,Consumer,Central,Jabalpur,Home & Kitchen,Mixer Grinder,3,1830,0.1,4941.0,3155.16,1785.84,Net Banking
ORD107459,2025-12-30,CUST-01501,Consumer,West,Surat,Fashion,Men's T-Shirt,3,2350,0.15,5992.5,2209.69,3782.81,Credit Card
ORD107460,2025-12-30,CUST-02091,Consumer,South,Coimbatore,Office,Office Chair,4,10880,0.1,39168.0,28273.11,10894.89,UPI
ORD107461,2025-12-30,CUST-01499,Small Business,North,Lucknow,Electronics,Bluetooth Speaker,1,1310,0.15,1113.5,716.73,396.77,Net Banking
ORD107462,2025-12-30,CUST-01261,Consumer,West,Mumbai,Fashion,Formal Shirt,2,1380,0.15,2346.0,1173.81,1172.19,EMI
ORD107463,2025-12-30,CUST-01147,Consumer,West,Nagpur,Fashion,Formal Shirt,4,1010,0.15,3434.0,1780.82,1653.18,Debit Card
ORD107464,2025-12-30,CUST-03122,Consumer,South,Coimbatore,Electronics,Smartphone,2,13160,0.1,23688.0,22186.57,1501.43,Not Specified
ORD107465,2025-12-30,CUST-02736,Small Business,Central,Bhopal,Electronics,Tablet,2,10080,0.1,18144.0,15978.76,2165.24,UPI
ORD107466,2025-12-30,CUST-01594,Consumer,West,Ahmedabad,Home & Kitchen,Microwave Oven,2,12970,0.15,22049.0,17060.35,4988.65,UPI
ORD107467,2025-12-30,CUST-02662,Consumer,South,Coimbatore,Home & Kitchen,Refrigerator,1,27230,0.1,24507.0,19778.95,4728.05,Cash on Delivery
ORD107468,2025-12-30,CUST-00476,Corporate,West,Pune,Office,Desk Lamp,4,1290,0.1,4644.0,2366.16,2277.84,UPI
ORD107469,2025-12-30,CUST-01659,Corporate,West,Mumbai,Home & Kitchen,Refrigerator,4,34940,0.15,118796.0,92236.01,26559.99,Debit Card
ORD107470,2025-12-31,CUST-01414,Corporate,West,Mumbai,Home & Kitchen,Water Purifier,3,11280,0.15,28764.0,20292.14,8471.86,UPI
ORD107471,2025-12-31,CUST-00990,Consumer,South,Coimbatore,Electronics,Bluetooth Earbuds,1,3060,0.1,2754.0,1769.78,984.22,Credit Card
ORD107472,2025-12-31,CUST-02906,Consumer,West,Nagpur,Fashion,Formal Shirt,5,1910,0.15,8117.5,3304.7,4812.8,Net Banking
ORD107473,2025-12-31,CUST-02651,Consumer,Central,Gwalior,Home & Kitchen,Refrigerator,1,20750,0.1,18675.0,13598.73,5076.27,Credit Card
ORD107474,2025-12-31,CUST-02868,Consumer,South,Kochi,Electronics,Tablet,2,17640,0.1,31752.0,27915.15,3836.85,Net Banking
ORD107475,2025-12-31,CUST-02037,Consumer,South,Bengaluru,Home & Kitchen,Ceiling Fan,5,1330,0.1,5985.0,4195.73,1789.27,Debit Card
ORD107476,2025-12-31,CUST-01154,Consumer,South,Bengaluru,Fashion,Handbag,3,4070,0.15,10378.5,4242.57,6135.93,Net Banking
ORD107477,2025-12-31,CUST-02431,Consumer,South,Kochi,Fashion,Women's Kurti,4,2360,0.15,8024.0,3028.18,4995.82,Credit Card
ORD107478,2025-12-31,CUST-00361,Consumer,South,Hyderabad,Office,Laptop Bag,3,1660,0.1,4482.0,2145.38,2336.62,Credit Card
ORD107479,2025-12-31,CUST-02714,Corporate,West,Pune,Office,Desk Lamp,4,900,0.1,3240.0,1524.75,1715.25,Credit Card
ORD107480,2025-12-31,CUST-00098,Consumer,South,Kochi,Electronics,Laptop,2,71100,0.1,127980.0,122408.26,5571.74,UPI
ORD107481,2025-12-31,CUST-02607,Corporate,South,Kochi,Fashion,Denim Jeans,5,1950,0.15,8287.5,4455.04,3832.46,Cash on Delivery
ORD107482,2025-12-31,CUST-02264,Corporate,West,Nagpur,Home & Kitchen,Washing Machine,5,38580,0.15,163965.0,143635.94,20329.06,Credit Card
ORD107483,2025-12-31,CUST-00308,Corporate,West,Mumbai,Electronics,Laptop,1,85830,0.1,77247.0,74369.57,2877.43,Credit Card
ORD107484,2025-12-31,CUST-00474,Consumer,West,Mumbai,Fashion,Winter Jacket,3,4050,0.15,10327.5,5041.61,5285.89,UPI
ORD107485,2025-12-31,CUST-01422,Consumer,South,Hyderabad,Home & Kitchen,Washing Machine,2,30780,0.1,55404.0,40031.78,15372.22,Debit Card
ORD107486,2025-12-31,CUST-00950,Consumer,West,Pune,Fashion,Men's T-Shirt,3,790,0.15,2014.5,841.31,1173.19,UPI
ORD107487,2025-12-31,CUST-02753,Consumer,West,Nagpur,Electronics,LED Television,2,15940,0.1,28692.0,26692.9,1999.1,UPI
ORD107488,2025-12-31,CUST-00617,Consumer,East,Patna,Electronics,Smartphone,1,33360,0.1,30024.0,26844.29,3179.71,UPI
ORD107489,2025-12-31,CUST-01296,Consumer,South,Coimbatore,Office,Office Chair,4,8230,0.1,29628.0,17182.95,12445.05,Debit Card
ORD107490,2025-12-31,CUST-00854,Consumer,Central,Jabalpur,Fashion,Running Shoes,5,3440,0.15,14620.0,6867.14,7752.86,Credit Card
ORD107491,2025-12-31,CUST-00397,Corporate,North,Delhi,Office,Office Chair,1,15080,0.1,13572.0,7986.83,5585.17,UPI
ORD107492,2025-12-31,CUST-00852,Consumer,West,Pune,Home & Kitchen,Mixer Grinder,2,2540,0.15,4318.0,2860.09,1457.91,Net Banking
ORD107493,2025-12-31,CUST-02731,Small Business,North,Chandigarh,Home & Kitchen,Mixer Grinder,5,6070,0.15,25797.5,16743.1,9054.4,Cash on Delivery
ORD107494,2025-12-31,CUST-02297,Corporate,North,Delhi,Fashion,Denim Jeans,5,1020,0.15,4335.0,2549.73,1785.27,Credit Card
ORD107495,2025-12-31,CUST-02896,Small Business,South,Chennai,Home & Kitchen,Water Purifier,3,13990,0.1,37773.0,24178.34,13594.66,Credit Card
ORD107496,2025-12-31,CUST-01250,Consumer,South,Chennai,Electronics,Bluetooth Speaker,1,2040,0.1,1836.0,1272.91,563.09,UPI
ORD107497,2025-12-31,CUST-00784,Consumer,East,Bhubaneswar,Fashion,Running Shoes,4,3580,0.15,12172.0,5502.83,6669.17,Net Banking
ORD107498,2025-12-31,CUST-00086,Corporate,East,Bhubaneswar,Office,Office Chair,4,4380,0.1,15768.0,9382.46,6385.54,UPI
ORD107499,2025-12-31,CUST-01574,Consumer,West,Ahmedabad,Home & Kitchen,Washing Machine,2,38500,0.15,65450.0,52149.05,13300.95,Credit Card
